CID,fruity,sweet,green,earthy,savoury,spices,artificial,sharp,general
4,0,0,0,0,1,0,0,0,0
58,0,1,0,0,1,0,0,0,0
98,0,0,0,0,1,0,0,0,1
101,0,1,0,0,0,0,1,0,1
107,0,1,0,0,1,0,0,0,0
125,1,1,0,1,0,0,1,0,0
126,0,0,0,1,1,0,1,0,0
129,1,0,0,1,1,1,0,0,0
135,0,0,0,0,0,0,0,0,1
176,1,0,0,0,0,0,0,1,0
177,0,0,0,1,0,0,0,1,0
179,0,1,0,0,0,0,0,0,0
180,0,0,0,0,0,0,1,0,0
196,0,0,0,0,0,0,0,0,1
205,0,1,0,0,0,0,0,0,0
240,0,0,0,1,0,0,0,0,0
243,0,0,0,0,1,0,0,0,0
244,1,1,0,1,0,0,0,0,0
261,1,0,1,1,1,0,0,0,0
263,0,0,0,0,0,0,1,1,0
264,1,1,0,0,1,0,0,0,0
284,0,0,0,0,0,0,0,1,0
289,0,0,0,0,0,0,1,1,0
311,0,0,0,0,0,0,0,0,1
325,0,0,0,0,0,0,0,0,1
326,0,0,1,0,0,1,0,1,0
332,0,1,0,0,0,0,0,1,1
335,0,0,0,0,0,0,1,0,0
342,0,0,0,1,0,0,1,0,1
356,0,0,0,0,0,0,1,0,0
379,0,0,0,1,1,0,0,0,0
441,1,0,0,0,1,0,0,0,0
453,0,0,0,0,0,0,0,0,1
454,1,0,0,0,1,0,0,0,0
460,0,1,0,0,0,1,1,1,0
473,0,0,0,0,1,0,0,0,1
525,0,0,0,0,0,0,0,0,1
527,0,0,1,0,0,0,0,0,0
563,1,0,1,1,1,0,0,0,1
594,0,0,0,0,0,0,0,0,1
611,0,0,0,0,0,0,0,0,1
612,1,1,0,0,0,0,0,0,0
650,0,1,0,0,0,0,0,0,0
660,0,1,0,1,0,1,0,0,0
670,1,1,0,0,0,0,0,0,0
674,0,0,0,0,1,0,0,0,0
701,1,0,1,0,0,0,0,1,0
702,0,1,0,0,0,0,0,1,1
757,0,0,0,0,0,0,0,0,1
798,0,0,0,1,1,1,0,0,0
857,0,0,0,0,0,0,0,0,1
875,0,0,0,0,0,0,0,0,1
876,0,0,0,0,0,0,0,0,1
878,0,0,1,0,0,0,0,0,0
880,0,0,0,0,0,0,0,1,0
931,0,0,0,0,0,1,1,0,1
957,1,1,0,0,0,1,0,0,1
964,0,1,0,0,0,0,0,1,0
984,0,0,0,0,1,0,0,0,1
985,0,0,0,0,0,0,0,0,1
989,0,1,0,0,1,0,0,0,0
994,0,1,0,1,0,0,0,0,0
996,0,0,0,0,0,0,1,0,0
997,0,1,0,0,0,0,0,1,0
998,0,1,1,0,0,1,0,0,0
999,0,1,0,1,0,0,0,0,0
1001,0,0,0,0,1,0,0,0,0
1017,0,0,0,0,0,0,0,0,1
1030,0,0,0,0,0,0,0,0,1
1031,0,1,0,1,0,0,0,1,0
1032,1,1,0,0,0,0,0,1,0
1049,0,0,0,0,1,0,0,1,0
1060,1,0,0,0,0,0,0,1,0
1068,0,0,1,1,0,0,0,1,0
1110,0,0,0,0,0,0,0,0,1
1127,0,0,1,0,1,0,0,1,1
1133,0,0,0,0,0,0,0,0,1
1136,0,0,0,1,1,0,0,0,0
1145,0,0,0,0,1,0,0,0,0
1146,0,0,0,0,1,0,0,1,0
1182,0,0,0,0,0,0,0,0,1
1183,0,1,0,0,0,1,0,0,0
1254,0,0,0,0,0,1,0,0,1
1491,0,0,0,0,0,0,0,0,1
1567,0,0,0,0,1,0,0,1,0
2214,0,1,0,0,0,0,0,0,0
2266,0,0,0,0,0,0,0,0,1
2345,1,1,0,0,1,0,0,0,0
2346,0,0,1,1,0,0,0,1,0
2519,0,0,0,0,0,0,0,0,1
2537,0,0,1,0,0,1,0,0,0
2682,0,0,0,0,0,0,0,0,1
2758,0,0,1,0,0,1,0,0,0
2879,0,0,0,1,0,0,1,1,0
2969,0,1,0,0,1,0,0,0,1
2998,0,0,0,0,0,0,0,0,1
3080,0,0,0,0,0,0,0,0,1
3102,0,0,0,0,0,1,0,0,0
3314,0,0,0,0,0,0,0,1,1
3485,1,0,1,0,0,0,0,0,0
3611,0,0,0,1,0,0,1,0,0
3776,0,0,0,0,0,0,0,1,0
3893,0,0,1,0,1,0,0,0,1
4093,0,0,0,0,0,0,0,1,0
4133,0,1,0,0,0,0,0,0,1
4276,0,0,0,1,0,0,0,0,1
4775,0,1,0,0,0,1,0,0,0
4837,0,0,0,0,1,0,0,0,0
4947,0,0,0,0,0,0,0,0,1
5054,0,0,0,0,0,0,0,0,1
5143,0,0,0,0,0,0,0,0,1
5144,0,0,0,0,0,0,0,0,1
5281,0,0,0,0,0,0,0,0,1
5429,0,0,0,0,0,0,0,0,1
5541,1,0,0,0,0,0,0,0,1
5610,0,0,0,1,1,0,1,0,0
5634,0,0,0,0,1,0,0,0,1
5810,0,0,0,0,0,0,0,0,1
5961,0,0,0,0,0,0,0,0,1
5971,0,0,0,0,0,0,0,1,0
5984,0,1,0,0,0,0,0,0,0
5988,0,1,0,0,0,0,0,0,0
6050,1,1,0,0,0,0,0,0,0
6054,0,0,0,0,0,1,0,0,0
6137,0,0,0,0,1,0,0,0,0
6140,0,0,0,1,0,0,0,0,0
6184,1,0,1,1,1,0,0,0,0
6268,0,0,0,0,0,0,0,0,1
6276,0,0,0,0,0,0,1,1,0
6306,0,0,0,0,0,0,0,0,1
6329,0,0,0,1,1,0,0,0,0
6341,0,0,0,1,1,0,0,0,0
6343,1,0,0,1,1,0,0,0,1
6363,0,0,0,0,1,0,0,0,0
6364,0,0,0,0,1,0,0,0,1
6386,0,0,0,1,0,0,0,0,1
6387,1,0,0,0,1,0,0,0,1
6405,0,0,0,1,0,1,1,1,1
6417,1,0,0,0,1,0,0,1,0
6425,0,0,0,1,1,1,0,0,1
6448,0,1,0,1,0,1,0,0,0
6482,0,0,0,1,0,0,0,0,0
6493,1,0,1,1,0,1,0,0,0
6495,0,0,1,0,0,0,1,0,1
6501,1,1,0,0,0,0,0,0,0
6505,1,1,0,0,0,0,0,1,0
6506,1,1,0,0,0,0,0,1,0
6507,0,0,0,0,0,0,0,0,1
6514,0,0,0,0,1,0,0,0,1
6532,1,0,0,0,0,1,0,0,0
6544,0,1,1,0,0,1,0,1,0
6548,0,1,0,0,0,1,0,0,0
6549,1,0,0,1,0,1,0,0,0
6557,0,0,0,0,0,0,1,0,0
6558,0,0,0,1,1,0,0,0,0
6560,0,1,0,1,0,0,0,0,0
6561,1,1,1,0,1,0,0,0,0
6568,0,0,0,1,0,0,1,1,1
6569,1,1,0,0,0,1,1,0,0
6570,0,1,0,0,0,0,1,1,1
6584,1,1,0,0,0,0,0,0,1
6590,1,0,0,0,1,0,0,0,0
6616,0,1,0,0,0,1,0,0,1
6631,1,0,1,1,0,1,0,0,0
6651,0,0,0,1,1,1,0,0,0
6654,0,0,0,1,0,0,0,0,0
6658,1,0,0,0,0,0,0,1,0
6736,1,0,0,1,0,1,0,0,0
6753,0,1,0,0,0,1,0,0,1
6826,1,1,0,0,0,1,0,0,1
6873,0,1,0,0,0,1,0,0,0
6874,0,1,1,0,1,1,0,0,0
6877,1,1,1,0,0,0,0,0,0
6885,0,1,0,1,0,1,0,0,0
6915,1,1,0,1,0,0,0,0,0
6919,0,0,0,0,0,0,0,0,1
6937,0,0,0,1,0,0,0,1,1
6943,0,0,0,0,0,0,1,1,1
6949,0,1,0,1,1,0,0,0,0
6970,0,0,0,0,0,0,0,0,1
6985,0,1,0,1,0,1,0,1,0
6987,0,0,1,0,0,1,0,0,0
6989,0,1,0,0,0,1,1,0,1
6997,0,1,0,0,0,0,1,0,0
6998,0,0,0,1,0,0,1,1,1
7002,0,0,1,1,0,0,1,0,1
7017,0,0,0,0,0,0,1,0,1
7041,0,0,0,1,0,0,1,1,0
7043,0,1,0,1,0,1,1,0,1
7045,0,0,0,0,0,0,0,1,0
7047,0,1,0,1,0,1,0,0,1
7055,0,0,0,0,0,0,0,0,1
7058,0,0,0,1,1,0,0,0,1
7059,0,1,0,1,0,1,0,0,0
7060,0,0,0,0,1,1,0,0,1
7092,0,1,0,0,0,1,0,0,0
7095,0,0,0,0,0,1,1,0,0
7118,0,0,0,0,0,1,0,0,1
7119,1,1,0,0,0,1,0,0,0
7122,1,1,0,0,0,0,0,0,0
7127,0,0,0,0,0,1,0,0,1
7129,0,0,0,0,0,1,0,0,0
7130,0,0,0,1,0,0,0,0,0
7136,1,1,0,0,1,0,0,0,1
7144,0,1,0,0,0,1,1,1,1
7146,0,1,1,0,0,1,0,0,0
7147,0,0,0,0,1,1,0,0,0
7148,1,0,0,1,0,1,0,0,0
7150,1,1,0,0,0,1,0,0,0
7151,0,1,0,0,0,1,0,0,0
7165,1,0,0,0,0,1,0,0,0
7166,0,1,0,0,1,1,0,0,0
7169,1,0,1,0,1,1,1,0,0
7170,1,0,0,0,0,0,0,1,0
7175,0,0,0,0,0,0,0,0,1
7184,0,0,0,0,0,0,0,0,1
7193,1,1,1,0,1,0,0,0,1
7194,0,1,0,0,1,1,0,0,0
7221,0,0,0,1,0,0,1,1,1
7222,0,0,0,1,1,0,0,1,1
7224,0,0,0,1,0,0,0,0,0
7225,0,1,0,0,0,1,0,1,0
7249,0,0,0,0,0,0,0,0,1
7267,0,0,0,0,0,0,1,1,0
7268,1,0,0,1,0,1,0,1,1
7284,1,0,1,1,1,0,0,0,0
7288,1,1,0,0,1,0,0,0,1
7294,0,0,0,0,0,1,0,1,0
7298,0,0,0,1,0,0,1,1,1
7301,0,1,0,0,0,1,1,0,0
7302,0,1,0,1,0,0,0,0,0
7304,0,1,0,1,0,1,0,1,0
7335,1,1,1,0,0,1,0,0,0
7336,1,1,0,0,0,1,0,0,1
7341,1,1,0,0,1,0,0,1,0
7342,1,1,0,0,0,0,0,1,1
7343,1,0,0,0,0,1,0,1,0
7344,0,1,0,0,0,0,0,1,1
7351,1,1,0,0,0,0,0,1,0
7352,0,0,0,0,0,1,0,1,0
7353,1,0,0,0,0,0,0,0,0
7354,1,1,0,0,0,1,0,0,1
7358,0,0,0,1,0,0,1,1,0
7359,1,1,1,1,0,0,0,1,0
7360,1,1,0,0,0,0,1,0,1
7362,0,1,0,1,1,0,0,0,1
7363,0,1,0,1,1,0,0,1,0
7364,0,1,0,1,0,0,0,0,0
7391,0,0,0,1,0,1,0,0,1
7392,0,0,0,0,0,1,0,0,1
7393,0,0,0,1,0,0,1,0,0
7407,0,0,0,0,0,1,0,0,0
7409,0,0,1,1,0,1,0,0,0
7410,1,1,0,0,0,0,0,1,0
7413,1,0,0,0,1,0,0,0,0
7438,0,1,0,0,0,0,0,0,0
7455,1,1,0,0,0,1,0,0,0
7460,1,0,1,1,0,1,0,0,1
7461,1,0,1,0,0,1,0,0,0
7462,1,0,1,0,0,0,0,0,0
7463,1,0,0,0,0,0,0,0,0
7465,0,0,0,0,0,0,1,0,0
7469,1,0,0,1,1,1,0,0,0
7476,0,1,0,1,0,1,0,0,0
7478,1,1,0,0,0,0,0,0,1
7501,0,0,0,0,1,0,1,1,0
7505,1,0,0,1,0,0,0,0,0
7509,0,0,0,0,1,0,0,0,0
7519,0,1,0,0,0,1,0,0,0
7520,0,0,0,1,1,0,0,0,1
7523,0,0,1,1,1,0,0,1,0
7528,1,0,0,0,0,0,1,0,0
7530,0,0,0,1,0,1,0,1,1
7531,0,0,1,0,0,1,0,0,0
7559,0,1,0,0,0,1,0,0,0
7562,0,1,1,0,0,0,0,0,1
7580,0,0,1,0,0,1,1,0,0
7583,0,0,1,0,0,1,1,0,0
7590,0,1,0,0,0,0,0,0,0
7593,1,1,0,1,0,1,0,0,0
7599,0,1,0,0,1,1,0,0,0
7600,1,1,0,1,1,1,0,0,0
7601,0,1,0,0,1,1,0,0,0
7616,0,0,0,1,1,0,0,0,0
7622,0,0,0,1,1,0,0,0,0
7632,0,1,1,0,0,1,0,0,0
7633,1,0,1,0,1,1,0,0,0
7635,1,1,0,0,0,1,0,0,0
7643,1,1,0,0,0,1,0,0,1
7646,1,0,0,0,0,1,0,0,0
7650,1,0,0,0,0,1,0,0,0
7651,1,0,0,0,1,1,0,0,0
7654,1,1,0,0,0,1,0,0,0
7655,1,1,0,0,0,1,0,0,0
7657,0,1,0,1,0,1,0,0,0
7658,1,0,1,0,0,1,0,0,1
7662,1,1,0,0,1,0,0,0,1
7674,0,1,0,0,0,1,0,0,0
7678,1,0,1,0,0,0,0,1,0
7685,1,0,0,1,0,0,0,0,1
7687,0,0,1,1,0,1,0,0,0
7695,1,0,0,0,1,1,0,0,0
7702,0,1,0,0,0,1,0,0,0
7704,0,1,0,0,0,1,0,0,0
7707,0,0,1,0,1,1,0,0,0
7708,1,0,1,0,0,0,0,0,0
7711,0,0,1,0,0,1,0,0,0
7720,0,1,0,1,0,1,0,0,1
7725,1,1,0,1,0,0,0,0,0
7728,0,0,1,1,1,0,0,0,0
7731,0,1,1,1,0,1,1,1,0
7733,1,0,0,0,0,0,0,1,0
7738,1,1,0,0,1,1,0,0,0
7742,0,1,0,1,0,1,0,0,0
7745,0,1,0,1,0,0,1,1,1
7749,1,0,0,0,0,0,0,1,1
7755,0,0,0,0,1,0,0,0,0
7757,1,0,1,0,0,0,0,1,0
7758,1,1,0,0,0,0,0,0,1
7761,1,1,1,0,0,0,0,0,0
7762,1,1,0,1,0,0,0,0,1
7765,1,0,1,0,0,0,0,1,0
7766,0,0,1,0,0,0,0,0,1
7768,0,0,0,1,1,0,0,0,1
7770,1,1,0,0,0,0,0,0,0
7771,0,0,0,0,0,0,1,1,0
7772,1,1,0,0,0,0,0,0,0
7775,1,0,0,0,0,0,0,1,0
7778,1,0,1,0,0,1,0,0,0
7781,0,1,0,0,0,1,0,0,0
7790,0,0,0,0,0,0,1,0,1
7792,0,1,0,0,0,1,0,0,1
7793,1,1,1,0,0,1,0,0,0
7795,1,0,0,0,0,0,0,0,0
7797,1,0,0,0,0,0,0,1,0
7799,1,1,0,0,0,0,0,1,0
7800,1,0,0,0,1,1,0,0,1
7802,1,0,1,0,1,0,0,0,0
7803,1,0,0,0,0,0,0,1,1
7820,1,0,1,0,0,0,0,1,1
7822,1,0,0,0,0,1,1,0,0
7824,1,0,0,0,0,0,0,0,1
7826,1,0,1,0,0,0,0,0,1
7829,1,0,0,0,0,0,0,0,1
7847,0,0,0,0,1,1,0,1,0
7848,0,0,1,0,1,0,0,0,1
7852,0,0,0,0,1,0,0,0,0
7858,0,0,0,0,0,0,0,1,0
7860,0,1,0,0,0,0,0,1,0
7865,0,0,1,0,0,0,0,1,1
7888,0,1,0,0,0,1,0,0,0
7894,0,0,0,0,1,0,0,0,0
7895,1,1,0,0,0,0,1,1,1
7900,0,1,0,0,0,0,0,0,1
7909,1,1,1,0,0,0,0,0,1
7910,0,0,1,1,0,0,1,1,1
7915,1,0,0,0,0,0,0,1,1
7916,1,0,0,0,0,0,0,1,1
7921,0,1,0,1,0,1,0,0,0
7936,0,0,1,1,1,1,1,1,0
7937,0,0,1,1,0,1,0,0,1
7938,0,1,0,1,1,0,0,0,0
7943,1,0,1,0,0,0,0,0,1
7945,1,1,0,0,0,0,0,1,0
7948,0,0,0,1,0,0,1,0,1
7953,0,0,1,1,1,1,0,0,1
7957,1,1,1,1,0,0,0,1,0
7958,1,1,0,0,0,0,0,0,0
7959,1,0,1,0,0,0,0,0,0
7963,0,0,1,1,1,1,0,0,0
7966,0,0,0,1,0,1,0,0,0
7967,0,1,0,0,0,1,1,0,0
7969,0,0,0,0,1,0,0,1,0
7970,0,0,1,1,0,1,0,0,0
7974,0,1,0,1,1,0,0,0,0
7975,0,1,0,1,1,0,0,1,0
7976,0,0,1,1,1,0,0,0,1
7981,1,0,0,0,0,0,0,0,1
7983,1,1,0,0,0,0,0,0,0
7984,0,0,0,1,0,0,0,0,1
7986,1,0,0,0,0,0,0,0,1
7989,1,0,0,0,0,1,1,1,1
7991,0,0,0,0,1,0,0,0,0
7997,1,0,0,0,0,0,1,1,1
8007,0,0,0,0,1,0,0,0,0
8012,0,0,0,0,1,0,0,0,1
8013,0,0,0,0,1,0,0,0,0
8020,1,0,0,0,0,0,1,1,1
8021,0,0,0,0,1,0,0,0,0
8025,1,0,0,0,0,0,0,1,1
8026,1,1,0,1,0,0,0,1,1
8027,0,1,0,0,0,0,0,1,1
8029,0,0,0,0,0,0,0,1,0
8030,0,0,0,0,0,0,1,1,1
8034,1,1,0,0,1,1,1,0,0
8035,0,0,1,0,0,1,0,1,0
8038,1,0,0,0,0,0,0,0,0
8042,0,0,0,0,1,0,0,0,1
8047,0,0,0,0,1,0,0,0,1
8048,0,1,0,1,1,0,0,1,0
8049,1,0,0,0,0,0,0,1,0
8050,1,0,0,0,1,0,0,1,1
8051,1,1,0,0,1,1,0,0,0
8052,1,1,1,0,0,0,0,1,0
8060,0,0,1,1,1,0,0,0,0
8063,0,1,0,1,0,0,0,1,0
8067,1,0,1,1,0,0,0,0,1
8071,0,1,0,0,0,0,1,0,1
8073,0,0,0,0,0,0,0,1,1
8075,1,0,0,0,1,0,0,0,1
8077,1,0,0,1,1,0,0,0,1
8078,0,1,0,0,0,0,1,0,0
8082,0,0,0,1,1,1,0,0,0
8090,0,0,0,0,1,0,0,0,1
8091,1,0,0,0,0,0,0,1,0
8092,0,0,1,1,0,1,0,1,0
8093,1,0,1,0,1,0,0,0,0
8094,1,0,0,0,1,0,0,0,0
8095,1,1,0,0,0,0,1,0,0
8102,0,0,0,0,1,0,0,0,0
8103,1,0,0,0,1,0,0,1,0
8106,0,0,0,1,1,0,0,1,1
8116,0,0,0,0,0,0,1,0,0
8118,0,0,1,0,1,0,0,0,1
8121,0,1,0,0,0,0,0,1,1
8122,0,0,0,0,0,0,0,0,1
8125,0,0,0,0,0,0,1,0,0
8129,0,0,1,0,1,0,0,0,0
8130,1,1,1,1,1,0,0,1,0
8133,1,0,0,0,0,0,0,1,1
8137,0,0,1,0,0,1,0,0,0
8138,1,1,0,0,1,0,0,1,1
8141,0,0,0,0,0,0,1,0,0
8144,0,0,0,1,1,0,0,0,1
8158,0,1,0,1,1,0,0,0,0
8159,1,0,0,0,1,1,0,0,0
8160,1,1,1,0,0,0,0,1,1
8163,1,0,0,0,1,1,0,0,0
8164,1,0,1,0,0,1,0,0,0
8167,1,0,0,0,1,1,0,0,0
8169,1,0,0,0,1,0,0,1,0
8174,0,1,0,0,1,1,0,0,1
8175,1,1,0,0,0,0,0,0,1
8176,1,0,1,0,0,1,0,0,1
8180,0,0,0,0,1,0,0,0,0
8181,0,1,0,0,0,0,0,0,1
8182,0,1,0,0,0,0,1,0,0
8183,0,1,0,0,0,0,1,0,0
8184,1,0,0,0,0,1,0,0,1
8185,1,0,1,0,1,1,0,0,1
8186,1,1,0,0,1,1,0,0,1
8187,1,0,0,0,1,1,0,0,1
8191,0,0,1,1,1,0,0,0,1
8193,1,0,0,0,1,1,0,0,1
8194,0,1,0,0,0,1,0,0,1
8195,0,0,0,0,1,0,0,0,1
8201,0,0,0,0,0,0,0,0,1
8205,1,0,1,0,0,1,0,0,1
8207,1,1,0,1,0,0,0,0,1
8209,0,0,0,0,1,0,0,0,1
8221,0,0,0,0,1,0,0,0,1
8222,0,0,0,0,0,0,0,0,1
8257,1,0,0,1,0,1,0,0,1
8294,1,1,0,0,0,1,0,0,0
8298,0,0,0,0,0,1,0,0,0
8299,0,1,1,0,0,0,0,1,0
8314,1,0,0,0,1,0,0,1,0
8347,0,1,1,1,0,1,0,0,1
8361,1,1,0,1,1,1,0,0,0
8362,0,0,0,0,0,0,1,0,1
8363,0,1,0,0,1,0,0,0,0
8364,1,0,0,0,0,1,0,0,1
8365,1,1,0,0,0,1,0,0,0
8369,1,1,0,0,0,0,0,0,0
8375,1,0,0,1,0,1,0,0,0
8400,0,1,0,0,0,1,0,0,1
8405,0,1,0,1,1,1,0,0,0
8419,0,1,0,1,0,1,0,0,0
8432,1,1,1,0,0,1,0,0,0
8438,1,1,0,0,0,1,0,0,0
8446,0,0,0,1,1,0,0,0,1
8452,0,0,0,1,0,0,1,0,1
8454,0,0,0,1,1,0,0,0,0
8467,0,1,0,0,0,1,0,0,0
8468,0,0,0,0,0,0,0,0,1
8469,1,1,0,0,0,0,0,0,0
8471,0,0,0,1,1,0,0,0,0
8499,0,1,0,0,0,1,0,0,0
8500,1,1,0,1,0,1,0,0,0
8635,1,0,0,0,0,0,0,0,1
8655,0,1,0,0,1,1,0,1,0
8658,0,1,0,1,0,1,0,0,1
8697,1,0,0,0,1,1,0,0,1
8698,1,0,0,1,1,0,0,0,1
8712,0,0,0,0,1,0,1,1,0
8723,0,0,0,1,0,0,1,1,1
8738,0,1,0,0,0,0,0,0,0
8748,1,1,0,1,0,1,0,0,0
8763,1,0,0,0,0,0,0,0,0
8767,0,1,0,0,0,1,0,0,1
8768,0,0,0,0,0,0,1,1,0
8785,1,1,0,0,0,1,0,0,0
8791,0,0,0,0,1,0,0,0,0
8792,1,0,0,0,1,1,0,0,0
8797,0,0,0,1,0,1,0,0,0
8815,0,1,0,0,0,1,0,0,0
8821,0,0,0,0,0,0,0,1,0
8830,1,0,0,1,0,0,0,1,0
8831,0,0,0,0,0,0,0,0,1
8833,1,0,1,0,0,1,0,0,0
8834,1,1,0,0,0,1,0,0,0
8835,1,1,1,0,0,1,0,0,0
8844,1,0,0,0,0,0,0,1,1
8857,0,0,0,0,0,0,0,1,1
8858,0,1,0,0,1,1,0,0,1
8863,1,0,1,0,0,1,0,0,0
8868,1,0,1,0,0,0,0,1,1
8871,0,0,0,1,0,0,0,1,0
8878,1,1,0,0,0,0,0,0,0
8892,0,0,0,0,1,0,0,0,0
8907,0,0,0,0,0,0,0,0,1
8908,1,1,0,0,0,0,0,0,0
8909,1,1,0,0,0,0,0,0,1
8914,1,0,0,0,1,1,0,0,0
8918,1,0,1,1,0,1,0,0,0
8991,0,1,0,0,0,1,1,1,0
9007,0,1,0,0,0,0,1,0,0
9012,0,1,1,1,0,0,0,1,1
9015,0,1,0,0,0,1,0,0,1
9016,0,1,0,1,0,1,1,0,0
9017,1,0,1,0,0,1,0,0,0
9024,1,0,1,0,0,1,0,0,0
9025,0,1,0,1,0,0,0,0,0
9027,0,1,0,0,0,1,0,0,0
9256,0,0,0,1,1,0,0,0,0
9258,0,0,0,1,1,0,0,0,1
9261,0,0,0,1,1,0,0,0,1
9473,1,1,0,0,0,1,0,0,0
9589,0,0,0,1,1,1,0,1,0
9609,0,0,1,0,1,0,0,0,1
9862,0,0,1,0,0,1,0,0,1
9865,0,0,0,1,1,0,0,0,1
9895,1,1,1,1,0,1,0,0,0
10024,0,1,0,0,0,0,0,0,1
10045,0,0,0,1,0,1,0,0,0
10106,0,0,1,1,0,1,0,0,0
10223,0,0,0,1,0,0,0,1,1
10248,0,1,0,1,0,1,0,0,1
10282,1,0,0,0,0,1,0,0,1
10285,0,0,1,1,0,1,0,1,1
10296,0,1,0,0,0,1,0,0,0
10315,1,1,0,1,0,1,0,0,0
10322,0,1,0,0,0,1,0,0,0
10329,0,1,0,0,0,0,1,0,1
10341,0,1,0,0,0,0,0,1,0
10353,0,0,0,1,0,1,0,0,0
10362,0,0,0,0,0,1,0,0,0
10364,0,0,0,0,0,1,1,1,0
10393,1,1,0,0,0,1,0,0,0
10396,0,0,0,0,1,0,0,0,1
10400,0,0,0,0,0,1,1,0,0
10402,0,0,1,0,1,1,0,0,1
10405,0,0,1,0,0,1,0,0,1
10408,0,1,1,0,0,1,0,0,0
10430,1,0,0,0,1,0,0,0,0
10448,0,0,0,1,1,0,0,0,0
10452,0,0,0,1,1,0,0,0,0
10453,0,1,1,0,0,1,0,0,1
10460,0,0,1,1,0,0,0,0,0
10465,0,0,0,0,0,0,0,0,1
10484,1,0,1,0,1,1,0,0,1
10558,0,0,0,1,1,0,0,0,0
10560,0,0,0,0,1,0,0,0,1
10582,0,0,0,1,0,1,0,0,0
10583,0,0,0,1,0,0,0,0,0
10659,0,0,0,0,0,0,1,0,1
10687,0,0,0,1,0,0,0,0,1
10698,0,0,0,1,0,1,1,1,1
10722,1,1,0,1,0,0,0,0,0
10741,0,0,0,0,1,1,0,0,0
10742,0,0,0,0,1,0,0,0,0
10778,1,0,0,0,0,1,1,0,0
10795,0,0,1,0,0,0,0,1,0
10797,0,1,0,1,0,0,1,1,1
10817,1,0,0,1,0,1,0,0,0
10819,1,0,0,0,0,1,0,0,0
10822,0,1,1,1,0,1,0,0,0
10823,0,0,0,1,1,1,0,1,0
10869,1,0,0,0,0,1,1,0,0
10873,1,0,0,0,0,0,0,1,0
10874,0,0,1,1,1,0,0,0,0
10882,1,0,0,0,0,0,0,0,0
10883,1,1,1,0,0,0,0,0,0
10885,1,1,0,0,0,0,0,1,0
10886,1,0,1,0,0,0,0,0,1
10895,1,0,0,0,0,0,0,1,1
10902,0,0,0,0,1,0,0,0,1
10925,0,0,0,1,1,0,0,0,1
10931,0,1,0,0,0,1,0,0,1
10934,0,0,0,1,1,0,0,0,0
10947,0,1,0,0,0,0,0,0,1
10953,1,0,0,0,0,0,0,0,1
10957,1,0,0,0,0,0,0,1,1
10966,0,0,1,0,0,0,0,1,0
10975,0,0,0,1,0,1,0,0,0
10976,1,0,1,0,0,1,0,0,0
10989,1,0,1,0,0,1,0,0,1
11002,0,0,1,0,1,1,0,0,0
11005,0,0,0,0,0,0,0,0,1
11006,0,0,0,0,0,0,1,0,1
11038,0,0,1,0,0,1,0,0,1
11039,1,0,0,0,0,0,0,1,0
11086,1,0,0,0,0,0,0,0,0
11124,1,0,0,0,0,0,0,1,1
11126,0,0,1,0,1,0,0,1,1
11160,1,0,0,0,0,0,0,0,1
11167,0,0,1,0,0,0,0,1,0
11173,1,0,1,0,0,0,0,0,0
11176,1,0,0,0,0,0,0,0,0
11191,0,0,0,0,0,0,0,1,1
11230,1,1,1,1,0,0,0,0,1
11251,0,0,0,0,0,1,1,0,1
11261,1,0,1,0,0,0,1,1,1
11262,1,0,0,1,0,0,1,0,0
11265,1,0,0,0,0,1,1,0,1
11271,1,0,0,0,1,1,1,0,1
11335,0,1,0,0,0,0,1,1,0
11340,0,1,0,1,0,1,0,0,1
11363,0,1,0,0,0,0,0,0,1
11370,0,0,0,0,0,0,0,0,1
11406,1,0,0,0,0,1,0,0,0
11409,1,1,0,0,0,0,0,0,0
11419,0,0,0,1,0,1,1,0,0
11420,0,0,0,0,1,0,0,0,0
11428,1,0,0,1,0,0,0,0,1
11449,0,1,0,0,1,0,0,0,0
11450,0,0,0,1,0,0,1,0,1
11463,1,1,0,1,0,1,0,0,0
11468,0,0,0,1,0,0,0,0,1
11505,0,1,1,0,1,1,0,0,0
11507,0,0,0,0,0,0,1,0,0
11508,1,0,1,0,0,0,0,1,0
11509,1,0,0,0,0,0,0,1,1
11511,0,0,0,0,0,0,1,0,0
11513,1,0,1,0,0,0,0,1,0
11514,1,0,0,0,0,0,0,0,0
11517,1,0,1,0,0,1,0,0,1
11520,1,1,1,1,0,1,0,1,0
11525,0,0,0,0,0,1,1,0,1
11527,0,0,0,1,0,1,0,0,1
11529,1,0,0,0,0,0,0,1,1
11543,0,0,0,1,0,1,1,1,0
11551,0,0,0,0,0,0,1,0,0
11552,1,0,1,1,1,0,0,1,0
11558,0,1,0,1,0,1,0,0,0
11559,0,1,0,0,1,1,0,0,0
11565,0,0,1,0,1,0,0,0,0
11567,0,0,1,0,0,1,1,0,1
11569,0,1,0,0,0,1,0,0,1
11576,1,1,0,1,0,0,0,1,0
11579,0,1,0,0,0,0,0,0,0
11583,1,1,0,0,1,0,1,0,0
11584,1,0,0,0,0,1,0,1,1
11593,1,1,0,1,0,0,0,0,0
11613,0,0,1,1,0,0,0,1,0
11614,1,0,0,0,0,0,0,1,1
11617,0,1,1,0,1,0,0,1,0
11622,0,1,0,0,0,1,0,0,1
11635,0,0,0,0,0,0,1,0,1
11716,0,0,1,1,0,0,1,0,0
11732,0,0,0,1,0,0,1,1,1
11747,0,1,0,0,1,0,0,0,1
11748,1,1,0,0,0,0,0,0,1
11752,0,1,0,0,0,0,1,1,0
11838,1,1,0,0,0,1,0,0,0
11902,1,1,0,1,0,0,0,1,0
11950,0,1,0,0,0,1,0,0,1
11962,0,0,0,0,0,1,0,0,1
11980,1,0,0,0,0,1,0,1,0
11982,1,1,0,1,0,0,0,1,0
11989,0,0,0,0,1,0,0,1,1
12020,0,0,0,1,1,0,0,1,0
12021,0,0,0,0,0,0,0,0,1
12024,0,0,0,0,1,0,0,1,1
12038,0,1,0,0,0,1,1,0,1
12040,0,0,1,0,0,1,0,0,1
12041,1,1,0,0,0,0,0,0,0
12044,1,0,1,0,0,0,0,0,0
12053,0,0,1,1,1,1,0,0,0
12059,0,0,0,1,0,0,1,0,0
12072,0,1,0,1,0,1,0,0,0
12097,0,1,0,1,1,0,0,0,1
12101,0,0,0,0,0,0,1,0,0
12105,1,1,0,1,0,0,0,0,0
12127,0,0,0,1,0,1,0,0,0
12146,1,1,0,0,0,0,1,0,0
12150,0,1,0,0,0,1,0,1,0
12170,1,0,0,0,0,1,0,0,1
12178,0,0,0,1,0,0,1,1,0
12180,1,1,0,1,0,0,0,0,1
12185,1,0,1,0,1,0,0,0,1
12198,1,0,0,0,0,0,0,0,0
12204,1,0,0,0,1,0,0,0,1
12206,1,0,1,0,0,0,0,0,1
12209,1,0,0,0,0,0,0,0,1
12210,1,0,0,0,0,1,1,0,0
12216,0,0,0,1,0,1,0,0,1
12217,1,1,0,0,0,0,0,0,0
12230,0,0,1,0,1,0,0,0,1
12232,0,0,1,0,1,0,0,0,0
12238,1,0,1,0,0,1,0,0,0
12257,1,1,0,0,0,0,0,0,1
12264,0,0,0,1,1,0,0,0,1
12265,0,0,1,1,0,0,0,1,0
12266,0,0,0,0,0,0,1,1,1
12278,1,0,0,1,0,0,0,0,0
12293,1,1,1,0,0,0,0,0,0
12294,1,0,1,1,0,0,0,0,1
12296,1,0,1,1,0,1,0,0,1
12297,1,0,0,1,1,0,1,1,1
12327,1,1,0,0,1,0,0,0,1
12329,1,1,0,0,0,0,0,1,0
12331,0,0,0,1,0,0,1,1,1
12339,0,0,1,1,1,0,0,0,1
12344,1,0,0,0,1,0,0,0,1
12348,1,0,0,0,0,0,0,0,1
12366,0,1,0,0,0,0,0,0,1
12367,1,1,1,0,0,0,0,0,1
12377,0,0,1,0,1,0,0,0,0
12386,0,0,1,1,1,0,0,0,1
12388,0,0,0,0,0,0,1,0,0
12389,0,0,0,0,0,0,1,0,0
12391,0,0,0,0,0,0,1,0,1
12393,0,1,0,0,0,0,0,0,1
12397,0,0,0,0,1,1,0,0,1
12398,0,0,0,0,0,0,1,0,1
12462,0,0,0,1,0,0,1,1,1
12497,0,1,0,0,0,1,1,0,0
12506,1,0,0,0,0,0,0,1,1
12507,0,0,0,0,0,1,0,0,0
12508,1,0,0,0,0,0,0,1,1
12514,0,0,1,0,1,0,0,0,0
12516,1,1,0,0,0,1,0,0,0
12518,0,0,0,0,1,0,0,0,0
12528,0,0,1,1,1,0,0,0,1
12529,1,1,1,0,0,0,0,1,0
12530,0,0,0,0,1,0,0,0,1
12566,1,0,0,0,0,0,0,0,0
12570,0,0,0,0,1,0,1,1,1
12571,1,0,0,0,0,0,0,0,0
12578,0,0,0,1,0,1,0,0,1
12580,0,0,0,0,0,0,1,0,0
12587,1,0,0,0,1,0,0,1,0
12588,0,0,0,0,0,0,0,0,1
12613,1,0,1,0,0,0,0,1,0
12729,1,0,1,0,1,0,0,1,1
12741,1,0,0,0,0,1,0,0,0
12748,0,0,1,1,1,0,0,0,0
12756,0,1,0,0,0,1,0,0,0
12777,0,1,0,0,0,1,0,0,0
12779,0,0,1,1,1,0,1,0,1
12780,1,1,0,0,0,0,0,0,1
12810,1,1,0,1,0,0,0,0,0
12813,1,1,0,0,0,0,0,0,0
12844,1,1,0,0,1,0,0,0,0
12988,1,1,1,0,0,1,0,0,0
13016,0,0,1,0,1,0,0,1,1
13143,0,0,0,0,0,0,0,1,0
13163,1,0,0,0,0,0,0,1,0
13174,1,1,0,0,0,0,0,1,0
13181,1,0,1,1,0,0,0,0,0
13187,1,1,0,0,1,1,0,0,0
13204,0,1,0,0,0,1,0,0,0
13233,1,0,0,0,1,0,0,0,1
13357,1,1,0,1,0,0,0,0,0
13367,0,1,0,0,1,0,0,1,0
13382,0,0,1,1,1,0,0,0,1
13388,0,0,1,0,0,0,0,0,0
13398,0,1,0,0,0,1,0,0,0
13436,0,0,0,1,1,0,0,1,1
13546,1,1,0,1,0,1,0,0,1
13549,1,0,0,0,0,0,0,1,0
13561,0,1,0,1,1,0,0,0,1
13572,0,0,0,0,0,1,1,0,1
13576,1,0,1,0,1,1,0,0,1
13594,0,0,1,0,1,1,0,0,0
13642,0,1,0,0,1,1,0,1,1
13654,1,1,0,0,0,1,0,0,0
13663,1,0,0,0,0,0,0,0,0
13669,0,1,0,0,1,1,0,0,0
13849,0,0,0,0,1,0,0,0,1
13852,0,0,0,0,0,0,0,1,1
13854,0,0,0,1,1,0,0,1,0
13855,0,1,0,0,0,1,1,0,1
13861,0,1,1,0,1,0,1,0,1
14079,1,0,0,1,0,1,0,0,1
14104,0,0,0,0,0,1,0,0,1
14228,1,0,1,0,1,1,0,0,0
14234,1,1,0,0,0,0,0,0,0
14235,1,1,1,0,0,1,0,0,0
14257,0,0,0,0,0,0,1,0,0
14270,1,1,0,0,1,0,1,1,0
14286,0,1,0,0,0,0,0,0,0
14295,0,1,0,0,0,1,0,0,0
14296,0,1,0,1,0,0,0,0,1
14328,0,1,0,1,1,1,0,0,0
14350,0,0,0,1,0,1,0,0,1
14475,1,0,0,0,1,0,0,0,0
14489,1,0,1,0,0,0,0,0,0
14491,0,0,0,1,1,0,0,0,1
14493,0,0,0,1,1,0,0,0,1
14504,0,0,0,1,1,0,0,1,0
14505,0,1,0,1,1,0,0,0,0
14508,0,0,0,1,0,0,0,0,1
14511,0,1,0,1,0,1,0,0,1
14514,0,1,0,1,0,1,0,0,0
14519,0,1,0,0,0,1,1,1,0
14525,0,1,0,1,0,1,0,0,0
14529,1,0,0,1,0,1,0,0,0
14860,0,1,0,0,0,0,0,0,0
14878,0,0,0,0,0,0,0,0,1
14896,0,0,0,1,0,0,0,0,1
14928,0,0,0,0,0,0,0,0,1
15037,0,0,0,1,1,0,0,1,0
15068,1,1,0,0,0,1,1,0,1
15076,0,0,0,0,0,0,0,0,1
15146,1,0,1,0,0,0,0,1,0
15271,1,0,0,0,1,0,0,0,0
15290,0,0,1,1,1,0,0,0,0
15302,1,1,0,1,0,0,0,1,0
15336,1,0,1,1,0,0,0,0,1
15380,0,0,0,1,1,0,0,0,0
15394,0,0,1,0,1,0,0,1,0
15395,0,0,1,0,0,0,1,0,0
15413,0,0,1,0,0,0,1,1,1
15422,0,0,0,1,1,0,0,0,1
15448,1,0,0,0,1,0,0,0,1
15510,0,0,1,1,1,0,0,1,0
15511,0,0,0,0,0,0,0,0,1
15538,1,1,0,1,0,0,0,1,0
15595,0,0,0,1,0,1,0,0,0
15600,0,0,0,0,0,0,1,0,0
15605,0,0,0,0,1,1,0,0,1
15606,1,1,1,1,0,0,0,1,0
15607,0,1,0,0,1,0,0,1,1
15608,0,0,0,0,1,0,0,0,1
15613,0,1,1,1,0,1,0,0,0
15619,1,0,1,1,1,0,0,0,1
15711,0,0,0,0,1,0,0,0,1
15717,1,1,0,0,0,0,0,0,0
15877,0,0,0,0,0,0,0,0,1
15979,0,0,0,0,1,0,0,0,1
16237,1,1,0,0,0,1,0,1,0
16255,1,0,1,0,1,0,0,1,1
16296,1,1,0,0,1,1,0,0,0
16299,0,1,0,0,1,1,0,0,0
16315,0,0,0,0,1,0,0,0,0
16324,1,0,1,0,0,0,0,0,0
16331,1,1,0,0,1,0,0,0,1
16418,0,0,1,0,1,0,0,1,0
16441,0,0,0,0,1,1,0,0,1
16537,1,0,0,0,0,1,0,0,0
16582,1,1,0,0,0,0,0,0,0
16590,0,0,0,0,1,0,0,1,0
16591,0,0,0,0,1,0,0,0,0
16592,0,0,1,1,1,0,0,0,0
16617,1,0,0,0,0,0,0,0,1
16666,0,0,0,0,0,1,0,0,0
16668,1,0,0,0,0,0,0,0,0
16670,1,0,0,0,0,0,0,1,1
16741,0,0,1,1,0,0,0,1,1
16800,0,0,1,1,1,0,0,0,0
16821,1,0,0,0,1,0,0,0,0
16832,1,1,0,0,0,0,0,0,0
16833,1,0,1,1,0,0,0,0,1
16846,0,0,0,1,1,0,0,0,0
16867,0,0,1,1,1,0,0,0,1
16872,1,1,1,0,0,0,0,0,0
16899,1,0,0,0,1,0,0,0,0
16907,1,0,1,0,1,0,0,0,1
16925,0,0,0,0,1,0,0,0,0
16997,1,1,0,0,0,1,0,0,1
17000,0,0,0,0,0,1,0,0,0
17008,1,0,0,0,0,0,0,0,0
17016,0,0,0,1,0,0,1,1,1
17100,0,1,0,0,0,1,0,0,0
17121,1,0,1,1,0,1,0,0,0
17129,1,0,1,0,0,0,0,0,1
17166,1,0,1,0,1,0,0,0,0
17198,0,1,0,0,1,1,1,0,1
17355,0,0,1,0,0,1,0,0,0
17356,1,0,1,1,1,0,0,0,1
17525,1,0,0,0,0,0,0,0,0
17586,1,0,1,0,0,0,0,0,1
17617,1,1,0,0,0,0,0,0,0
17623,1,0,0,0,0,0,0,0,0
17691,0,1,0,0,0,0,1,0,0
17696,1,0,0,0,1,0,0,0,1
17739,0,1,0,0,1,0,0,0,1
17816,1,0,0,0,0,0,0,1,0
17898,0,0,0,1,1,0,0,0,0
18015,0,0,0,0,1,0,0,0,1
18027,0,1,0,0,1,0,0,0,0
18064,0,0,0,0,1,0,0,1,0
18280,0,0,0,1,0,1,0,0,0
18467,0,1,1,1,1,0,0,1,0
18522,0,1,0,0,1,0,0,1,0
18554,0,1,0,1,0,0,0,1,1
18635,0,0,1,1,1,0,0,0,0
18686,1,0,0,1,1,0,0,1,0
18698,0,1,0,0,1,0,0,0,1
18818,1,0,0,0,0,0,0,0,1
18827,0,1,0,1,0,0,0,0,0
18938,0,0,1,0,0,1,0,0,1
19089,0,0,1,0,0,1,0,0,0
19137,1,0,0,1,0,1,0,0,0
19188,1,1,0,0,0,0,0,0,0
19223,0,1,1,0,0,1,0,0,0
19243,0,0,0,1,0,1,0,0,1
19309,1,1,0,0,1,0,0,0,0
19310,0,0,1,0,1,0,0,0,0
19315,0,0,0,0,1,1,0,0,0
19543,0,1,0,0,0,1,1,1,0
19602,1,0,1,1,0,0,0,0,0
19603,1,1,1,1,1,0,0,0,1
19633,1,0,1,0,0,1,1,0,0
19695,1,0,1,1,1,0,0,0,1
19707,0,1,0,0,0,0,0,0,0
19754,0,0,1,1,1,0,0,0,0
19838,1,0,0,0,0,0,0,1,0
19844,0,1,1,0,0,1,0,0,1
19878,0,0,1,1,0,1,0,0,0
20063,0,0,0,1,1,0,0,0,0
20083,0,0,1,1,0,1,0,0,1
20200,1,0,0,0,1,0,0,0,0
20219,1,0,0,0,1,0,0,1,0
20263,0,0,0,0,0,0,1,0,0
20354,1,1,0,0,0,1,0,0,1
20357,1,0,1,0,0,1,0,0,0
20358,1,1,0,0,0,0,0,0,0
20487,0,1,0,0,0,1,0,0,1
20499,0,0,0,1,1,0,0,0,1
20508,0,0,1,0,0,1,0,0,0
20534,0,0,0,1,0,0,0,1,1
20590,0,1,0,1,1,1,0,0,0
20739,0,0,0,0,0,1,0,0,0
20745,1,1,1,0,1,1,0,0,0
20748,1,1,0,0,0,1,0,0,0
20797,1,0,0,0,0,0,0,0,0
20858,1,0,0,0,0,0,0,1,1
20859,1,0,0,0,0,0,0,1,1
20861,1,0,1,1,0,1,0,0,0
20928,0,0,0,0,0,0,0,1,1
20995,1,0,0,1,1,0,0,0,1
21003,1,0,1,0,0,1,0,0,0
21006,1,1,1,0,0,0,0,0,1
21057,1,1,1,1,1,0,0,0,0
21059,1,1,0,0,0,0,0,0,0
21108,0,0,0,0,1,0,0,0,0
21265,0,1,0,0,1,1,0,0,0
21363,0,1,0,0,1,0,0,0,1
21503,1,0,1,1,0,1,0,0,0
21574,0,0,1,0,0,1,0,0,1
21596,1,0,1,0,0,1,0,0,0
21606,1,0,0,0,1,0,0,1,0
21625,1,0,1,0,0,0,0,0,0
21648,1,1,0,0,0,0,0,0,0
21813,0,0,0,0,1,0,0,0,1
21895,0,1,0,0,0,1,0,0,0
22201,0,1,1,1,1,0,0,0,0
22310,0,1,1,1,0,1,0,0,0
22311,1,0,0,0,0,0,1,0,0
22383,0,0,1,0,1,0,0,0,0
22386,0,0,0,0,0,0,1,1,1
22556,1,0,0,0,0,1,0,0,0
22568,1,0,0,0,0,1,0,0,0
22629,1,0,0,1,1,1,0,0,1
22692,1,1,0,0,1,0,0,1,1
22873,1,1,1,1,0,0,0,0,1
23110,0,1,0,0,1,0,0,0,1
23203,0,0,1,1,1,1,0,0,0
23235,0,0,1,1,1,1,0,0,0
23347,0,0,0,0,1,0,0,0,0
23367,1,1,1,0,0,1,0,0,0
23368,1,0,0,0,0,0,0,0,0
23376,1,1,0,0,0,0,0,0,0
23518,0,0,0,0,1,0,0,0,1
23534,0,0,1,1,0,1,0,0,0
23535,1,0,1,0,0,1,0,0,0
23642,0,0,0,1,1,1,0,1,0
23726,1,0,1,0,0,1,0,1,0
24020,1,0,1,0,0,0,0,0,0
24114,1,1,0,0,0,0,0,0,0
24115,1,1,0,0,0,0,0,0,0
24117,1,1,0,0,0,0,0,0,0
24197,1,0,0,0,0,1,0,1,0
24433,1,1,0,0,0,0,0,1,0
24473,0,0,0,0,0,1,0,0,0
24510,1,0,0,0,1,1,0,0,0
24513,1,0,1,0,1,0,0,0,1
24515,1,1,0,0,0,0,0,0,0
24516,1,0,1,0,0,0,0,1,0
24583,1,0,0,0,1,1,0,0,0
24585,0,0,0,0,0,1,0,0,0
24624,1,0,0,0,0,0,0,1,1
24834,1,1,0,1,0,1,0,0,0
24835,0,1,0,1,0,0,0,0,1
24838,1,0,1,0,0,0,0,0,0
24874,0,0,0,1,1,0,0,0,0
24915,1,0,0,0,0,1,0,0,0
24986,1,1,1,0,0,0,0,0,0
25045,1,0,0,0,1,0,0,0,1
25068,1,1,1,0,1,1,0,0,1
25238,0,1,0,0,0,0,0,0,1
25298,0,0,1,1,0,0,0,1,1
25311,1,0,0,0,1,0,0,0,1
25404,1,0,0,0,1,0,0,1,1
25611,1,1,1,0,1,1,0,0,0
25612,0,0,1,0,0,1,1,0,1
25797,0,0,0,1,0,0,0,0,1
25915,0,0,1,1,1,0,0,0,0
25916,0,1,0,1,0,0,0,1,0
26049,0,1,1,0,0,0,0,0,0
26068,0,0,0,1,0,1,0,0,0
26204,0,1,0,0,0,0,0,0,1
26331,0,1,0,1,0,0,0,0,1
26332,0,0,0,1,1,0,0,0,0
26333,0,0,0,1,0,1,0,0,0
26334,0,1,0,1,0,0,0,1,0
26335,0,0,0,1,0,0,0,0,0
26396,0,1,1,1,0,1,0,0,0
26397,0,0,0,0,1,0,0,0,1
26630,1,1,0,1,0,0,0,0,0
26808,0,0,0,1,1,0,0,1,0
27209,1,1,0,0,0,1,0,0,0
27440,0,0,0,1,1,0,0,0,0
27457,0,0,1,1,1,0,0,1,0
27458,0,0,0,1,1,0,0,0,0
27460,0,1,0,1,0,0,0,1,0
27866,0,0,1,1,0,1,0,0,0
27867,1,1,1,0,0,1,0,0,0
27868,1,1,0,0,0,1,0,0,0
27892,0,1,0,1,0,0,0,0,0
27941,0,0,0,1,0,1,0,0,1
28905,0,1,0,1,1,0,0,0,0
28906,0,0,1,1,0,0,0,0,0
29008,0,0,0,0,0,0,0,0,1
29096,1,0,1,0,0,1,0,0,0
29381,1,0,1,0,1,0,0,0,1
29644,0,0,1,1,0,0,0,0,0
29746,0,0,1,1,0,1,0,0,1
29950,1,0,0,0,0,0,1,0,0
30181,1,0,0,0,0,1,0,0,0
30215,1,1,1,1,1,0,0,0,0
30220,0,0,1,1,0,0,0,1,1
30247,1,1,0,0,0,1,0,0,1
30248,0,1,0,0,0,1,0,0,0
30249,1,1,0,0,0,1,0,0,1
30748,0,0,0,0,1,0,0,0,0
30771,1,1,0,0,0,1,0,0,0
30914,0,1,0,1,1,0,0,0,0
30915,0,1,0,1,1,0,0,0,0
31210,0,1,0,0,0,1,0,0,0
31211,0,1,0,0,1,1,0,0,1
31214,0,0,0,0,0,1,0,0,0
31219,1,0,0,0,0,1,0,0,0
31225,1,0,0,0,0,1,0,0,1
31226,0,1,0,0,1,1,0,0,1
31229,0,0,0,0,0,1,1,0,0
31231,0,0,0,0,0,1,0,0,0
31234,0,0,0,0,1,1,0,0,0
31236,0,0,1,0,1,1,0,0,0
31241,1,0,1,0,0,0,0,0,0
31242,0,0,0,1,0,0,1,0,0
31244,1,1,0,1,0,1,0,0,0
31245,1,0,1,1,1,0,0,0,0
31246,1,0,1,0,0,0,0,1,0
31249,1,0,1,0,0,0,0,1,1
31251,1,0,0,1,1,0,0,1,1
31252,0,1,0,1,1,0,0,0,0
31256,1,0,1,0,0,1,1,0,0
31260,0,0,0,0,0,0,0,1,0
31264,1,1,0,0,0,0,0,1,1
31265,1,0,0,0,0,0,0,0,0
31266,1,0,0,0,1,0,0,1,0
31271,0,0,0,0,1,0,0,0,1
31272,1,1,0,0,0,0,0,0,0
31276,1,1,0,0,0,0,0,0,0
31278,1,0,0,0,1,0,0,0,1
31283,0,1,0,0,1,0,0,0,1
31284,0,0,0,0,1,0,0,1,1
31285,0,0,0,0,0,0,1,0,0
31289,0,0,0,0,1,1,0,0,1
31291,1,0,0,0,1,0,0,0,1
31353,1,0,0,0,0,1,0,0,0
31408,1,0,0,1,0,1,0,0,0
31954,1,0,0,0,0,0,0,0,0
32033,0,0,0,0,1,0,0,0,0
32093,0,1,0,1,1,0,0,0,0
32196,0,1,0,0,1,0,0,0,0
32594,0,0,1,0,0,0,0,0,0
32967,1,0,0,0,0,0,0,0,1
33032,0,0,0,0,1,0,0,0,0
33135,0,0,1,1,0,0,0,0,1
33166,0,0,0,1,0,0,0,0,0
33637,0,0,0,1,0,1,0,0,0
33645,0,0,0,0,1,0,0,0,1
33960,1,1,0,0,0,0,0,0,0
34134,1,0,1,1,0,0,0,0,0
34286,0,1,0,0,1,0,0,0,0
34295,0,1,0,1,1,0,0,0,0
34590,0,0,1,1,0,0,0,0,0
34645,0,0,1,1,0,1,0,0,0
35349,0,0,1,1,1,0,0,0,1
35408,1,1,0,0,0,0,0,1,1
35785,1,0,1,0,0,0,0,0,0
35821,1,0,0,1,0,1,0,0,1
35960,0,0,0,0,0,0,1,1,1
36081,0,0,0,1,0,1,0,0,1
36098,0,0,0,1,0,0,0,1,0
36225,0,0,0,1,0,0,0,1,0
36822,0,1,0,1,1,0,0,0,0
37065,1,0,1,0,0,0,0,0,0
37098,0,0,0,0,0,0,0,0,1
38679,0,0,0,1,1,0,0,0,1
38762,0,0,0,0,1,0,0,0,1
39071,0,0,1,1,0,0,0,0,0
39742,1,0,0,0,0,1,0,1,1
39801,0,0,0,0,0,1,0,0,1
39914,0,1,0,0,0,0,0,0,0
40380,0,0,1,1,0,0,0,0,0
40787,0,0,0,1,1,0,0,0,0
41569,0,0,0,0,1,0,0,0,0
41570,0,1,0,1,0,0,0,0,0
41923,0,0,0,0,1,0,0,0,0
41971,0,0,0,0,0,0,1,0,0
42745,1,0,0,1,0,0,0,0,1
43045,1,0,1,0,0,1,0,0,0
43046,0,0,0,1,0,1,0,0,1
43263,1,1,1,0,0,0,0,1,1
43579,0,0,0,1,1,0,0,0,0
47649,0,0,0,1,1,0,0,0,1
49988,1,0,0,0,0,1,0,0,0
50006,1,1,0,0,0,0,0,0,0
50216,0,1,0,1,0,1,0,0,0
50608,1,0,1,0,1,0,0,0,0
51381,0,1,0,0,0,1,0,0,1
53517,0,0,1,1,1,0,0,0,1
53654,0,0,0,1,1,0,0,0,0
60968,1,0,1,1,0,1,0,0,0
60979,0,1,0,0,0,1,0,0,0
60983,0,1,0,0,1,0,0,0,0
60985,1,1,0,0,0,1,0,0,0
60990,0,1,1,1,0,1,0,0,0
60995,0,0,1,1,0,1,0,0,0
60997,0,0,0,1,0,0,0,0,0
60998,0,1,0,0,0,1,0,0,0
60999,0,1,0,0,0,1,0,0,0
61005,1,1,0,0,0,1,0,0,0
61006,1,1,1,1,0,0,0,0,0
61007,1,1,0,0,0,1,0,0,0
61010,0,1,1,0,0,1,0,0,0
61014,0,1,0,0,1,0,0,0,1
61015,1,0,0,0,1,0,0,0,1
61016,1,0,1,0,0,0,0,0,0
61020,1,0,0,1,0,0,0,0,1
61024,1,0,1,1,1,1,0,0,0
61027,0,1,0,0,1,0,0,1,1
61030,1,0,1,0,1,1,0,0,0
61031,1,0,0,0,1,0,0,0,1
61035,0,1,0,0,1,1,0,0,0
61040,1,0,1,0,0,1,0,0,0
61041,0,0,0,0,0,1,0,0,0
61045,0,0,0,0,1,0,1,1,1
61048,1,0,1,0,1,1,0,0,0
61050,1,1,0,0,1,1,0,0,0
61052,0,0,0,0,1,1,0,0,0
61054,0,1,1,0,0,1,0,0,1
61060,0,0,0,1,0,1,0,0,0
61085,1,1,0,0,0,1,0,0,0
61092,1,0,1,0,0,1,0,0,0
61093,1,1,0,0,0,1,0,0,0
61096,1,1,0,0,1,0,0,0,1
61098,1,1,0,0,0,1,0,0,0
61124,1,1,0,0,0,1,0,0,0
61125,0,0,0,1,0,0,0,0,1
61126,0,1,0,0,0,1,0,0,1
61129,0,0,0,0,0,1,0,0,0
61130,0,0,0,0,0,1,0,0,1
61134,1,1,0,0,0,1,0,1,0
61137,1,0,0,0,0,0,0,0,1
61138,1,1,0,0,1,0,0,0,0
61151,0,0,0,0,0,1,0,1,1
61153,0,0,0,1,0,0,1,0,1
61155,0,1,0,0,0,0,0,1,0
61159,0,1,0,0,0,1,0,0,1
61160,1,1,0,0,0,0,0,0,0
61166,1,0,1,0,0,0,0,0,0
61167,1,0,1,0,0,0,0,0,0
61171,0,0,0,0,1,0,0,0,1
61177,1,1,1,0,0,0,0,0,1
61183,1,1,0,1,0,0,0,0,0
61184,1,1,0,0,0,0,0,0,0
61185,1,1,0,0,1,1,0,0,1
61192,0,0,0,1,1,0,0,0,0
61199,0,1,0,0,0,0,0,0,0
61200,0,1,0,0,0,1,0,1,0
61202,0,1,1,1,0,0,0,0,0
61204,1,1,0,0,1,0,0,0,0
61209,0,1,0,0,0,0,0,0,0
61217,0,0,0,0,1,0,0,0,1
61229,0,1,0,0,0,1,0,0,0
61235,1,0,1,1,0,1,0,0,0
61240,0,1,0,1,0,1,0,0,0
61243,0,0,0,1,0,1,0,0,0
61252,0,1,0,1,1,0,0,0,0
61260,0,0,1,0,1,0,0,0,0
61261,0,1,0,0,1,0,0,1,1
61262,0,1,0,1,0,1,0,0,1
61275,0,0,1,0,0,1,0,0,0
61278,1,0,0,0,0,0,0,1,1
61282,0,0,0,1,1,0,0,0,0
61284,1,1,0,1,0,1,0,0,0
61290,1,0,1,0,0,1,0,1,1
61293,1,0,1,0,0,0,0,1,0
61294,0,1,0,0,1,1,0,0,0
61295,0,0,1,0,1,0,0,0,1
61296,1,1,0,0,0,0,0,1,1
61302,1,0,0,0,0,1,0,0,0
61303,1,1,0,0,1,0,0,0,1
61304,1,0,0,0,0,1,0,0,0
61310,1,0,1,0,0,0,0,0,0
61319,1,0,0,0,0,0,0,1,0
61325,1,1,0,0,0,0,0,1,0
61331,0,1,0,1,0,1,0,0,1
61334,1,0,0,0,0,0,0,0,0
61337,1,1,0,1,0,0,0,0,0
61341,0,1,0,0,0,1,0,0,0
61342,1,0,1,0,1,0,0,0,1
61346,0,0,0,1,0,0,1,0,0
61351,1,0,0,0,0,0,0,1,1
61359,0,0,1,1,0,0,0,0,0
61361,0,0,0,0,0,1,0,0,0
61362,0,0,1,0,0,1,0,0,0
61375,1,1,1,0,0,0,0,0,1
61384,1,1,0,1,0,1,0,0,1
61386,0,0,0,0,1,0,0,1,1
61400,0,1,0,1,0,0,1,1,0
61401,1,0,0,0,0,1,0,0,0
61402,1,0,0,0,0,1,0,0,1
61403,0,0,1,0,0,1,0,0,0
61404,0,1,0,0,0,0,0,0,0
61405,1,1,0,0,0,0,0,0,0
61406,1,0,0,0,1,0,0,0,0
61407,1,1,0,0,0,0,0,0,0
61408,1,0,0,0,0,0,0,0,1
61410,1,0,0,1,1,0,0,1,0
61412,1,1,0,1,1,0,0,0,0
61415,1,0,1,0,0,0,0,1,1
61416,1,1,0,0,0,1,0,0,0
61417,1,1,0,0,0,1,0,0,0
61418,1,0,0,1,0,1,0,0,0
61431,1,0,1,0,0,0,0,1,1
61434,0,1,0,0,1,1,0,0,1
61435,1,0,0,0,0,1,0,0,1
61446,1,0,0,0,0,1,0,0,0
61447,1,1,0,0,0,1,0,0,0
61448,1,0,0,1,0,0,0,0,1
61450,1,0,1,1,0,1,0,0,0
61451,0,0,1,0,0,1,0,0,0
61452,1,1,0,0,0,0,0,0,0
61453,0,0,1,1,0,0,0,0,0
61455,1,1,1,0,0,0,0,0,0
61457,1,1,0,0,0,1,0,0,0
61464,0,0,1,0,0,1,0,0,0
61466,1,1,0,0,0,0,0,0,0
61502,0,1,0,0,0,0,0,1,0
61516,1,0,0,0,0,1,0,0,0
61517,1,1,1,0,0,0,0,0,0
61521,0,1,0,0,0,1,0,0,0
61523,1,1,0,0,0,1,0,0,0
61524,0,0,1,0,0,1,0,0,1
61527,0,1,0,1,1,0,0,0,0
61586,0,1,0,0,0,0,1,0,0
61590,1,1,0,0,0,1,0,1,0
61592,1,1,0,0,0,0,0,0,0
61633,0,1,0,0,0,0,0,1,0
61634,0,1,0,1,0,0,0,0,0
61641,1,0,1,0,1,0,0,0,0
61653,0,1,0,1,0,1,0,0,0
61656,0,0,0,1,1,0,0,0,0
61657,0,0,0,0,0,0,0,1,1
61658,1,0,0,1,0,0,0,0,0
61659,0,0,0,1,1,0,0,1,0
61660,0,0,0,1,1,0,0,1,0
61661,0,0,0,1,0,0,0,0,0
61662,0,1,1,0,1,0,0,0,0
61663,1,0,0,1,0,0,0,0,0
61664,1,0,0,0,0,0,0,1,1
61665,0,0,1,1,0,1,0,0,0
61670,0,0,0,1,1,0,0,1,0
61696,0,1,0,0,0,0,0,0,0
61700,0,0,1,1,1,0,0,0,0
61712,0,0,0,0,0,0,1,1,1
61715,0,0,1,1,0,0,0,0,0
61738,1,0,1,0,0,0,0,0,0
61743,1,1,0,0,1,0,0,0,1
61746,1,1,0,0,0,1,0,0,1
61771,0,0,0,0,0,1,0,0,0
61780,1,0,0,1,0,1,0,0,1
61781,1,1,0,1,0,1,0,0,0
61808,1,0,1,1,0,0,0,0,0
61809,0,1,0,1,1,0,1,1,0
61812,1,0,0,0,0,0,0,0,0
61814,1,1,0,1,0,0,0,0,0
61829,0,0,0,0,1,0,0,1,1
61834,0,1,0,0,0,0,0,0,1
61835,1,1,0,0,1,0,0,0,0
61845,0,0,1,1,1,0,0,0,0
61875,1,0,1,0,0,1,0,0,0
61897,1,0,1,1,1,0,0,0,0
61914,1,0,0,0,1,0,0,0,1
61918,0,1,0,1,1,0,0,0,0
61922,0,0,0,1,1,0,0,0,0
61926,0,0,0,0,1,0,0,0,0
61935,1,1,0,0,0,1,0,0,0
61936,0,0,0,1,1,0,0,0,0
61942,1,0,0,0,0,1,0,0,0
61945,0,0,0,0,1,0,0,0,1
61951,0,1,0,1,0,0,0,0,0
61953,1,1,0,1,0,1,0,0,0
61954,1,0,0,0,0,0,1,0,0
61955,1,1,0,0,0,0,0,0,0
61967,0,0,0,1,0,1,0,0,0
61976,0,0,1,1,0,0,0,0,1
61979,0,0,0,0,1,0,0,0,0
61980,1,0,0,0,0,0,0,1,1
61982,0,0,0,0,0,0,0,0,1
61984,1,0,1,0,0,1,0,0,1
61985,1,1,0,0,0,0,0,0,0
61988,0,0,0,1,0,0,0,0,0
61989,0,0,0,0,1,0,0,0,1
61990,1,1,1,1,1,0,0,0,0
61995,0,1,1,0,1,0,0,0,0
61997,0,0,1,0,0,0,0,1,0
62000,0,0,1,1,0,0,0,0,0
62007,1,1,0,0,0,0,0,0,0
62017,1,1,0,1,0,1,0,0,0
62024,1,0,0,0,0,0,0,0,0
62069,0,0,1,1,0,0,0,0,1
62087,0,0,0,0,1,0,0,0,0
62090,0,0,0,0,1,0,0,1,1
62092,0,1,0,1,0,1,0,0,0
62095,1,0,1,1,0,1,0,0,0
62098,1,1,0,1,0,1,0,0,0
62105,0,1,0,0,1,0,0,0,0
62117,0,0,0,0,0,1,0,0,1
62126,0,0,1,1,0,0,0,0,1
62127,1,0,0,1,0,0,0,0,0
62128,0,0,0,0,1,0,0,0,0
62131,0,0,0,1,1,0,0,0,0
62143,0,0,0,1,1,0,0,0,0
62144,0,0,0,1,0,0,0,0,0
62145,0,0,1,0,1,0,0,0,1
62148,0,1,0,1,0,1,0,0,1
62166,1,0,0,0,0,0,0,0,0
62182,0,0,0,0,1,0,0,0,0
62183,0,0,0,0,1,0,0,0,0
62218,1,0,1,1,0,0,0,0,1
62220,1,0,1,0,0,0,0,0,0
62237,0,0,0,0,1,0,0,0,1
62321,1,1,0,0,0,0,0,0,0
62326,0,0,0,0,1,0,0,0,1
62328,1,1,0,0,0,1,0,0,0
62332,0,1,0,0,1,1,0,0,1
62333,1,0,0,0,0,0,0,1,0
62334,1,0,1,1,0,0,0,0,0
62336,1,0,1,1,0,1,0,0,0
62348,0,1,0,0,1,1,0,0,0
62349,0,1,0,0,0,0,0,0,0
62350,0,0,0,0,0,1,0,0,0
62351,0,0,1,1,0,0,0,1,0
62362,0,0,0,0,1,0,0,0,1
62374,0,1,0,1,0,1,0,0,0
62375,0,1,1,1,0,0,0,0,0
62378,1,0,0,0,0,1,0,0,1
62384,1,0,1,1,0,0,0,0,1
62385,1,0,0,1,0,0,1,0,1
62387,0,0,1,1,0,1,0,0,0
62424,0,0,0,0,0,0,0,0,1
62433,1,0,0,0,0,0,0,0,1
62434,0,0,0,0,1,0,0,0,1
62444,1,1,0,1,1,0,0,0,0
62445,1,0,0,1,0,1,0,1,0
62447,1,0,1,0,1,1,1,0,0
62453,0,0,0,0,0,0,1,0,1
62465,0,0,0,0,0,1,1,1,1
62469,1,1,1,0,0,1,0,0,0
62477,1,0,1,0,0,0,1,1,0
62484,0,1,0,0,0,0,0,0,0
62490,1,1,0,0,0,0,0,0,0
62510,0,0,1,1,1,0,0,0,0
62539,0,1,0,1,0,0,0,0,0
62553,0,1,0,0,0,1,0,1,0
62571,0,0,0,0,1,0,0,1,1
62572,1,0,1,0,0,0,0,0,0
62575,1,0,1,0,0,0,0,0,0
62578,1,0,0,0,0,0,0,0,0
62580,1,1,0,0,0,0,0,0,0
62583,1,1,0,1,0,0,0,0,0
62592,1,1,1,0,0,1,0,0,0
62624,0,0,0,0,1,1,0,0,0
62654,0,1,1,0,0,1,0,0,0
62661,0,0,0,0,0,1,0,0,0
62725,0,0,1,0,0,0,0,0,0
62752,0,1,0,0,0,0,0,0,0
62835,0,1,0,0,0,0,0,0,0
62876,0,0,1,1,0,0,0,0,0
62897,0,1,0,1,0,0,0,1,0
62900,0,1,0,1,0,1,0,0,0
62901,0,0,1,1,1,0,1,0,1
62902,1,0,1,0,0,0,0,0,1
62908,1,1,0,0,0,0,0,1,1
62911,0,1,0,1,0,1,0,0,1
62913,0,1,0,0,0,1,1,0,0
64685,0,0,0,1,0,1,0,1,0
64805,1,0,1,1,0,1,0,0,0
65288,0,0,0,1,1,0,0,0,0
65289,1,0,1,0,0,1,0,0,0
65290,0,0,0,0,1,0,0,0,0
65413,0,0,1,1,0,0,0,0,0
65425,1,1,0,1,1,0,0,0,0
65427,0,1,0,0,1,0,0,1,0
65575,0,0,0,1,0,0,0,0,0
65724,1,0,0,1,0,1,0,0,0
66165,1,0,0,0,0,0,0,0,0
66193,0,1,0,0,0,0,0,0,0
66282,0,0,0,0,1,0,0,0,1
66356,1,0,0,0,0,0,0,0,1
66581,0,1,0,0,0,1,0,0,1
66595,0,0,0,0,0,1,0,0,0
66600,0,1,0,1,0,0,0,0,0
66678,0,1,0,1,0,0,0,0,0
66751,0,0,0,0,1,0,0,0,1
66768,1,1,0,1,0,1,0,0,0
66774,0,1,0,0,0,0,0,1,1
66929,1,0,1,1,0,0,0,1,1
66955,1,0,1,0,0,0,0,1,1
66967,0,0,0,0,0,0,0,0,1
67116,0,1,0,1,0,1,0,0,0
67146,0,1,0,0,0,0,0,0,0
67328,1,0,0,0,0,0,0,1,1
67521,0,0,0,1,0,0,0,0,1
68057,0,0,0,1,0,1,0,0,0
68128,1,1,0,1,1,1,0,0,0
68130,1,1,0,0,0,0,0,0,0
68135,0,0,0,1,1,0,0,0,0
68148,0,0,0,0,0,0,1,1,1
68252,0,0,0,0,1,1,0,1,1
68289,0,0,0,0,0,0,1,0,1
68329,1,1,0,1,0,0,0,1,0
68346,1,1,1,0,0,1,0,0,0
68379,1,0,0,0,0,1,0,0,0
68470,0,0,0,0,1,1,0,0,0
68481,0,1,0,1,0,0,1,0,1
68482,1,0,0,0,0,0,0,0,0
68960,0,1,1,0,0,0,0,1,0
69027,1,0,1,0,0,0,0,0,1
69092,1,1,0,0,0,1,0,0,0
69154,0,1,0,0,0,1,0,0,1
69188,1,0,0,0,0,1,0,0,0
69203,0,1,0,0,0,0,0,0,0
69220,0,0,0,0,1,0,1,0,1
69278,0,0,0,0,0,0,0,1,1
69320,0,0,1,1,1,1,0,0,0
69346,1,1,0,0,0,0,0,0,0
69350,1,0,1,1,1,0,0,1,1
69351,1,0,0,0,0,0,0,1,1
69354,1,1,1,0,0,0,0,1,0
69396,1,0,0,0,0,0,0,0,0
69410,1,1,0,0,0,0,1,0,1
69415,0,0,1,1,0,0,0,1,0
69467,0,0,0,1,1,0,0,1,1
69523,0,0,1,1,0,0,0,0,0
69600,0,0,0,0,0,0,0,0,1
69644,1,0,1,0,0,1,0,1,1
69674,0,1,1,1,0,1,0,0,0
69702,0,0,0,0,1,0,0,0,0
69884,0,1,1,1,0,0,0,0,1
69949,1,0,0,0,0,0,1,1,0
69951,1,0,0,0,0,0,0,0,0
69953,1,1,1,0,0,0,0,1,1
69956,1,0,0,0,0,0,0,1,0
69963,0,0,1,0,1,0,0,0,1
69968,0,0,0,0,1,0,0,0,1
70153,0,0,0,0,1,0,0,0,1
70273,1,0,0,0,0,0,0,0,0
70324,0,0,0,0,0,1,0,0,1
70520,0,0,1,0,0,1,1,0,0
70694,1,1,1,0,0,0,0,0,1
70701,1,0,0,0,0,0,0,0,0
70792,1,1,0,0,0,0,0,0,0
70797,0,0,1,1,1,0,0,0,0
70960,1,1,0,0,0,0,0,0,0
70968,0,1,0,0,0,0,0,1,0
71544,0,1,1,0,0,1,0,0,0
72872,0,0,0,1,0,1,0,1,1
73114,0,0,0,0,0,0,0,0,1
73689,0,0,0,0,0,1,0,0,0
73690,0,0,0,1,0,1,1,0,0
73750,0,1,1,1,0,0,0,0,0
73771,0,0,0,0,1,0,1,1,0
73772,1,0,0,1,0,1,0,0,0
73818,0,0,0,0,1,0,0,0,0
73955,0,1,0,0,0,0,0,1,0
74008,1,1,0,1,0,1,0,1,0
74096,1,0,1,0,0,0,0,0,0
74137,1,1,1,0,0,0,0,0,1
74174,1,0,1,0,0,0,0,0,1
74201,0,0,0,0,0,0,1,1,0
74213,0,0,0,1,1,0,0,0,1
74279,1,0,0,1,0,0,0,1,1
74346,0,0,1,0,0,0,1,1,1
74351,0,0,1,0,0,1,1,0,0
74361,0,0,0,1,0,1,0,0,1
74507,1,1,0,1,0,0,0,1,0
74690,0,0,0,0,0,0,0,0,1
74786,1,0,0,0,0,0,0,0,1
74901,1,0,0,1,1,1,0,0,0
74904,0,1,0,0,0,1,0,0,0
74915,0,0,1,1,1,0,0,0,1
75024,1,1,0,1,0,0,0,0,0
75033,0,1,1,1,0,1,1,0,0
75140,0,0,1,0,0,1,0,0,1
75187,1,1,0,0,0,1,0,0,0
75232,0,0,0,0,0,0,0,0,1
75263,0,0,1,0,0,0,0,1,0
75319,1,0,0,0,0,1,0,1,1
75320,1,0,1,0,0,0,0,1,1
75321,1,0,0,0,1,0,0,0,1
75364,0,1,0,0,0,0,0,0,1
75427,1,0,1,1,0,0,0,0,0
75468,0,1,0,0,0,1,0,0,1
75469,1,1,0,1,0,1,0,0,0
75486,1,0,0,0,1,1,0,0,0
75513,1,0,1,1,1,0,0,0,1
75552,0,0,0,0,1,0,0,0,1
75554,1,0,0,0,0,0,0,0,0
75664,0,0,0,0,1,0,0,0,0
75836,1,1,0,0,0,1,0,0,0
76152,0,0,0,1,1,0,0,1,0
76153,0,0,0,1,1,0,0,0,0
76326,1,1,0,0,0,0,0,0,0
76662,1,1,0,0,0,0,0,0,0
76674,0,1,0,0,0,0,1,0,0
76889,0,1,0,0,0,1,0,0,0
76922,0,0,1,0,0,0,0,1,0
76963,1,0,0,0,0,1,0,0,0
77129,0,0,1,1,0,0,0,0,0
77151,0,0,0,0,1,0,0,0,0
77153,0,0,0,0,0,0,0,0,1
77223,1,0,1,0,0,0,0,1,1
77224,1,0,1,0,0,1,0,1,0
77225,1,0,1,1,0,0,0,0,1
77255,1,1,0,0,0,1,0,1,1
77289,1,0,1,0,1,0,0,0,1
77366,1,1,0,0,0,1,0,0,1
77544,1,0,0,0,0,0,1,0,0
77652,0,0,0,0,1,0,0,1,1
77743,0,0,0,1,1,0,0,0,1
77775,0,0,1,0,1,0,0,0,1
77837,0,0,1,1,1,0,0,0,0
77840,0,0,1,0,0,0,0,1,0
77845,0,0,0,0,1,0,0,0,1
77907,0,1,1,0,1,0,0,0,1
77932,1,0,0,0,1,0,0,1,1
78120,0,0,1,0,0,0,0,1,0
78126,1,0,0,0,1,0,0,0,1
78151,0,0,1,0,0,0,0,1,0
78160,0,0,1,0,0,0,0,1,0
78199,1,0,1,0,1,0,0,0,1
78236,1,0,1,1,0,1,0,0,1
78245,1,0,0,0,1,0,0,0,1
78252,0,0,0,0,1,0,0,1,1
78405,0,1,0,1,0,0,0,1,1
78435,0,0,0,1,0,0,0,0,0
78484,1,1,1,0,0,1,0,0,0
78750,0,1,1,0,0,0,0,0,0
78760,0,1,0,1,0,1,1,0,0
78879,1,0,1,0,0,0,0,0,0
78925,0,0,1,1,0,0,0,0,1
78941,1,1,0,0,1,1,0,0,0
79023,0,0,0,0,0,1,0,0,0
79035,0,0,1,1,0,0,0,0,0
79049,1,0,1,0,0,0,0,1,0
79065,1,1,0,0,0,0,0,0,0
79086,0,0,1,0,0,0,0,1,0
79089,0,0,0,0,1,0,0,0,0
79098,0,0,0,0,0,0,0,0,1
79117,1,0,1,0,0,0,0,1,0
79148,0,0,0,0,1,0,0,1,1
79187,1,0,0,1,0,1,0,0,1
79298,0,1,0,0,1,1,0,0,0
79310,0,1,1,1,0,0,1,0,0
79406,0,0,0,0,0,1,0,0,1
79409,0,1,0,1,0,1,0,0,0
79457,1,1,0,0,1,1,0,1,1
79487,0,1,0,0,0,1,0,0,0
79541,1,0,1,0,0,1,0,0,0
79544,1,0,0,0,0,0,0,1,1
79546,1,1,0,0,1,0,0,0,1
79552,1,0,0,1,0,1,0,1,1
79555,0,0,0,0,0,1,0,0,1
79581,1,0,0,0,1,0,0,0,1
79582,1,0,0,0,1,0,0,1,1
79735,1,1,0,0,1,1,0,0,0
79738,1,1,0,0,0,1,0,0,1
79753,0,0,1,1,0,0,0,1,1
79782,0,1,1,0,0,1,0,0,1
79803,0,1,0,0,1,0,0,0,0
79813,0,1,0,0,0,1,0,0,0
79828,0,0,0,0,1,0,0,1,1
79911,0,1,0,0,1,0,0,0,0
80018,1,0,1,0,0,0,0,0,0
80024,1,1,0,1,1,0,0,0,1
80046,0,0,1,0,1,0,0,0,1
80284,0,0,1,1,1,0,0,0,1
80345,0,1,0,0,0,1,0,0,1
80353,1,0,0,1,1,0,0,0,0
80354,1,0,0,0,0,0,0,1,0
80388,1,0,0,0,0,0,1,1,0
80408,0,0,0,1,1,0,0,0,1
80454,1,0,0,0,0,0,0,0,0
80455,0,1,0,1,0,0,0,0,1
80584,0,1,1,0,0,1,0,0,0
80606,1,0,0,1,0,0,0,1,0
80790,0,0,1,0,0,1,1,0,1
80792,1,0,0,0,0,1,0,0,1
80800,1,0,1,0,0,1,0,0,0
80865,1,1,0,1,0,0,0,0,0
80960,0,1,1,0,1,1,0,0,0
81006,1,0,0,1,0,0,0,1,0
81045,0,0,1,1,0,0,0,1,1
81102,1,1,0,0,0,0,0,0,0
81221,0,0,0,1,0,1,0,0,1
81263,1,1,0,0,0,1,0,0,1
81359,1,1,0,0,0,0,0,0,0
81464,1,1,1,1,0,0,0,0,1
81784,1,1,0,0,0,1,0,0,0
81834,1,0,1,0,0,0,0,0,1
81894,1,1,0,0,1,0,0,0,0
81898,0,0,0,1,0,1,0,0,0
81964,1,0,0,0,0,1,0,0,0
82202,0,0,0,0,1,0,0,0,1
82229,0,1,0,1,0,1,0,0,0
82336,1,0,0,0,0,0,0,0,0
82397,1,1,0,0,0,0,0,0,1
82493,0,0,0,0,0,1,0,0,0
82511,1,0,0,0,1,1,0,0,0
82584,1,0,0,0,0,1,0,0,1
82610,1,0,0,1,0,0,0,0,0
82613,0,0,0,1,0,1,0,0,1
82635,1,0,1,0,1,1,0,1,1
82650,0,0,0,0,0,0,0,0,1
82664,1,1,0,0,0,1,0,0,0
82757,0,0,1,1,0,0,0,0,0
83035,0,0,1,1,0,0,0,1,1
83036,0,0,1,1,0,0,0,1,1
83084,1,1,0,0,0,0,0,0,1
83268,1,0,1,0,0,1,0,0,0
83453,0,0,1,1,1,0,0,1,0
83466,0,0,1,1,0,0,0,1,1
83553,1,0,0,0,1,0,0,1,1
83653,0,1,0,1,0,0,0,0,0
83655,1,1,0,1,0,1,0,0,0
84216,0,0,1,0,0,1,1,0,0
84234,0,0,1,1,1,0,0,1,1
84338,0,0,0,0,1,0,0,0,1
84556,1,0,0,0,0,1,1,0,1
84559,1,0,1,0,1,0,0,0,0
84825,1,0,0,0,0,0,0,0,0
85053,0,0,1,1,0,0,0,0,0
85071,1,0,1,0,0,0,0,0,0
85073,0,0,0,1,1,0,0,0,1
85224,0,0,0,1,0,0,0,0,1
85418,1,1,0,1,0,0,0,0,1
85519,0,0,1,1,0,1,0,0,0
85520,1,0,0,1,1,0,0,0,1
85521,0,0,0,1,1,0,0,0,1
85522,1,0,0,1,1,0,0,0,1
85730,0,1,0,1,1,0,0,1,0
85755,1,0,0,1,0,1,0,0,1
85826,0,0,1,1,0,1,0,0,1
85994,1,0,0,0,0,1,0,0,0
86043,1,0,0,1,1,0,0,0,1
86044,1,1,1,0,0,0,0,0,0
86558,1,1,0,1,0,0,0,0,0
86573,1,0,1,0,1,0,0,0,0
86579,0,0,1,0,0,1,0,0,0
86707,0,0,0,1,0,1,0,0,0
86733,1,1,0,1,1,0,0,0,1
86741,1,1,0,0,0,0,0,0,0
86749,1,0,0,0,0,1,0,0,0
86751,1,0,0,0,0,1,0,0,0
86753,1,0,0,0,0,1,0,0,0
86782,1,0,0,1,0,1,0,1,1
86783,0,0,0,0,0,1,0,0,1
86799,0,1,0,0,0,1,0,0,0
86834,1,1,0,0,0,0,0,0,0
86851,1,1,0,0,0,0,0,1,1
87083,1,1,0,0,0,0,0,0,0
87085,1,1,0,0,0,1,0,0,0
87170,0,1,0,1,0,1,1,0,0
87198,0,0,1,1,0,1,0,0,0
87436,0,0,1,0,0,0,0,1,0
87466,0,0,1,1,0,0,0,0,0
87598,1,0,0,0,0,0,0,1,1
87630,1,0,0,0,1,1,0,0,1
87762,0,0,0,1,0,0,0,0,1
87793,1,0,1,1,1,0,1,0,1
87813,1,0,1,1,0,1,0,0,0
87927,0,0,1,1,1,1,0,0,0
87947,1,0,1,1,0,1,0,0,0
88290,1,0,0,0,1,0,0,0,1
88332,0,0,0,0,0,1,0,1,0
88362,1,1,0,0,0,0,0,0,1
88453,1,1,0,0,0,0,0,1,1
88454,1,0,0,1,0,0,0,0,0
88561,1,0,0,0,0,0,0,1,0
88667,1,1,0,0,0,0,0,1,1
89084,1,1,0,0,0,0,0,0,0
89307,1,0,0,0,0,1,0,0,0
89316,0,0,0,1,1,0,0,0,1
89463,1,0,1,0,0,0,0,0,0
89464,1,0,1,0,0,0,0,0,0
89559,0,1,0,1,1,1,0,0,0
89560,0,1,0,1,0,0,0,0,1
89734,1,1,0,1,0,0,0,0,0
90136,1,1,0,0,0,1,0,0,0
90160,1,1,1,0,0,0,0,0,0
90245,0,1,0,1,1,1,0,0,0
90246,0,1,0,1,1,0,0,0,0
90607,0,1,0,0,1,1,0,0,0
90927,0,0,0,0,0,0,0,0,1
90960,1,0,0,0,0,0,0,0,0
90972,1,0,1,0,1,0,0,0,1
90984,1,0,1,0,0,0,0,0,1
91162,1,0,1,0,0,1,0,1,0
91163,1,0,0,0,0,1,0,0,1
91361,0,0,0,0,1,0,0,0,1
91388,0,0,0,1,0,1,0,0,0
91409,0,0,1,1,0,0,0,1,1
91496,1,1,0,0,0,1,0,0,0
91508,0,1,1,1,0,0,0,0,0
91604,0,0,0,1,0,1,1,0,0
91849,1,0,0,0,0,0,0,0,0
91850,1,0,1,0,0,1,0,0,0
91978,1,1,1,0,0,0,0,0,0
92018,1,0,0,0,0,0,0,0,0
92083,0,1,0,0,0,0,0,0,0
92138,0,1,1,1,0,1,0,0,0
92210,1,0,1,0,0,0,0,1,1
92595,1,0,0,0,0,1,0,0,0
92640,1,0,0,0,1,0,0,0,1
92779,1,1,0,0,1,0,0,0,0
92780,0,0,1,1,0,1,1,0,0
92814,1,1,0,0,0,0,0,0,0
92821,0,1,0,0,0,0,0,0,0
92972,0,0,0,0,0,0,0,0,1
93009,0,1,0,1,1,1,0,0,0
93046,0,0,0,0,0,1,0,0,0
93081,1,0,1,1,0,1,0,0,0
93111,1,1,0,0,1,0,0,0,0
93199,1,0,0,0,0,1,1,0,0
93236,0,0,1,0,1,0,0,1,1
93375,1,0,1,0,0,1,0,0,0
93649,0,0,0,1,0,0,0,0,1
93661,1,1,0,0,1,0,0,0,0
93769,0,1,0,1,0,0,0,0,0
93781,0,1,0,1,0,1,1,0,1
93831,1,1,0,0,0,0,0,1,0
93838,1,0,0,1,0,1,0,0,0
93869,0,0,0,1,0,0,0,0,0
93896,0,1,0,0,0,1,0,0,1
94001,1,0,0,1,0,0,0,0,1
94077,1,0,0,1,0,1,0,0,1
94143,1,0,0,1,0,1,0,0,0
94164,0,1,0,1,0,0,0,0,0
94174,0,1,1,1,0,1,0,0,0
94182,1,0,0,0,0,0,0,0,1
94206,0,0,0,0,0,0,0,0,1
94217,1,0,0,0,0,0,0,0,0
94282,0,1,1,0,1,0,0,0,1
94292,1,0,1,1,0,1,0,0,0
94310,0,0,0,0,1,0,0,0,1
94339,1,0,0,0,1,0,0,1,1
94349,0,1,0,0,0,1,0,0,0
94378,0,0,0,0,0,0,0,0,1
94386,0,1,0,0,0,0,0,1,1
94454,0,1,0,0,1,0,0,0,1
94579,1,0,1,0,0,1,0,0,0
94602,1,1,1,0,0,1,0,0,0
94608,1,1,0,0,0,0,0,0,0
94886,1,1,1,0,0,0,0,0,0
95007,1,1,0,0,1,0,0,0,0
95016,1,0,0,0,0,0,0,1,0
95086,0,1,0,0,0,0,0,0,0
95136,0,1,0,0,0,1,0,0,1
95266,0,0,1,0,1,1,0,0,0
95269,1,0,1,0,0,0,0,0,1
95315,1,0,0,0,1,0,0,0,0
95385,1,0,0,1,1,0,0,0,1
95392,1,1,1,0,0,0,0,0,0
95395,1,1,0,0,0,0,0,0,0
95397,1,0,1,0,0,1,0,0,0
95425,1,0,0,0,1,0,0,0,1
95466,1,0,1,0,0,1,0,1,0
95495,1,1,0,1,1,1,0,0,0
95539,1,0,0,0,0,1,0,0,0
95540,1,0,0,0,1,1,0,0,0
95568,1,0,0,0,0,0,0,0,0
95572,1,0,1,0,0,1,0,0,0
95594,1,1,1,1,1,1,0,0,0
95609,0,1,0,0,0,0,0,0,0
95633,0,1,1,0,0,1,0,0,0
95644,1,0,1,0,0,1,1,0,0
95950,0,0,0,0,1,0,0,0,1
95978,1,1,0,0,0,0,0,0,0
95979,1,0,1,1,0,1,0,0,0
96204,0,1,1,0,1,0,0,0,0
96325,1,1,0,0,0,0,0,0,1
96461,1,1,1,1,0,0,0,0,1
97707,0,1,0,0,0,0,0,0,0
97730,1,1,1,0,1,0,0,0,1
97747,0,1,0,0,1,0,0,0,1
97785,0,0,1,1,0,1,0,0,0
97881,1,1,1,0,0,0,0,0,0
97883,1,0,0,0,0,0,0,0,0
97895,1,0,1,0,0,0,0,1,1
97987,1,0,0,0,0,1,0,0,1
98004,0,1,0,0,1,0,0,0,0
98054,1,1,0,0,0,0,0,0,0
98081,0,1,0,0,0,1,0,0,0
98083,1,0,0,0,0,1,0,0,1
98118,0,0,0,0,0,1,0,0,0
98218,1,0,1,1,0,0,0,0,1
98280,0,0,0,0,1,0,0,0,0
98323,0,1,0,1,0,1,0,0,0
98330,0,0,1,0,1,0,0,0,1
98403,0,0,1,0,0,1,1,0,0
98461,1,0,1,1,1,0,0,1,1
98471,1,1,0,0,0,0,1,1,0
98478,0,1,1,1,0,1,0,0,0
98492,1,1,0,0,1,0,0,0,0
98781,0,0,0,0,1,0,0,0,1
99611,0,0,1,1,1,0,0,0,1
99643,1,1,0,0,1,1,0,0,0
100031,0,0,0,0,0,1,0,0,0
100240,0,0,1,1,0,0,0,0,0
100495,1,1,0,0,0,1,0,0,0
100851,1,0,1,0,1,0,0,0,1
100927,0,0,0,1,1,0,0,0,1
100936,1,0,0,1,0,1,0,0,0
100990,1,1,1,0,0,1,0,0,0
101003,0,1,0,1,1,0,0,0,0
101004,0,0,0,1,1,0,0,0,0
101005,0,0,0,1,1,0,0,0,0
101010,1,0,1,0,0,0,0,0,1
101023,1,0,1,0,0,1,0,0,1
101080,1,1,0,0,0,0,0,0,0
101115,0,0,0,0,0,1,0,0,0
101144,0,1,0,0,0,1,0,0,1
101145,1,1,0,0,0,0,0,0,0
101285,1,1,0,0,0,1,0,0,0
101330,0,0,0,0,1,1,0,0,1
101338,0,0,0,0,1,0,0,1,1
101363,1,0,1,0,1,1,0,1,1
101364,1,0,1,0,0,1,0,0,0
101365,1,0,0,0,0,0,0,0,0
101536,1,1,0,1,0,0,0,0,0
101549,0,0,0,1,1,0,0,0,0
101592,0,0,1,0,1,1,0,0,1
101604,1,1,0,1,0,1,0,0,0
101977,0,0,0,0,0,1,0,0,0
102024,1,1,1,0,0,1,0,0,0
102491,1,0,0,1,1,1,0,0,1
102495,1,0,0,0,0,0,0,0,1
102507,1,0,0,0,0,1,0,0,0
102515,1,0,0,0,1,0,1,0,0
102550,1,0,0,0,0,1,0,0,0
102553,1,0,0,0,0,1,0,0,0
102562,0,0,0,1,0,0,0,0,0
102567,0,1,0,0,1,1,0,0,0
102578,1,1,0,0,0,1,0,0,1
102604,0,1,0,1,1,1,0,0,0
102611,0,1,1,1,0,1,0,0,0
102648,0,0,1,0,0,1,0,0,0
102667,0,1,0,1,0,1,0,0,0
102680,0,0,1,0,0,1,0,0,0
102772,0,0,1,1,0,1,0,0,0
102794,1,1,0,0,0,0,0,1,0
102815,1,0,1,1,1,0,0,0,1
102817,1,1,0,0,0,0,0,0,0
102820,1,1,0,0,0,0,0,0,0
102833,0,1,0,1,0,0,0,0,0
102844,1,0,1,0,0,0,0,0,0
102846,1,1,0,0,0,1,1,0,1
102849,0,0,1,0,0,0,0,0,0
102855,1,0,0,0,0,0,0,0,0
102861,1,0,0,0,0,1,0,0,0
102916,1,0,0,1,1,1,0,0,0
102967,1,0,1,0,0,0,0,1,1
102968,0,1,0,0,0,1,0,0,0
102993,1,1,1,0,0,0,0,0,1
103018,1,0,0,0,0,1,0,0,0
103034,0,0,0,0,1,0,0,0,0
103310,0,0,1,0,0,1,0,0,0
103381,0,0,0,1,0,0,0,0,1
103404,1,0,0,1,1,0,0,0,0
103653,1,1,1,0,1,1,0,0,0
103688,1,1,0,0,0,0,0,0,0
103788,1,0,0,1,1,0,0,0,1
103814,1,0,0,0,0,0,0,0,0
103826,1,0,0,0,0,1,0,0,0
103858,1,0,0,1,1,0,0,0,1
104170,1,0,0,0,1,0,0,0,1
104224,1,0,0,0,0,0,0,0,1
104421,1,0,1,0,0,0,0,0,0
104425,0,1,0,0,0,1,1,1,1
104486,1,0,1,0,0,1,0,0,0
104487,1,0,1,0,0,0,0,0,1
104512,1,0,1,0,0,1,1,0,0
104513,0,0,1,1,1,0,0,0,0
104620,0,0,0,0,1,1,1,1,0
104721,0,1,0,1,1,0,0,0,0
105179,0,1,1,0,0,1,0,0,1
105426,1,0,0,1,0,1,0,0,0
105513,0,0,0,0,0,1,1,0,0
105516,0,0,0,0,0,1,0,0,0
105595,1,1,0,0,0,1,0,0,0
105844,1,1,0,0,0,0,0,0,0
106158,0,1,1,0,0,1,0,0,0
106216,0,0,1,1,1,0,0,0,0
106217,0,1,0,1,0,0,0,0,1
106443,0,0,1,1,0,0,0,0,1
106530,0,0,0,1,1,0,0,0,0
106711,0,0,1,1,0,1,0,0,0
106729,1,0,1,0,0,1,0,0,0
106730,1,0,1,0,0,1,0,0,0
106756,1,1,1,0,0,1,0,0,1
106766,1,0,1,0,0,0,0,0,0
106788,1,0,0,1,1,0,0,0,0
106826,0,0,0,1,0,1,0,0,0
106917,1,1,0,0,0,1,0,0,0
106997,0,0,0,1,0,0,0,0,1
107059,1,0,0,1,0,0,0,0,0
107065,0,0,0,1,0,0,0,0,1
107152,0,1,0,1,1,0,0,0,0
107231,1,0,1,0,0,0,0,0,0
107381,1,0,1,0,0,1,0,0,0
107561,0,0,0,0,0,1,0,0,0
108244,0,0,1,1,0,1,0,1,1
108410,1,1,0,0,0,0,0,0,0
108501,0,0,0,1,1,0,0,0,0
108518,1,0,1,0,0,1,0,0,1
108529,0,0,0,0,1,1,0,0,1
108625,1,0,1,0,0,1,0,0,0
108764,0,0,0,0,1,0,0,0,0
108765,0,0,0,0,1,0,0,0,0
108879,0,1,0,0,1,1,0,0,0
108902,0,0,0,0,0,0,0,1,0
109095,1,0,0,1,0,1,0,1,1
109183,1,0,1,0,0,0,1,0,1
109224,1,0,1,0,0,1,0,0,1
109257,1,0,1,0,1,0,0,0,0
109319,1,1,0,0,0,1,0,0,0
109332,1,0,0,0,0,0,0,0,1
109418,0,0,0,1,0,1,0,0,0
109455,0,1,0,0,0,1,0,0,1
109457,0,1,0,0,0,0,0,0,0
109467,1,1,0,0,0,1,0,0,0
109637,0,0,0,1,0,1,0,0,0
109828,0,1,0,1,0,0,0,0,0
110373,1,0,1,0,0,0,0,1,0
110543,1,1,0,0,0,0,0,0,0
110661,0,0,0,1,0,0,0,0,0
110664,1,1,0,1,0,1,0,0,1
110740,1,1,0,0,0,0,0,0,0
110747,1,0,1,0,0,0,0,0,0
110759,1,0,1,0,0,1,0,0,0
110760,1,1,0,1,0,1,0,0,0
110909,1,0,1,0,0,0,0,0,1
110941,0,0,1,1,0,0,0,1,1
110968,1,0,0,1,1,0,0,0,1
110975,1,1,1,0,0,0,0,1,0
110976,0,1,0,0,1,0,0,0,1
110977,0,1,0,0,1,0,0,0,0
111037,0,1,0,0,0,1,0,0,1
111440,0,0,0,0,0,1,0,0,1
111470,0,0,0,0,1,0,0,0,0
111509,0,1,0,0,0,0,0,0,0
111727,1,0,1,0,0,1,0,0,0
111779,1,1,0,0,0,0,0,0,1
112002,1,0,0,0,0,0,0,1,0
112030,1,0,1,0,0,0,0,1,0
112045,1,1,0,0,0,0,0,0,0
112240,1,1,1,0,0,1,0,0,0
112252,1,0,1,0,0,0,0,0,0
112450,1,1,0,1,1,1,0,0,0
112491,1,0,0,0,0,1,0,0,0
112553,1,1,1,0,0,1,0,0,0
112635,0,0,0,0,0,1,0,0,0
112733,0,0,1,0,0,1,0,1,1
113204,0,0,0,1,1,0,0,0,0
113425,1,0,0,0,0,1,0,0,0
113514,0,0,1,0,0,1,0,0,1
114416,1,0,0,0,0,1,0,0,0
114454,1,0,1,0,0,1,0,0,0
114523,0,0,1,0,0,0,0,1,1
116625,1,0,0,0,1,0,0,0,0
117035,1,1,0,0,0,1,0,0,0
117252,1,0,0,0,0,0,0,0,0
117385,1,0,1,0,1,0,0,0,0
117477,1,0,0,0,0,0,0,0,0
117549,1,0,0,0,0,1,0,0,0
117564,1,0,0,0,0,0,0,0,0
117799,1,0,1,0,0,0,0,1,1
118088,1,0,0,0,0,1,0,0,1
118146,0,0,1,0,0,1,0,0,0
118148,1,0,1,1,1,0,0,0,1
118199,1,0,0,0,0,1,0,0,1
118210,1,0,1,0,1,0,0,1,0
118225,1,0,0,0,0,0,0,0,0
118262,1,0,1,0,0,0,0,1,0
118530,1,0,1,1,0,0,0,1,1
118641,1,0,1,1,1,0,0,0,1
118658,1,0,1,0,1,0,0,0,1
118758,0,0,1,1,1,0,0,0,1
118782,1,0,1,0,1,0,0,0,0
118823,0,1,0,1,1,0,0,1,1
118928,1,0,1,0,0,0,0,0,0
119831,0,0,0,1,0,0,0,0,0
119838,0,1,0,0,0,0,0,0,0
119852,1,1,0,1,0,1,0,0,0
119911,1,0,0,1,0,0,0,1,1
119919,1,0,1,0,0,1,0,0,0
120101,1,0,1,0,0,0,0,0,0
121667,0,0,0,0,0,0,0,1,0
121677,0,0,0,1,0,0,1,0,0
121694,0,0,1,1,0,0,0,0,0
121700,1,1,0,0,1,0,0,0,0
121710,0,1,0,0,0,0,1,1,0
121719,0,0,0,0,0,1,0,0,0
121731,0,0,0,0,0,0,1,0,0
121738,1,1,0,0,1,0,0,1,1
121739,1,0,0,1,1,0,0,0,1
121767,1,1,0,0,0,1,0,0,0
121790,1,0,1,0,0,1,0,1,0
121797,1,1,0,0,0,1,0,0,0
122370,0,0,0,0,1,0,0,0,1
122407,0,0,0,0,0,0,0,1,0
122419,1,0,0,0,0,0,0,0,1
122485,0,0,0,0,0,1,0,0,1
122491,0,0,1,0,1,0,0,0,0
122941,0,0,0,1,1,0,0,0,0
123388,0,0,0,0,1,0,0,0,1
123406,0,0,0,1,0,0,0,0,1
125207,1,0,0,0,1,0,0,0,0
125468,0,1,0,0,0,0,0,0,1
137829,1,0,0,1,0,1,0,0,1
137980,0,0,0,1,1,0,0,0,1
138176,1,0,1,0,0,0,0,1,1
138187,1,0,1,0,0,1,0,0,1
138260,0,0,1,1,0,0,0,1,1
138345,0,0,0,1,1,0,0,0,0
138418,1,1,0,1,0,0,0,0,0
138420,1,0,0,0,0,1,0,0,0
138508,1,1,0,0,1,0,0,0,0
138818,0,0,0,0,1,0,0,0,0
139711,1,0,0,1,1,0,0,0,1
140511,1,0,1,0,1,0,1,0,0
141710,0,0,0,0,0,0,0,0,1
141850,1,0,0,0,1,1,0,0,1
142266,1,0,1,0,1,1,0,0,0
142629,0,0,0,0,1,0,0,0,1
143444,1,0,1,1,1,0,0,0,1
143990,0,0,0,0,1,0,0,0,0
146586,0,0,0,1,1,0,0,0,0
146885,0,1,1,0,1,0,0,1,0
149211,0,0,0,0,1,0,0,0,1
151492,1,0,0,0,1,0,0,0,0
152802,0,0,0,0,1,0,0,0,1
152910,1,0,0,1,1,0,0,0,1
155007,0,1,1,0,0,1,0,0,0
155626,0,0,0,0,0,1,0,0,1
155724,0,0,0,1,0,0,0,0,1
156273,0,0,1,1,1,0,0,1,0
160065,1,0,1,0,0,1,0,0,0
161528,1,0,0,0,1,0,0,0,0
161960,0,0,0,1,0,1,0,0,0
162027,0,0,1,0,0,1,0,0,0
162239,1,1,1,0,0,0,0,0,0
162392,1,0,1,0,1,1,0,0,0
162452,0,0,0,1,0,0,0,0,0
162458,1,0,0,0,0,0,0,0,1
162626,0,1,1,0,1,1,0,0,0
162627,1,0,0,0,0,0,0,0,0
163418,0,0,0,1,0,0,0,0,0
163588,1,0,0,0,1,1,0,0,0
164623,1,1,0,0,1,0,0,0,0
165224,0,1,1,0,1,0,0,1,0
166302,1,0,1,0,0,0,0,0,0
166371,1,0,0,0,0,0,0,1,1
169110,0,1,1,0,1,0,0,0,0
169223,1,0,0,0,0,1,0,1,1
169818,1,0,1,0,1,0,0,0,1
169830,0,1,0,1,0,0,0,0,0
170239,1,0,1,0,0,0,0,0,0
170623,0,0,0,0,0,0,0,0,1
170948,1,0,0,0,0,0,0,0,0
170977,1,1,0,1,1,0,0,0,1
173312,1,1,0,0,0,0,0,0,0
173534,1,0,1,1,0,0,0,0,0
173535,1,1,1,0,0,0,0,0,1
174490,1,0,0,1,0,1,0,0,0
175039,1,0,1,0,0,0,0,0,1
175170,0,0,1,1,1,0,0,0,0
175211,1,0,0,0,0,1,0,0,0
175220,0,1,0,1,0,0,0,0,0
175366,0,0,1,1,1,0,0,0,1
175553,0,1,0,0,0,0,0,0,0
175606,0,0,0,0,0,0,0,0,1
181106,0,0,0,1,0,0,0,0,0
181575,0,0,1,1,1,0,1,0,0
184852,0,0,1,0,1,0,0,1,0
198512,0,1,0,1,0,1,0,0,0
206037,0,0,1,0,0,0,0,1,0
208861,1,0,0,0,0,0,0,1,0
208862,1,0,1,0,0,0,0,1,1
208863,1,0,1,0,0,0,0,1,1
215850,0,0,0,0,1,0,0,1,0
216439,1,1,0,0,0,1,0,0,0
219171,1,1,0,1,0,1,0,0,0
219672,1,1,0,1,0,0,0,0,1
219794,0,1,0,1,0,0,0,1,0
220674,1,1,0,0,0,1,0,0,0
221069,1,1,0,0,0,0,0,0,0
221166,1,1,0,0,0,0,0,1,0
221393,1,0,0,0,0,0,0,0,1
221417,1,1,1,0,0,0,0,0,0
221443,1,1,1,0,0,0,0,0,0
221455,1,1,1,0,0,1,0,0,0
221641,1,1,0,0,0,1,0,0,0
221644,1,1,1,0,0,1,0,0,1
221663,0,0,0,1,0,1,0,0,0
221691,1,1,1,0,0,1,0,1,1
223944,1,1,0,0,0,0,0,0,0
225856,0,0,0,0,0,1,0,0,0
226249,0,0,1,1,0,0,0,1,0
226486,0,0,0,0,1,0,1,1,1
226902,1,0,0,0,1,0,0,0,1
226912,1,0,0,0,1,0,0,0,1
226920,1,0,0,0,0,1,0,1,1
227544,1,1,0,0,1,0,0,0,0
227875,1,1,0,0,0,1,0,1,1
228548,0,1,0,0,0,1,0,0,0
228583,1,1,0,0,0,0,0,0,1
228588,0,0,0,0,1,0,0,0,0
228604,1,1,1,0,1,0,0,0,0
228757,1,1,0,0,0,0,0,0,0
228769,1,0,1,1,1,1,0,0,0
228987,0,0,1,0,0,1,0,0,0
229153,1,0,0,0,1,1,0,0,0
229377,1,0,1,0,0,0,0,1,1
229385,1,1,0,0,1,0,1,1,1
229387,1,0,0,0,0,1,0,0,1
229888,1,0,1,1,0,1,0,1,0
230525,1,1,0,1,0,1,0,0,0
230921,0,0,1,0,0,1,0,0,0
231325,1,0,0,0,1,0,0,0,0
235414,1,1,0,0,0,0,0,0,1
236687,1,0,1,1,0,0,0,0,0
237332,0,0,0,1,0,1,0,1,0
238307,0,0,1,1,0,0,0,0,0
238498,1,0,1,0,0,0,0,0,0
240122,0,1,0,1,0,1,0,0,0
240230,1,0,0,0,0,0,0,0,0
240925,0,0,0,0,0,0,1,1,1
243670,1,1,0,0,0,0,0,0,0
243675,1,1,0,0,0,1,0,0,0
243691,0,1,0,0,1,0,0,0,1
243783,1,1,1,0,0,1,0,0,0
243803,1,0,1,0,0,0,0,0,1
244468,1,0,0,0,1,0,0,0,1
244483,1,0,0,1,0,1,0,0,0
245572,1,0,0,0,1,0,0,0,1
246728,1,0,0,1,1,1,0,0,0
246929,1,0,0,0,1,1,0,0,0
247573,1,0,0,1,0,1,0,0,0
248488,0,0,0,1,1,0,0,0,1
249494,0,1,0,0,0,1,0,0,0
250096,0,0,0,1,0,1,0,0,0
251209,1,1,0,0,0,0,0,0,0
251529,0,1,0,0,0,1,0,0,0
251530,1,0,0,0,0,0,0,1,0
251531,1,1,0,0,0,0,0,0,0
256028,1,1,1,0,0,0,0,0,0
256071,0,0,0,0,1,0,0,0,1
263034,0,0,0,1,0,0,0,1,0
279117,1,0,0,0,0,1,0,0,0
280190,1,0,0,0,0,0,0,0,0
281254,1,1,0,0,0,1,0,0,0
285097,1,0,0,0,0,1,0,0,1
287439,1,0,0,0,0,0,0,0,0
288227,1,0,0,0,0,0,1,0,0
289151,0,1,0,1,0,1,0,0,0
292856,0,0,1,1,1,0,0,0,1
307343,1,1,0,0,0,0,0,0,0
324224,0,0,0,1,1,1,0,0,0
330573,0,1,0,0,0,0,0,0,0
345617,0,1,0,0,1,0,0,0,0
346273,0,1,1,1,1,1,0,0,0
346286,0,0,1,1,1,1,0,0,0
347077,0,0,0,0,1,1,0,0,0
347508,1,0,0,1,1,1,0,0,1
347577,0,1,0,0,0,0,1,1,1
347713,1,0,0,0,0,0,0,0,0
347744,1,1,0,0,0,0,0,0,0
348812,0,0,1,0,0,1,0,1,1
349945,1,0,0,0,0,0,0,0,0
381152,0,0,0,0,0,1,0,1,0
429065,1,1,0,0,0,0,0,1,0
439223,0,0,0,0,0,1,0,0,0
439250,1,0,0,0,0,1,0,0,0
439263,0,0,0,0,0,1,0,0,1
439568,0,0,0,1,0,1,0,1,0
439711,1,1,0,0,0,1,0,0,0
439727,0,1,0,1,0,1,0,0,0
440917,1,1,1,0,0,0,1,0,0
441245,0,0,1,0,0,1,0,0,0
441574,0,1,0,0,1,0,0,0,0
441644,1,0,0,0,1,0,0,0,0
442343,1,0,0,0,0,1,0,0,0
442348,0,1,0,1,1,1,0,0,1
442355,0,0,0,1,0,0,0,0,1
442384,0,0,0,1,0,1,0,0,0
442402,0,0,0,1,0,0,0,0,1
442478,0,1,0,1,0,1,0,0,1
442482,1,0,1,0,0,0,0,0,1
442484,1,0,1,0,0,0,0,0,1
442495,0,0,0,0,0,1,0,0,0
442501,0,1,0,0,0,1,0,0,0
443159,0,0,0,0,0,1,0,0,0
443180,0,0,0,0,0,1,0,0,1
444212,0,0,0,0,0,0,0,0,1
444266,0,0,0,0,0,0,0,1,0
444539,0,0,0,0,1,0,0,0,0
444972,0,0,0,0,0,0,0,0,1
445070,0,1,0,0,0,1,0,0,1
447466,0,0,0,0,0,0,0,1,1
448996,1,1,0,1,0,0,0,0,0
459494,0,0,1,1,0,1,0,0,0
459597,0,0,0,1,0,1,0,0,0
510370,1,0,1,0,0,0,0,0,0
517863,1,1,1,0,0,1,0,1,0
517959,1,0,0,0,0,0,0,1,1
517970,1,0,1,0,1,0,0,0,0
518472,0,0,1,1,0,0,0,0,0
518810,1,0,0,0,0,0,0,0,1
518937,0,0,1,0,1,0,0,0,0
519129,1,1,1,1,0,0,0,0,0
519158,1,0,0,1,1,0,0,0,1
519179,1,0,1,0,0,0,0,0,1
519180,0,1,1,0,1,0,0,0,0
519382,1,0,0,1,0,1,0,0,1
519415,1,0,1,1,1,0,0,0,1
519416,0,0,0,0,1,0,0,0,0
519539,0,0,1,1,0,1,0,0,0
519709,1,0,0,0,0,0,0,0,1
519732,0,0,1,1,1,0,0,1,1
519751,0,0,1,1,1,0,0,0,1
519756,1,1,0,1,0,0,0,1,0
519757,0,1,0,0,0,1,0,0,0
519786,1,0,1,0,0,0,0,0,0
519793,1,0,1,1,1,0,1,0,0
519823,0,0,0,0,1,0,0,0,1
519890,1,1,1,0,0,0,0,0,0
519907,0,1,0,1,1,0,0,0,0
520098,0,0,1,0,0,0,0,0,0
520108,0,1,0,1,1,0,0,0,0
520119,0,0,0,0,1,0,0,0,1
520144,0,0,0,0,1,0,0,0,1
520148,1,1,1,0,0,1,0,0,1
520191,0,0,0,1,1,0,0,0,0
520194,0,1,0,1,0,0,0,0,0
520196,0,0,0,0,0,0,0,0,1
520296,0,1,0,0,1,0,0,0,0
520300,0,1,0,0,1,0,0,0,0
520326,1,0,0,1,0,0,0,0,0
520395,0,0,0,1,1,0,0,0,0
520398,0,0,0,1,1,0,0,1,0
520455,1,0,1,0,1,1,0,0,1
520568,0,0,1,0,1,0,0,0,1
520583,1,0,1,0,0,0,0,0,0
520667,0,1,0,1,1,1,0,1,0
520682,1,0,0,0,1,0,0,0,1
520888,0,0,0,1,1,0,0,0,1
520911,0,1,0,1,0,0,0,0,0
520990,0,0,1,0,0,0,0,0,1
521080,1,0,1,1,1,0,0,0,0
521238,1,0,1,0,0,1,0,0,1
521300,0,1,0,0,0,0,0,1,1
521314,0,0,0,1,0,1,0,0,0
521321,1,0,0,0,0,0,0,0,0
521326,1,1,1,0,1,0,0,0,0
521348,1,0,0,0,1,0,0,0,0
521384,0,0,1,0,1,0,0,1,0
521504,0,0,0,0,1,0,0,1,1
521666,1,0,0,0,0,0,0,0,0
521941,0,0,0,0,1,0,0,0,0
522071,0,0,0,1,1,0,0,0,1
522111,0,0,1,1,1,0,0,0,1
522131,0,1,0,1,0,0,0,0,0
522171,1,1,0,0,0,1,0,0,0
522214,1,1,1,0,0,0,0,0,0
522255,1,0,0,1,0,0,0,0,1
522262,0,0,1,1,1,0,0,0,1
522284,0,1,0,1,1,0,0,0,0
522404,1,1,0,0,0,0,0,1,1
522422,1,1,0,0,0,1,0,1,1
522458,0,0,0,0,1,0,0,1,0
522459,0,0,1,1,1,0,0,0,1
522674,0,1,0,1,1,0,0,1,1
522676,1,0,0,1,0,1,0,1,1
522677,0,1,0,0,0,0,0,1,0
522771,1,1,0,0,0,1,0,0,0
522877,0,0,0,1,0,0,0,1,0
523027,1,0,0,0,0,0,0,0,0
523918,1,1,0,0,0,0,0,1,0
524171,0,0,0,0,1,0,0,0,0
524369,1,0,0,0,1,0,0,1,0
524975,0,0,0,0,0,0,1,1,1
525329,0,0,0,0,1,0,0,1,1
525330,0,0,0,0,1,0,0,1,0
525358,0,0,1,0,1,0,0,0,1
525462,0,0,0,0,1,0,0,0,0
525963,1,0,0,1,1,0,0,0,0
526195,1,0,0,0,0,0,0,0,1
526487,0,0,0,1,1,0,0,0,1
526614,0,0,0,0,1,0,1,1,1
526616,0,0,0,0,1,0,0,0,1
526624,0,0,0,0,1,0,0,0,0
527143,1,1,0,0,0,1,0,0,0
527268,0,0,0,1,0,1,0,0,1
527286,1,0,0,0,0,1,0,0,1
527393,1,0,0,1,1,0,0,0,1
527428,0,1,0,1,0,0,0,0,1
527438,0,0,0,0,1,0,0,1,0
527990,1,0,0,0,0,0,0,0,0
527991,1,0,0,0,0,0,0,0,0
528069,1,0,0,1,1,1,0,0,1
528143,0,0,0,1,1,0,0,1,0
528305,0,0,1,0,0,0,0,0,0
528308,0,0,0,1,0,0,0,0,0
528363,0,0,0,1,1,0,0,0,0
528698,0,1,0,0,0,0,0,1,0
528709,0,0,0,0,1,0,0,0,1
528712,0,0,0,0,1,0,0,0,1
529049,0,0,0,1,1,0,0,0,1
529056,0,0,0,1,1,0,0,0,0
529296,1,0,0,0,0,0,0,1,0
529300,1,0,1,0,0,0,0,1,0
529344,0,1,0,1,0,1,0,0,0
529352,0,0,1,1,1,1,0,0,0
529438,0,0,0,1,1,0,0,0,0
529496,1,0,1,0,0,1,0,0,1
529500,1,0,1,0,0,0,0,0,0
529635,1,0,0,0,1,0,0,0,1
529757,0,0,0,0,1,0,0,0,0
529761,0,0,0,0,1,0,0,0,0
529770,1,1,0,0,0,0,0,1,0
529899,0,1,0,0,0,1,0,0,1
530286,1,1,1,0,0,1,0,0,0
530404,0,0,0,1,1,0,0,1,1
530818,0,1,0,0,1,1,1,0,0
534377,0,0,0,0,1,0,0,0,1
535665,0,0,0,0,1,0,0,0,0
536987,1,0,0,0,0,0,0,0,1
537536,1,1,1,0,0,0,0,0,0
537615,1,0,1,0,0,1,0,0,0
537682,1,1,0,0,0,0,0,1,0
537754,1,0,0,1,0,0,0,0,1
538506,1,1,1,1,0,1,0,0,0
544127,0,1,0,0,0,0,0,1,0
545106,1,1,0,0,0,0,0,1,0
545267,0,0,1,1,1,0,0,1,1
545397,1,1,1,1,0,0,0,0,1
546235,1,0,1,0,0,0,0,0,1
548353,0,0,0,0,1,0,0,0,1
548370,1,0,0,0,0,0,0,0,1
549544,1,1,0,0,0,0,0,0,0
549546,1,0,0,1,0,0,0,0,0
549674,1,0,0,0,0,0,0,0,1
549676,1,0,1,0,0,0,0,1,0
550768,0,0,0,0,1,0,0,1,1
551085,1,1,0,0,0,0,0,1,1
551316,1,1,0,0,0,0,0,0,0
552119,1,0,1,0,0,0,0,1,1
554181,0,0,0,0,1,0,0,0,0
556916,0,0,0,1,1,0,0,0,1
556940,0,0,0,1,1,0,0,0,1
556998,0,0,0,0,0,1,0,0,0
557222,0,0,1,0,1,0,0,0,1
557223,1,0,1,1,0,0,0,0,1
560109,1,0,1,1,0,0,0,0,0
560255,1,0,0,0,0,0,0,0,0
560572,1,1,1,0,1,0,0,0,1
560787,1,0,0,0,1,0,0,0,0
562246,0,0,0,0,1,1,0,0,1
562563,1,1,1,0,0,0,0,0,0
562667,1,1,0,0,1,1,0,0,1
564550,1,0,1,0,0,0,0,0,1
565690,1,0,0,0,1,1,0,0,0
568501,1,0,1,1,0,0,0,0,1
570574,1,0,1,0,0,1,0,0,0
570886,1,0,0,0,0,0,0,0,0
572534,0,0,0,1,0,1,0,0,1
574100,0,1,0,1,1,0,0,0,0
574813,0,0,1,1,0,0,0,0,0
575426,1,0,1,0,0,0,0,0,0
576021,1,0,0,1,0,0,0,1,1
577126,0,0,0,0,0,1,0,0,1
578278,0,0,0,1,1,0,0,0,1
578423,1,0,0,0,1,1,0,0,0
578817,0,0,0,1,0,1,0,0,1
579336,0,1,0,1,0,1,0,0,0
579338,0,0,0,0,1,0,0,1,0
579675,0,1,0,1,1,0,0,0,0
581239,1,0,1,0,1,0,0,1,1
585911,1,0,0,1,0,1,0,0,0
589365,0,1,0,1,1,1,0,0,1
593529,0,0,0,1,0,0,0,0,1
595928,1,0,0,1,0,0,0,0,1
605629,1,1,1,1,0,1,0,0,0
636687,0,0,1,1,1,1,0,0,0
637090,1,1,0,0,0,0,0,1,1
637195,1,0,0,0,0,1,0,0,0
637511,0,0,0,0,0,1,0,0,1
637517,0,0,0,0,1,0,0,0,0
637520,1,0,0,0,1,0,0,0,0
637523,1,0,1,0,0,0,0,0,0
637563,0,1,0,0,0,1,0,0,0
637564,1,1,1,0,0,0,0,0,0
637566,0,1,0,0,0,1,0,0,0
637758,1,1,0,0,1,1,0,0,0
637759,1,1,0,0,1,1,0,0,0
637776,0,1,0,0,0,1,0,0,1
638011,1,0,1,0,0,0,0,0,0
638014,1,0,0,1,0,1,0,0,0
638024,0,0,0,0,0,0,0,0,1
638122,1,1,0,0,1,0,0,0,0
638132,1,0,1,0,0,0,0,1,0
638144,1,0,1,0,0,1,0,0,0
638228,0,0,0,0,0,0,1,0,0
638500,1,0,1,0,0,1,0,0,0
641006,0,0,0,1,1,0,0,0,0
641248,1,0,1,1,1,0,0,0,0
641256,1,0,1,1,0,0,0,0,0
641294,0,0,0,0,0,1,0,0,1
641298,0,1,0,0,0,0,0,0,1
641423,1,1,0,0,1,0,0,0,1
642039,1,0,0,0,0,1,0,0,0
642117,0,0,0,0,1,0,0,0,0
643139,1,0,1,1,0,0,0,1,0
643460,0,0,0,0,0,0,0,0,1
643731,1,0,1,0,0,1,0,0,0
643779,1,0,0,0,0,1,0,0,0
643789,1,1,0,0,0,0,1,0,1
643820,0,1,1,0,0,1,0,0,0
643915,0,1,0,0,0,0,0,0,1
643941,0,0,1,1,0,0,0,1,0
656467,1,0,1,0,0,0,0,0,0
697993,0,0,0,0,1,0,0,1,1
699489,1,0,0,0,1,1,0,0,0
734154,0,0,0,0,1,0,0,0,1
735940,0,1,0,1,0,1,0,0,1
736172,0,1,0,0,0,1,0,0,0
736889,0,1,0,0,0,1,0,0,0
778574,1,1,0,1,1,0,0,0,1
876160,1,0,0,0,1,1,0,0,1
877369,1,1,1,1,1,0,0,0,0
1201521,0,1,0,0,0,1,0,0,0
1201552,0,1,0,1,1,1,0,0,1
1384928,0,0,0,0,0,1,0,0,1
1548943,0,0,0,0,0,1,0,0,0
1549018,1,0,0,0,0,1,0,0,0
1549019,0,0,0,0,0,1,0,0,0
1549025,1,1,0,0,0,1,0,0,0
1549026,1,1,1,0,0,1,0,0,0
1549521,1,0,0,1,0,1,0,0,1
1549778,1,0,1,0,0,1,0,0,0
1550470,1,0,1,0,0,0,0,0,0
1550884,0,1,0,0,0,1,0,0,0
1550886,0,0,0,0,1,1,0,0,1
1550890,0,1,0,0,1,1,0,0,1
1551246,1,1,1,0,0,0,0,0,0
1616260,1,1,0,0,0,1,0,0,0
1711945,0,1,0,0,0,1,0,1,0
1712058,0,0,0,0,0,1,0,0,0
1712087,0,0,1,0,0,1,1,1,0
1757003,1,1,0,1,0,1,0,0,1
2724159,0,0,0,0,1,1,0,0,1
2724626,0,0,0,1,0,0,0,1,0
2733294,1,1,1,0,0,0,0,0,0
2734646,0,0,0,0,0,1,0,0,1
2829318,1,0,0,0,0,1,0,1,1
2839799,0,0,1,0,0,1,0,0,0
2891065,1,0,0,0,1,0,0,0,1
3014523,1,0,1,0,0,0,0,0,0
3015865,1,0,0,1,0,1,0,0,0
3015925,0,0,1,1,0,1,0,0,0
3015972,0,0,0,0,1,0,0,0,0
3015979,0,1,1,0,0,0,0,0,0
3016224,1,0,0,0,0,0,0,0,0
3016499,1,0,1,0,0,0,0,0,1
3017596,1,1,0,0,1,0,0,0,0
3017624,0,0,0,0,0,1,0,1,0
3017762,0,1,0,1,1,0,0,0,0
3017783,1,0,0,0,0,1,0,1,0
3018094,1,0,0,0,0,0,0,1,0
3018210,1,0,1,0,1,0,0,0,0
3018221,1,0,1,0,0,0,1,0,0
3018362,0,1,1,0,0,0,0,0,0
3018383,1,0,0,0,1,0,0,0,1
3018500,1,0,0,0,0,0,0,0,0
3018539,1,1,1,0,1,0,0,0,0
3018567,0,0,1,1,0,0,0,1,1
3018619,0,0,0,0,1,0,0,0,0
3018620,0,0,0,0,1,0,0,0,0
3018936,0,1,0,0,0,1,0,0,0
3019031,0,0,0,0,1,0,0,0,1
3019775,1,0,1,0,0,0,0,0,0
3019958,1,0,0,0,1,0,0,0,1
3020407,0,0,1,1,1,0,0,1,0
3021670,1,0,0,0,0,0,0,0,1
3022051,0,0,0,0,1,0,0,0,1
3022280,0,0,0,1,0,1,0,0,1
3022477,0,0,0,0,1,0,0,0,1
3022909,1,0,0,0,0,0,0,0,0
3022986,1,0,0,1,0,0,0,0,0
3023083,1,1,1,1,0,0,0,0,1
3023838,0,0,0,1,1,0,0,0,0
3023839,0,0,0,1,1,0,0,0,0
3023950,1,1,0,0,0,1,0,0,0
3024081,1,1,0,1,0,1,0,0,0
3025939,0,1,0,1,1,0,0,1,0
3032731,0,0,0,0,0,0,1,0,1
3032853,0,0,0,1,0,0,0,1,1
3033866,1,1,0,1,1,1,0,0,0
3034463,1,0,1,0,0,1,0,0,0
3084426,1,0,1,0,0,0,0,0,0
3084526,0,0,0,0,1,0,0,0,1
3084571,1,0,1,0,0,0,0,0,1
3085213,1,0,0,1,0,0,0,0,1
3085519,1,0,0,0,1,0,0,0,1
3085610,0,1,0,0,1,0,0,0,0
3085845,0,1,0,1,1,0,0,0,0
3086387,1,1,1,0,0,0,0,0,0
3301251,1,0,0,0,0,0,0,0,0
3321360,0,1,0,1,0,0,1,1,0
3354132,1,1,0,0,0,0,0,0,0
3486665,0,1,0,1,0,1,1,1,0
3591866,1,0,0,0,0,0,0,0,1
3722307,1,0,0,0,0,1,0,0,1
3734338,0,0,0,0,1,0,0,1,0
3782139,0,0,0,0,0,1,0,0,1
4047281,1,1,0,1,0,1,0,0,0
4056868,1,1,1,0,0,0,0,0,0
4120025,0,1,1,1,1,0,0,1,0
4428124,1,1,1,0,0,0,0,0,1
4447651,1,0,0,0,0,0,0,0,1
4564493,0,1,0,0,1,0,0,1,0
4574094,1,0,1,0,0,1,0,0,0
4682590,1,0,1,0,0,0,0,0,1
4925262,0,1,0,0,1,0,0,1,1
5084146,0,1,0,0,0,1,0,1,1
5140436,1,0,1,0,0,0,0,1,1
5270647,0,1,0,0,1,0,0,0,0
5271566,1,0,0,0,0,0,0,1,0
5273464,0,1,0,0,1,0,0,0,0
5273465,1,1,0,1,1,0,0,0,0
5273467,1,1,0,1,1,1,0,0,0
5273469,0,1,0,0,1,1,0,0,0
5275520,1,0,1,1,0,1,0,0,0
5280435,0,0,0,0,1,1,0,0,0
5280450,0,0,0,0,1,0,0,0,1
5280462,1,0,0,1,0,1,0,0,0
5280511,0,1,0,0,1,1,0,0,1
5280536,0,0,0,0,1,1,0,0,1
5280598,1,1,0,1,0,0,0,0,1
5280802,0,1,0,0,0,0,0,0,1
5281162,1,0,0,0,0,0,0,0,0
5281163,1,1,0,0,0,0,0,0,0
5281167,0,0,1,1,0,0,0,0,0
5281168,1,0,1,1,0,0,0,1,0
5281515,0,0,0,1,0,0,0,0,1
5281516,1,0,1,1,0,1,0,0,0
5281517,1,0,1,1,0,1,0,0,0
5281520,0,0,0,1,1,0,0,0,0
5281521,1,1,0,0,0,1,0,0,1
5281522,0,0,0,1,0,0,0,0,1
5281531,0,0,0,1,0,0,0,0,0
5281532,0,0,0,1,0,0,0,0,0
5281534,1,0,0,0,0,0,0,0,0
5281535,1,1,1,0,0,0,0,0,1
5281553,1,0,0,0,0,1,0,0,0
5282108,0,0,0,1,1,1,0,0,0
5282109,1,0,1,0,0,1,0,0,0
5282110,1,1,0,0,1,1,0,0,1
5282184,0,0,0,0,1,0,0,0,1
5282706,1,0,1,0,1,0,0,0,0
5282707,0,0,0,0,1,0,0,0,0
5282709,1,1,1,1,1,0,0,0,0
5282710,1,1,1,0,0,0,0,0,1
5282711,1,0,1,0,1,0,0,0,0
5282713,0,1,0,0,1,0,0,0,1
5282714,0,1,0,0,1,0,0,0,1
5282716,1,1,1,0,1,0,0,0,1
5282718,1,1,1,0,1,0,0,0,1
5282722,0,0,1,0,1,0,0,0,0
5282723,1,1,1,0,1,0,0,0,1
5282725,1,0,1,0,1,0,0,0,1
5282726,0,0,0,0,1,0,0,0,1
5282729,1,0,1,0,1,0,0,0,0
5282730,0,1,1,0,1,0,0,0,0
5282735,0,0,0,0,1,0,0,0,1
5282822,0,0,0,0,1,0,0,0,0
5283316,1,1,1,1,1,0,0,1,0
5283318,1,1,1,0,1,0,0,0,0
5283324,0,0,1,1,1,0,0,0,0
5283328,1,1,1,0,1,0,0,0,0
5283329,1,0,1,0,1,0,0,0,0
5283335,1,0,1,0,1,0,0,0,1
5283337,1,0,1,0,1,0,0,0,1
5283338,1,0,1,0,0,0,0,0,0
5283339,0,0,0,1,1,0,0,0,0
5283345,0,0,1,1,1,0,0,0,1
5283348,0,0,1,0,1,0,0,0,0
5283349,1,0,0,0,1,0,0,0,0
5283356,1,1,1,0,0,0,0,0,0
5283358,0,0,0,0,1,0,0,0,0
5283361,1,0,0,0,0,0,0,0,1
5283363,1,1,1,0,1,0,0,0,1
5283366,1,0,1,0,1,1,0,0,1
5283381,0,0,0,0,1,0,0,0,0
5283468,0,1,0,0,0,0,0,0,1
5284369,1,0,0,0,0,1,0,0,0
5284421,0,0,0,0,1,0,0,0,1
5284499,0,0,0,0,1,0,0,0,0
5284503,1,0,1,1,1,1,0,0,0
5284507,0,0,1,1,0,1,0,0,0
5312542,0,0,0,0,1,0,0,0,0
5312586,0,0,1,0,1,0,0,0,0
5312887,1,1,0,0,0,0,0,0,0
5315468,1,1,0,1,1,1,0,0,0
5315941,0,1,0,1,0,0,0,0,1
5317045,1,1,0,1,1,0,0,0,1
5317247,0,0,1,1,0,1,0,0,0
5318017,0,0,1,0,1,0,0,1,0
5318018,0,0,1,1,0,1,0,0,0
5318042,1,0,1,0,0,0,0,1,0
5318516,0,0,0,0,0,0,0,0,1
5318599,1,0,1,0,1,0,0,0,1
5319367,0,0,0,0,0,1,0,0,1
5319691,0,0,0,1,0,1,0,0,1
5319706,0,0,0,0,1,0,0,0,1
5319754,1,0,1,0,0,0,0,1,0
5319765,0,1,1,0,1,0,0,0,0
5319992,1,0,0,1,0,1,0,0,0
5320250,0,1,0,0,0,1,0,0,1
5320722,0,0,0,1,1,0,0,0,0
5321925,0,0,0,0,0,1,0,0,0
5321950,1,0,1,1,0,1,0,0,0
5323650,1,1,0,1,0,1,0,0,0
5324489,0,0,1,1,0,0,0,0,0
5326159,0,0,0,0,0,0,1,0,0
5338463,1,1,0,0,0,0,0,0,0
5352162,1,1,0,0,0,1,0,0,0
5352267,1,0,1,0,1,0,0,1,1
5352371,1,0,1,0,1,0,0,0,1
5352428,1,1,0,0,1,0,0,0,1
5352435,1,0,0,0,0,0,0,0,0
5352438,1,1,1,0,0,0,0,1,0
5352450,1,1,0,0,0,1,0,0,1
5352459,1,0,1,0,0,0,0,0,0
5352460,1,1,0,0,0,0,0,0,0
5352461,1,0,1,0,0,0,0,0,0
5352463,1,0,0,1,0,0,0,0,0
5352481,1,1,0,1,0,1,0,0,1
5352539,1,0,1,1,0,0,0,0,0
5352543,1,0,1,0,0,0,0,0,0
5352557,1,0,1,0,0,0,0,1,0
5352696,1,0,1,1,1,0,1,0,0
5352770,1,0,1,0,1,0,0,0,0
5352798,1,0,0,0,0,0,0,0,0
5352799,1,0,0,0,0,0,0,0,0
5352807,1,0,1,0,0,0,0,0,1
5352813,1,0,1,0,0,0,0,0,0
5352830,1,0,0,0,1,1,0,0,1
5352834,1,0,1,0,0,0,0,0,0
5352836,1,1,1,1,0,1,0,0,0
5352837,1,0,1,1,0,0,0,0,0
5352845,1,0,0,0,1,0,0,0,0
5352899,0,0,0,0,0,1,0,0,0
5352972,1,0,1,0,0,0,0,1,0
5352973,1,0,1,0,0,1,0,0,1
5352974,1,0,1,0,0,0,0,1,1
5352975,1,0,1,0,1,0,0,0,0
5352976,1,1,1,0,0,0,0,0,0
5353011,0,0,0,0,0,1,0,0,0
5354238,0,1,0,0,1,1,0,0,1
5354264,1,0,0,0,0,0,0,0,0
5354280,0,0,0,0,0,1,1,0,0
5354304,0,1,0,0,0,1,0,0,1
5354342,0,0,0,0,1,0,0,0,1
5354359,1,1,0,0,0,1,0,0,0
5354763,1,0,1,0,0,0,0,1,0
5354833,1,0,1,0,1,0,0,0,1
5354834,1,0,0,0,1,0,0,0,1
5354883,1,0,0,0,1,1,0,0,0
5354896,0,1,0,0,1,1,0,0,1
5354898,1,0,0,0,0,1,0,0,1
5354899,1,0,0,0,1,0,0,0,0
5354998,1,0,1,1,0,0,1,1,0
5355152,1,0,1,1,1,0,0,0,0
5355254,1,0,0,0,1,1,0,0,0
5355293,1,0,0,0,0,0,0,0,1
5355333,1,0,1,0,0,0,0,0,0
5355414,1,0,0,0,0,1,0,0,1
5355850,1,0,0,0,1,1,0,0,1
5355851,1,0,0,0,0,0,0,0,0
5355853,1,1,0,0,0,1,0,0,0
5355854,0,1,0,1,1,1,0,0,0
5355855,0,0,1,0,0,1,0,0,0
5355856,1,1,0,0,0,1,0,0,0
5355858,0,1,0,0,1,1,0,0,0
5355902,1,1,0,0,0,0,0,0,0
5356250,0,1,1,0,0,0,0,0,1
5356256,1,0,1,0,0,1,0,1,0
5356259,0,0,0,0,0,1,0,0,1
5356261,1,1,0,0,1,0,0,0,0
5356352,1,0,0,0,0,1,0,1,1
5356544,0,0,1,1,0,1,0,0,0
5356572,1,0,0,0,1,0,0,1,1
5356596,1,1,0,0,1,0,0,0,1
5356697,0,0,1,0,0,0,0,1,1
5356787,0,1,0,0,0,1,0,0,1
5356788,0,0,0,1,0,0,0,0,1
5356796,0,0,0,0,0,0,1,0,0
5356896,1,0,1,0,0,1,0,0,0
5356908,1,0,0,1,0,0,0,0,0
5356940,1,1,0,0,0,0,0,0,1
5357002,0,0,1,0,0,1,0,0,1
5357153,1,1,0,1,1,0,0,0,0
5357159,1,1,0,1,0,0,0,0,0
5357253,0,0,0,0,0,0,1,0,0
5357388,0,1,1,0,1,1,0,0,0
5358336,1,0,1,1,0,0,0,0,0
5358363,1,0,1,0,0,0,0,0,0
5358374,1,0,1,0,0,0,1,1,1
5362561,1,0,0,0,0,1,0,0,1
5362563,0,0,0,1,1,0,0,0,0
5362564,0,1,0,1,1,1,0,0,0
5362565,1,0,0,1,1,0,0,0,0
5362572,0,1,0,1,1,0,0,0,0
5362579,1,0,0,0,0,0,0,0,0
5362580,1,0,1,0,1,0,1,0,1
5362581,1,1,0,1,0,1,0,0,0
5362583,1,0,1,0,1,0,0,0,1
5362584,1,0,0,1,1,0,0,0,1
5362588,0,0,0,1,0,0,1,0,0
5362591,1,0,0,0,0,0,0,0,1
5362592,1,0,1,0,0,0,0,0,1
5362622,1,0,1,0,0,0,0,0,0
5362623,1,1,1,0,0,0,0,0,0
5362661,0,0,0,1,0,1,0,0,0
5362695,1,0,1,0,0,0,1,0,0
5362696,0,0,0,0,1,0,0,0,0
5362720,1,0,1,0,0,0,0,0,0
5362782,1,1,1,0,0,0,0,0,0
5362792,1,0,1,0,0,0,0,0,1
5362814,0,1,1,1,0,0,0,0,0
5362816,1,0,1,1,0,0,0,0,1
5362830,1,0,0,0,0,0,0,0,0
5362833,0,0,1,0,0,1,0,0,0
5362854,0,0,0,0,0,1,0,0,0
5362876,0,0,0,0,0,1,0,0,0
5362897,1,0,0,0,0,0,0,1,0
5363120,1,0,1,1,0,1,0,0,1
5363140,1,0,0,0,1,0,1,0,0
5363203,1,1,1,0,1,0,0,0,1
5363206,1,1,1,0,0,0,0,0,0
5363207,1,0,0,0,1,0,0,0,1
5363229,1,0,0,1,0,0,0,0,0
5363230,0,1,0,0,0,0,0,0,1
5363231,0,1,1,1,1,0,0,0,1
5363233,1,1,1,0,1,1,0,0,1
5363289,1,0,0,0,1,0,0,0,1
5363291,0,1,1,0,0,0,0,0,1
5363374,1,0,1,0,0,0,0,0,0
5363388,1,0,1,1,0,0,0,0,0
5363491,1,1,0,0,0,0,0,1,0
5363526,1,0,1,0,0,1,0,0,0
5363537,1,1,0,0,1,1,0,0,0
5363741,0,0,1,1,0,1,0,0,0
5363817,1,0,0,0,0,1,0,0,0
5364231,0,0,1,0,0,0,0,0,0
5364291,1,0,1,0,0,1,0,0,1
5364389,1,0,1,0,1,0,0,0,1
5364397,1,0,0,0,1,0,0,0,0
5364399,1,0,1,0,0,0,0,0,0
5364409,1,0,1,0,0,0,0,1,1
5364430,0,1,0,0,0,0,0,0,1
5364452,0,0,0,0,0,0,1,0,0
5364475,1,0,1,1,0,1,0,0,0
5364517,1,0,1,1,0,1,0,0,0
5364526,1,0,1,0,0,1,0,0,0
5364532,1,0,1,0,0,0,0,0,0
5364578,1,1,1,1,1,0,0,0,0
5364586,1,0,1,0,1,0,0,0,0
5364631,1,0,1,0,0,0,0,0,1
5364729,1,1,1,1,0,1,0,0,0
5364752,1,0,1,0,0,0,0,0,0
5364759,0,0,0,0,1,0,0,0,1
5364778,1,1,1,0,0,0,0,1,0
5364789,1,1,0,0,0,1,0,1,0
5364919,1,0,1,0,0,0,0,0,1
5364920,1,0,1,0,0,0,1,0,1
5364941,1,0,1,0,1,0,0,0,0
5364949,1,0,0,0,0,0,0,0,1
5364959,0,0,1,1,1,1,0,0,1
5365004,0,0,0,0,0,1,0,0,1
5365027,1,0,1,0,0,0,0,0,1
5365049,1,1,1,1,0,0,0,0,1
5365069,1,0,1,0,0,0,0,0,0
5365136,1,0,1,1,0,0,0,1,1
5365137,1,0,1,0,0,0,0,0,0
5365587,1,0,1,0,0,0,0,1,0
5365589,1,0,1,1,0,0,0,0,0
5365703,0,0,0,0,0,0,0,0,1
5365706,0,0,1,0,1,0,0,0,0
5365794,1,0,1,0,0,0,0,0,0
5365818,1,0,0,1,0,0,0,0,0
5365824,1,1,0,0,0,1,0,0,1
5365847,0,0,1,0,0,1,0,0,1
5365850,1,0,0,0,0,1,0,0,0
5365872,0,1,0,0,1,1,0,0,0
5365891,1,1,1,1,0,0,0,0,0
5365909,1,1,1,0,0,0,0,0,0
5365910,1,0,1,0,0,0,0,0,1
5365916,1,0,0,0,0,1,0,0,0
5365976,1,1,0,1,0,0,0,0,0
5365982,1,1,0,0,0,0,0,0,0
5365991,0,1,0,0,0,1,0,0,0
5365992,1,0,0,0,0,1,0,0,0
5366038,1,0,0,1,0,0,0,0,0
5366044,0,1,0,0,0,1,0,0,0
5366049,0,0,1,0,0,1,0,0,0
5366074,1,0,0,0,0,1,0,0,0
5366077,1,0,0,0,0,1,0,0,0
5366155,1,0,0,0,0,1,0,1,0
5366203,1,0,0,0,0,0,0,0,0
5366264,1,0,1,1,0,1,0,0,0
5366366,1,0,1,1,0,0,0,1,0
5366552,0,0,1,0,1,0,0,1,0
5366844,1,0,1,0,1,0,0,0,0
5366856,1,0,1,0,0,0,0,0,0
5367391,0,0,0,1,1,0,0,0,0
5367412,0,0,1,0,0,1,0,0,0
5367530,1,0,0,0,1,0,0,0,0
5367531,0,1,1,0,1,0,0,0,1
5367536,1,1,1,1,0,0,0,0,0
5367681,1,0,1,0,0,0,0,0,0
5367698,1,1,1,0,0,1,0,0,1
5367706,0,1,1,1,1,1,0,0,0
5367719,0,0,0,0,0,1,0,0,0
5367761,1,0,0,0,0,0,0,0,0
5367762,1,1,1,0,0,1,0,0,0
5367766,0,1,0,0,1,1,0,0,0
5367767,0,1,1,1,0,1,0,0,0
5367785,1,0,0,0,0,0,0,0,0
5367806,0,0,0,0,0,1,0,1,0
5367807,1,1,0,0,0,1,0,1,0
5367848,1,1,1,0,0,1,0,0,1
5367959,0,0,0,0,0,1,0,0,0
5368064,1,0,1,0,1,0,0,0,0
5368236,0,1,1,0,0,0,0,1,0
5368491,1,1,0,0,0,1,0,0,1
5368785,1,0,1,0,0,0,0,0,0
5368821,0,0,0,0,0,1,0,0,0
5368972,1,0,1,0,0,0,0,0,0
5369044,1,0,1,0,0,0,0,0,0
5369061,1,1,0,1,0,0,0,0,0
5369076,1,0,1,0,0,0,0,0,1
5369371,1,0,1,0,0,0,0,0,0
5369459,0,1,0,0,1,0,0,0,0
5369489,1,1,0,0,1,1,0,0,0
5370101,0,0,0,1,0,1,0,0,1
5370364,1,0,1,0,0,0,0,0,0
5370448,0,0,0,0,1,0,0,1,0
5370599,0,1,0,0,1,1,0,0,0
5370602,0,0,0,1,0,0,0,0,0
5371084,0,1,0,1,0,1,0,0,1
5371802,1,1,0,0,1,1,0,0,0
5372353,1,1,0,0,0,0,0,0,0
5373603,0,0,0,0,0,1,0,0,1
5373729,1,0,0,1,0,1,0,0,0
5374527,1,1,0,0,0,1,0,0,0
5375215,1,0,0,1,0,1,0,0,0
5375218,0,0,0,1,0,0,0,0,0
5382490,0,0,0,0,1,1,0,0,1
5383805,1,1,0,0,0,0,0,1,0
5383810,1,1,0,0,0,0,0,0,0
5385520,1,0,1,0,0,1,0,0,0
5462986,1,0,1,0,0,1,1,0,0
5463065,1,0,0,0,0,1,0,1,0
5463228,0,0,1,0,0,1,0,0,1
5463238,1,0,0,1,0,1,0,1,0
5463488,1,0,0,0,0,1,0,0,0
5463682,1,0,0,0,0,1,0,1,0
5463729,1,0,0,0,0,0,0,0,1
5463840,0,0,0,1,0,0,0,0,0
5463855,1,1,1,0,0,0,0,0,0
5463875,1,0,1,0,0,1,0,0,0
5463904,1,0,1,0,0,0,0,0,1
5463905,1,0,0,0,0,1,0,0,0
5463906,1,1,1,0,0,0,0,0,1
5463908,1,1,0,0,0,1,0,0,0
5463909,0,1,1,1,0,0,0,0,1
5463910,1,1,1,1,0,1,0,0,1
5463911,0,0,0,0,0,1,0,0,0
5463914,1,0,0,1,1,0,0,0,0
5463933,1,0,0,0,1,0,0,0,1
5463936,0,0,0,0,0,0,0,1,0
5463954,0,1,0,0,0,0,0,0,0
5463962,1,0,1,1,0,0,0,0,1
5464156,1,0,0,0,0,1,0,0,1
5702619,1,0,1,1,1,1,0,0,1
5702654,1,0,1,0,0,0,0,0,0
5705112,0,1,0,0,1,0,0,0,1
5743410,0,0,0,0,1,0,0,1,1
5744267,0,0,1,0,1,1,0,0,0
5797328,1,0,0,1,0,0,0,0,0
5803450,0,1,0,0,0,0,0,0,0
5832948,1,0,0,1,0,0,0,0,0
5875676,0,0,1,0,0,1,0,0,0
5916286,0,0,0,0,1,0,0,0,1
5956805,1,1,0,1,0,0,0,0,0
5980396,0,1,0,0,0,1,0,0,0
6005821,0,0,1,0,0,1,0,0,0
6008212,1,0,0,0,0,0,0,0,1
6017272,0,1,0,0,0,1,0,0,1
6019677,1,1,1,0,0,1,0,0,0
6021887,0,1,1,1,1,1,0,0,0
6086514,1,1,0,0,0,1,0,0,0
6112709,1,0,1,0,0,0,0,0,0
6114390,0,1,0,0,0,1,0,0,0
6278424,1,0,0,0,0,1,0,1,1
6284401,0,1,0,0,0,1,0,0,1
6306732,1,0,1,0,0,0,0,1,0
6328581,1,1,0,0,0,0,0,1,0
6365451,1,0,1,0,0,0,0,0,1
6365696,1,0,0,0,0,1,0,0,0
6365752,1,0,1,0,1,0,0,0,1
6365761,0,0,1,1,1,0,0,0,0
6365780,1,0,1,0,0,0,0,0,0
6365957,1,1,1,1,0,0,0,0,0
6366072,1,0,1,0,0,0,0,0,0
6366077,1,0,1,0,1,0,0,0,1
6366078,1,1,1,1,0,0,0,0,0
6366079,1,0,1,0,0,0,0,0,1
6366381,1,0,1,0,0,0,0,0,0
6366446,1,0,0,0,0,0,0,0,0
6371716,0,0,0,0,1,0,0,0,1
6386037,0,0,1,0,0,1,0,0,0
6421281,0,0,1,0,1,0,1,0,0
6427130,0,0,0,0,1,0,0,0,0
6428088,1,1,0,0,0,0,0,0,0
6428442,1,0,0,0,0,1,0,0,0
6428546,0,0,0,0,1,0,0,0,1
6428782,1,0,1,1,0,0,0,0,0
6428802,0,0,0,1,1,0,0,1,0
6428936,0,1,1,1,1,0,0,0,0
6428969,1,1,0,1,0,1,0,0,1
6428990,0,1,0,1,1,0,0,0,0
6429059,0,0,0,1,1,0,0,1,0
6429195,0,1,0,0,0,0,0,0,1
6429310,0,1,0,1,1,0,0,0,0
6429325,1,0,1,0,0,0,0,0,0
6429333,0,1,0,1,0,1,0,0,1
6429690,0,1,0,0,0,1,0,0,1
6429709,0,1,0,0,0,1,0,0,0
6429937,0,0,0,0,1,0,0,0,0
6430162,1,0,0,0,1,0,0,0,0
6430166,1,0,0,0,1,0,0,0,1
6430169,1,0,0,0,1,0,0,0,1
6430180,1,0,0,0,1,0,0,0,0
6430188,1,1,1,0,1,0,0,0,0
6430804,1,1,0,0,0,1,0,1,0
6430805,1,1,0,0,0,1,0,0,0
6430892,0,0,1,0,1,0,0,0,0
6431042,0,0,1,0,0,0,0,0,0
6431148,1,1,0,0,0,0,0,0,1
6432923,1,0,0,0,1,0,0,0,0
6433150,1,0,0,0,0,1,0,0,0
6433214,0,1,0,0,0,0,0,0,0
6433322,0,1,1,0,0,1,0,0,0
6433417,1,0,1,1,0,1,0,1,0
6433507,1,0,0,0,1,1,0,0,1
6433715,1,1,1,0,1,0,0,0,1
6433790,1,0,0,0,0,1,0,0,1
6434067,1,1,1,0,0,0,0,0,1
6434513,0,0,1,1,0,0,0,0,0
6434541,0,0,1,0,0,0,0,0,0
6434621,1,0,1,0,1,0,0,0,1
6434672,1,0,1,0,0,1,0,0,0
6435033,1,0,1,1,0,1,0,0,0
6435821,1,1,0,0,0,0,0,0,0
6435823,1,1,0,0,1,1,0,0,0
6435824,1,0,0,0,0,0,0,1,0
6435825,1,1,0,0,0,0,0,0,1
6435826,0,1,0,1,0,1,0,0,1
6435828,0,0,0,0,0,1,0,0,1
6435833,1,1,0,0,0,0,0,1,0
6435834,0,1,1,0,1,1,0,0,0
6435835,1,0,0,1,0,1,0,0,1
6435837,1,1,0,0,1,0,0,0,1
6435838,0,0,1,1,1,0,0,0,0
6435839,0,0,1,1,0,1,0,0,0
6435841,0,1,0,0,0,1,0,0,0
6435861,1,1,1,0,1,0,0,0,1
6435866,1,0,0,1,1,0,0,0,0
6435868,1,0,1,0,0,1,0,0,1
6435869,1,0,1,0,0,0,0,0,0
6435882,1,0,1,0,0,1,0,0,0
6435903,0,0,1,0,1,0,0,1,1
6435914,0,0,0,0,0,1,0,0,0
6435925,0,0,0,1,0,0,0,0,0
6436311,1,1,0,0,0,0,0,1,0
6436336,1,0,0,0,0,0,0,0,0
6436368,1,0,1,0,0,0,0,0,0
6436374,0,1,0,0,0,1,0,0,0
6436439,0,1,0,0,0,1,0,0,0
6436486,1,0,1,0,0,0,0,0,0
6436488,1,0,0,0,1,0,0,0,0
6436491,0,0,0,0,1,0,0,0,0
6436502,1,0,1,0,0,0,0,0,0
6436582,0,0,0,1,0,1,0,0,0
6436647,1,0,1,0,0,0,0,0,0
6436679,1,0,1,0,0,0,0,0,1
6436703,0,0,0,1,0,0,0,0,1
6436850,0,0,0,0,1,0,0,0,0
6436989,0,0,1,0,0,1,1,0,0
6436990,1,0,1,0,0,0,0,0,0
6437002,1,1,0,0,1,1,0,0,0
6437112,0,0,1,0,0,1,0,0,0
6437114,1,0,1,0,0,1,0,0,0
6437137,1,0,1,0,0,0,0,0,0
6437163,1,0,0,0,0,1,0,0,0
6437266,0,0,0,0,0,0,0,0,1
6437267,1,1,0,0,0,1,0,0,0
6437294,1,1,0,1,1,1,0,0,0
6437300,1,0,0,0,1,1,0,0,1
6437405,0,0,0,0,1,0,0,0,1
6437428,1,0,1,0,0,0,0,0,0
6437441,1,0,0,0,0,1,0,0,1
6437467,1,0,0,1,0,0,0,0,1
6437473,0,0,1,0,0,0,0,0,1
6437578,1,0,0,0,0,0,0,0,0
6437599,1,0,0,1,0,1,0,0,1
6437648,1,1,0,0,0,1,0,0,0
6437735,0,0,0,0,1,1,0,0,1
6437805,0,0,0,0,0,1,0,1,0
6438067,1,0,0,0,0,1,0,0,0
6438070,1,1,0,0,1,1,0,0,0
6438200,1,0,0,0,0,0,0,0,1
6438203,1,0,1,0,1,0,0,0,0
6438319,1,0,0,0,0,1,0,0,1
6441593,1,0,1,0,1,0,0,0,0
6442642,0,0,0,0,1,0,0,0,0
6450204,0,1,0,1,0,1,0,0,0
6450462,1,0,1,0,0,0,0,0,1
6450832,1,0,1,1,0,1,0,1,0
6452201,1,1,0,0,0,1,0,0,0
6455146,0,1,0,1,1,0,0,0,0
6455283,1,1,1,0,0,0,0,0,0
6504553,0,0,0,0,1,0,0,0,0
6536892,1,0,1,0,0,1,0,0,0
6537958,0,1,0,0,1,0,0,0,0
6538156,0,0,1,0,0,1,1,0,0
6540477,0,1,0,1,1,0,0,0,0
6914062,1,1,1,1,0,0,0,0,0
6931726,1,0,1,0,0,0,0,0,1
6951519,1,1,0,0,1,0,0,0,0
6992244,1,0,0,1,0,0,0,0,0
6997333,0,0,0,0,1,0,0,0,1
6997340,0,1,0,0,1,0,0,0,0
6997350,0,1,0,0,1,0,0,0,0
6999038,0,0,1,1,0,0,0,0,1
6999858,1,0,0,0,1,0,0,0,0
6999928,1,0,0,0,1,0,0,0,1
7017232,1,1,0,1,0,1,0,0,1
7019646,1,0,0,0,1,0,0,0,0
7022165,0,1,0,0,0,1,0,0,1
7365222,0,0,0,1,1,0,0,0,0
7458634,0,0,1,1,1,0,0,0,1
9815597,1,0,1,0,0,0,0,1,1
9882013,0,0,0,0,1,0,0,0,1
10131025,0,0,0,0,1,0,0,0,1
10199004,0,0,0,0,0,0,0,0,1
10441848,1,0,0,1,0,0,0,0,0
10582821,1,0,0,1,1,0,0,0,0
10608036,0,1,0,0,0,0,0,0,0
10796756,0,1,0,0,0,0,0,1,0
10867491,1,0,0,0,0,0,0,0,0
10942622,0,0,0,0,1,0,0,0,0
11008317,1,1,0,0,1,0,0,0,0
11030188,0,0,0,0,0,0,0,0,1
11094611,0,1,0,1,1,0,0,0,0
11106485,0,1,0,1,1,0,0,0,0
11107909,0,0,0,0,1,0,0,0,0
11137872,1,0,0,0,0,0,0,0,0
11263567,1,0,0,0,1,1,0,0,1
11286864,0,1,1,0,1,0,0,0,1
11332546,1,0,0,0,0,0,0,0,0
11344071,1,0,1,0,0,1,0,0,0
11378520,1,0,1,0,0,0,0,0,0
11423867,0,0,1,0,1,0,0,0,0
11629741,1,0,0,0,0,1,0,0,0
11788920,0,0,1,0,0,0,0,0,0
11790917,0,0,0,0,1,0,0,0,0
11830590,1,1,0,0,0,0,0,0,0
11967982,0,0,0,0,0,1,0,0,0
11969488,1,1,0,0,0,1,0,0,0
11970548,0,1,1,0,0,1,0,0,0
11971259,1,1,0,0,1,0,0,0,0
12009861,1,0,1,0,0,0,0,0,0
12244492,1,0,1,0,1,0,0,0,1
12255414,1,0,1,0,0,0,0,0,0
12284668,1,0,0,0,0,0,0,0,0
12481804,0,0,0,0,1,0,0,0,0
12613663,0,0,1,1,0,0,0,1,1
12651581,0,0,1,1,0,0,0,1,1
12711594,0,1,0,1,1,0,0,0,0
12731072,1,0,1,1,1,0,0,0,1
12738086,0,0,0,0,0,1,0,0,0
12762300,0,0,0,0,1,0,0,0,1
12809178,1,0,0,0,0,1,0,0,1
12872111,0,0,0,1,1,0,0,0,1
12936743,0,0,1,1,0,0,0,0,0
12943526,0,0,0,1,1,0,0,0,1
12978217,1,0,0,0,0,1,0,0,0
12980878,0,1,0,0,0,0,0,0,0
13097902,1,0,0,0,0,0,0,0,0
13140453,1,0,0,0,0,0,0,0,0
13179210,1,0,0,0,0,0,0,0,0
13182665,1,1,1,0,0,0,0,0,0
13183557,0,1,0,0,0,1,0,0,0
13192443,0,0,1,0,0,1,0,0,0
13227122,1,0,1,0,0,0,0,0,0
13244981,1,1,1,1,1,1,0,0,1
13250020,0,0,0,1,0,1,0,0,0
13327048,1,1,0,0,0,0,0,0,0
13353282,0,0,0,0,1,0,0,0,1
13406641,1,0,1,1,1,1,0,0,0
13447131,0,1,0,1,1,0,0,0,0
13468584,1,0,0,0,0,0,0,0,0
13501357,1,1,1,1,0,1,0,0,0
13614902,0,0,1,0,1,0,0,1,0
13694693,1,0,0,0,1,0,1,0,0
13716562,1,0,0,0,0,0,0,0,1
13774146,1,0,1,0,0,0,0,0,0
13940628,1,0,1,0,1,0,0,0,0
13965455,1,0,0,0,1,0,0,0,1
14116469,1,0,0,1,1,0,0,0,1
14181799,1,0,0,1,1,0,0,0,1
14181805,1,1,1,0,0,0,0,0,0
14249069,1,1,0,0,0,0,0,0,0
14249070,1,1,0,0,0,0,0,0,0
14297102,1,1,1,0,1,0,0,0,0
14400165,1,0,1,0,0,0,0,0,0
14614417,1,0,0,0,0,1,0,0,0
14701079,0,0,1,0,0,0,0,0,0
14745448,1,1,0,0,0,0,0,1,1
14790534,1,1,0,0,0,0,0,1,1
14952082,1,1,0,0,1,0,0,0,0
15141631,1,0,0,0,0,1,0,0,0
15210716,1,0,0,1,1,0,0,1,0
15225386,1,0,0,1,1,0,0,0,1
15289599,1,0,0,0,0,0,0,0,1
15540144,0,0,0,0,0,0,0,0,1
15662052,0,1,0,0,0,1,0,0,0
15667721,0,0,0,0,1,0,0,0,0
15743318,0,0,0,0,1,0,0,0,0
16204499,0,0,1,1,1,0,0,0,0
16204529,1,0,0,0,0,1,0,0,0
16204532,0,0,1,1,0,0,0,0,1
16205756,1,0,0,0,0,1,0,0,1
16205802,1,1,0,0,0,0,0,0,0
16205867,0,0,0,0,0,0,0,0,1
16205868,1,0,0,0,0,1,0,0,0
16664423,0,0,0,0,1,0,0,0,1
17822157,1,1,0,1,0,0,0,0,1
17867063,0,1,0,1,0,1,0,0,0
17977981,0,0,1,0,1,0,0,0,0
18363691,0,0,1,0,0,1,1,0,0
18539813,1,0,1,0,0,1,0,0,1
18539818,1,0,0,0,1,1,0,0,1
18696447,1,0,0,0,1,0,0,0,0
18718393,1,0,0,1,1,0,0,1,1
18728909,1,0,0,0,0,0,0,0,0
18757749,1,0,0,0,0,1,0,1,1
19022215,1,0,0,0,0,0,0,0,0
19425778,1,1,0,0,0,0,0,0,0
19737259,1,1,0,1,0,0,0,0,0
19820742,1,0,0,0,1,0,0,0,1
19857768,0,0,0,0,0,1,0,0,1
19876973,1,0,1,1,0,0,0,0,0
19963983,0,0,1,1,0,0,0,1,1
19964035,0,0,1,0,0,0,0,1,1
19964037,0,0,0,0,0,0,0,1,1
19989124,1,0,1,0,1,0,0,0,1
20224800,1,1,1,0,0,1,0,0,0
20332432,0,1,0,1,0,1,0,0,0
20442793,0,0,0,0,1,0,0,0,1
20560364,1,0,0,0,0,0,0,0,0
20981461,0,0,1,0,0,1,1,0,1
21186827,0,1,0,1,0,0,0,0,0
21263168,0,0,0,0,0,1,0,0,1
21304742,1,0,1,1,0,0,0,0,0
21545434,0,0,1,0,1,0,0,0,0
21546135,0,0,0,1,1,0,0,0,0
21660211,1,0,0,1,1,0,0,0,1
21773712,0,0,0,1,1,0,0,0,0
21856063,0,0,1,0,0,1,0,0,0
21885377,0,1,0,0,0,0,0,0,0
21932488,1,0,0,1,0,1,0,0,0
21940939,0,0,0,0,1,0,0,0,1
21972054,1,0,0,1,0,1,0,0,0
21999737,0,0,0,0,1,1,0,0,1
22011445,0,0,1,1,0,0,0,1,0
22011447,1,0,1,0,0,0,0,1,1
22034852,1,1,0,0,0,0,0,0,0
22034999,1,0,1,0,0,0,0,0,1
22150015,0,0,1,1,1,0,0,0,0
22169177,1,0,0,0,0,1,0,1,1
22182802,0,0,1,0,0,0,0,0,0
22182954,1,0,1,0,0,0,0,0,0
22251515,1,0,0,0,1,0,0,0,0
22321042,1,0,1,0,0,1,0,0,0
22472261,0,0,1,0,1,0,0,0,0
22507249,1,0,0,1,1,0,0,1,0
22757845,1,0,1,1,0,1,0,0,1
22928293,0,1,0,0,0,0,0,0,1
22952976,0,1,1,0,1,0,0,0,0
22973762,1,1,0,0,1,0,0,0,0
23037164,0,1,1,0,0,1,1,0,0
23341028,1,0,0,0,0,0,0,0,0
23383487,0,0,1,1,1,0,0,0,0
23572848,0,0,0,1,1,0,0,1,0
24727453,1,0,0,0,0,0,0,0,0
24832089,0,0,0,0,1,0,0,0,0
36689269,1,0,1,0,0,1,0,0,0
42635449,1,0,0,0,0,0,0,0,1
44443281,1,0,1,0,0,0,0,1,1
44630408,1,0,1,1,1,0,0,0,0
45108274,0,0,0,1,1,0,0,1,1
45121670,0,0,0,1,1,0,0,1,0
46195362,0,1,0,0,1,0,0,0,0
46779102,1,0,0,0,1,0,0,0,1
46779104,0,1,1,1,1,0,0,0,0
46941523,0,0,0,1,1,0,0,0,0
51979789,1,0,0,0,0,0,0,0,0
53230316,0,0,0,0,1,0,0,0,1
53401860,1,0,1,0,1,0,0,0,0
53421444,0,0,1,1,0,0,0,1,0
53422435,0,0,1,1,0,0,0,1,1
53422437,0,0,1,1,0,0,0,1,1
53422438,0,0,1,1,1,0,0,1,1
53422473,1,0,1,0,0,0,0,1,1
53423848,0,0,1,1,1,0,0,0,1
53423849,0,1,0,1,0,0,0,0,0
53424309,1,0,0,0,0,0,1,0,0
53424389,0,0,0,1,0,0,0,0,0
53425122,0,0,0,0,1,0,0,1,1
53425775,1,0,0,0,0,0,0,0,1
53427914,0,0,1,1,0,0,0,1,1
53427962,0,0,1,1,0,0,0,1,1
53428090,0,0,1,1,0,0,0,1,1
53428112,0,0,1,1,1,0,0,1,1
53428150,0,0,1,1,0,0,0,1,1
53428151,0,0,1,0,0,0,0,1,1
53428368,0,0,0,0,1,0,0,0,0
53436656,0,0,0,0,1,0,0,0,0
53436964,0,0,0,0,1,0,0,0,0
53438915,0,0,1,0,0,0,0,1,0
53445325,1,0,1,1,0,1,0,0,0
53471898,1,0,1,1,1,0,0,0,1
53649670,0,0,1,1,1,1,0,0,0
53680649,1,0,1,0,0,0,0,0,0
53683233,0,0,1,0,0,1,0,0,0
53689298,1,1,0,0,0,1,0,0,0
53763665,1,0,0,0,1,0,0,0,1
53830717,0,1,0,0,1,0,0,1,0
53859205,1,0,1,0,1,0,0,0,1
53930276,1,0,1,1,0,0,0,0,0
53953985,0,1,0,0,0,1,0,0,1
53959463,0,0,0,0,0,1,0,1,1
54034681,1,0,1,0,0,0,0,0,1
54134573,0,0,0,0,1,0,0,0,0
54142174,1,0,1,0,0,0,0,0,0
54155447,1,0,1,0,0,0,0,0,1
54238690,0,0,0,0,1,0,0,0,0
54239805,1,0,1,0,0,0,0,1,1
54343029,0,0,0,0,1,0,0,0,1
54383830,1,0,1,0,0,0,0,0,0
54395009,0,0,0,0,1,0,0,0,1
54449870,1,0,1,0,0,0,0,0,0
54506697,0,0,0,0,1,0,0,0,1
54531251,1,0,1,0,1,0,0,0,0
54675810,0,0,0,0,0,0,0,0,1
54676860,0,0,0,0,0,0,0,0,1
55253565,1,0,0,0,0,0,0,0,0
55295883,0,0,0,1,0,0,0,0,0
56618482,0,0,0,0,0,1,0,0,0
56843050,0,1,0,1,1,0,0,0,0
57250522,0,0,1,1,1,0,0,0,0
57347853,0,0,1,1,1,0,0,1,1
57347944,0,0,1,1,1,0,0,1,0
57349573,0,1,0,0,0,1,0,0,0
57353225,0,0,0,0,0,1,0,0,1
57355543,1,1,1,0,0,0,0,1,1
57357659,0,1,1,1,0,0,0,0,0
57370186,1,0,0,0,0,0,0,0,0
57371062,1,0,1,0,0,1,0,1,1
57458171,1,0,0,0,0,1,0,1,1
57509241,1,0,1,0,0,0,0,0,1
58105461,1,0,0,0,0,0,0,0,1
58165301,1,1,1,0,1,0,0,0,0
59744161,1,0,1,0,1,0,0,0,0
59912546,1,0,1,0,0,0,0,1,1
62692338,1,0,1,1,1,0,0,0,0
65130002,1,1,0,0,0,1,0,0,0
66026407,0,0,1,1,1,1,0,0,1
66930827,1,0,0,0,0,1,0,0,0
66963592,1,0,0,0,0,0,0,0,0
67120007,0,0,0,0,0,0,0,0,1
67253117,0,0,0,0,1,0,0,0,1
67253664,0,0,0,0,0,1,0,0,0
67531795,1,0,0,0,1,1,0,0,1
67890804,1,1,0,1,0,1,0,0,0
68031543,0,0,1,1,1,0,0,1,0
68411792,1,1,0,0,0,1,0,0,0
68968644,1,1,0,0,0,0,0,0,0
68968648,1,1,1,1,0,0,0,0,0
70418333,1,0,1,0,0,0,0,1,1
71349956,1,0,0,0,1,0,0,0,0
71355598,1,0,1,0,0,1,1,0,0
71356951,1,1,0,0,0,0,0,0,0
71364274,0,0,0,0,1,0,0,1,1
71366249,0,0,1,1,0,0,0,0,0
71397942,0,0,1,1,0,1,0,0,0
71406239,0,0,0,1,1,0,0,0,0
71407321,1,0,1,0,0,0,0,0,1
71468629,0,1,0,0,0,0,0,0,0
71586960,1,0,1,0,1,0,0,0,1
71587144,0,1,0,0,1,0,0,0,1
71587152,0,0,0,0,0,1,0,1,1
71587306,1,0,1,0,0,0,0,0,0
71587372,1,0,0,0,1,0,0,0,1
71587376,0,0,0,0,1,1,0,0,1
71587434,0,0,0,0,1,0,0,0,0
71587572,1,1,0,0,1,0,0,0,0
71587638,1,0,1,0,0,0,0,0,0
71587678,0,0,0,0,1,0,0,0,1
71587703,0,0,0,0,1,0,0,0,1
71587815,1,0,1,0,0,0,0,1,0
73456809,0,1,0,1,1,0,0,0,0
73555259,0,0,0,1,1,0,0,0,0
73604801,0,0,1,0,1,1,0,0,0
73811382,0,1,0,0,1,0,0,0,1
74934545,0,1,0,0,1,1,0,0,1
75987722,1,0,0,0,0,1,0,0,0
76852387,0,0,0,1,1,0,0,0,1
78067165,1,0,0,0,0,1,0,0,0
78122470,0,1,0,0,1,0,0,0,1
83043387,1,0,0,0,0,0,0,0,0
85377469,0,1,0,0,1,1,0,0,0
85423699,1,1,0,0,0,0,0,0,1
85431481,1,0,1,0,0,1,0,0,0
85438801,0,0,0,0,0,1,0,0,0
85445514,1,0,1,0,0,0,0,0,1
85517881,1,0,0,0,0,0,0,0,0
85644846,1,0,1,0,0,0,0,0,0
85686435,0,0,0,0,1,0,0,0,0
86194442,1,0,0,0,0,0,0,1,1
86250565,1,1,0,0,0,0,0,1,1
86258204,1,0,0,0,1,0,0,0,0
86278356,0,0,1,1,1,0,0,1,0
86280216,0,0,1,1,0,1,0,0,0
87287812,1,0,1,0,0,0,0,0,0
87734154,1,1,0,0,1,0,0,0,1
87786474,0,0,0,0,1,0,0,0,0
87985826,1,0,0,0,0,0,0,0,0
87986756,1,0,1,0,0,1,0,0,0
88090815,1,1,0,0,0,1,0,0,0
88168807,1,1,0,0,0,1,0,0,1
88326924,0,0,0,1,1,0,0,0,1
88572921,1,1,0,0,0,0,0,0,0
88706933,1,0,0,0,1,0,0,0,1
89610154,0,0,1,1,1,0,0,0,0
89886495,1,0,0,0,0,1,0,0,0
90476041,0,0,1,1,0,0,0,1,1
91300039,1,0,1,0,0,0,0,0,0
91753512,1,0,1,0,0,0,0,0,0
101292526,1,0,1,0,0,1,0,0,0
101297869,1,1,0,0,0,0,0,0,0
101588415,0,0,1,1,0,0,0,1,1
101599349,1,0,1,0,0,0,0,1,0
101635002,1,0,0,0,0,1,0,0,1
101653893,1,1,0,0,0,0,0,0,0
101821981,1,0,0,0,0,0,0,0,0
101834900,1,0,1,0,0,0,0,1,1
101834902,1,1,1,0,0,0,0,0,0
101834904,0,0,1,1,0,0,0,1,0
101950342,0,0,1,0,0,1,0,0,0
102283665,1,0,1,0,0,0,0,0,1
118655907,0,0,0,1,0,0,0,0,1
119096297,0,0,0,1,1,0,0,1,0
122423558,1,0,0,0,0,0,0,0,1
122423559,0,0,0,0,1,0,1,0,0
122683344,1,0,0,1,0,0,0,0,0
122715604,1,0,0,0,1,0,0,0,0
123385408,1,0,1,0,0,0,0,0,0
124155855,1,0,0,0,0,0,0,0,1
126696534,0,0,0,1,0,0,0,0,1
129700071,0,0,0,0,0,0,1,1,1
129702099,1,1,0,0,0,0,0,1,0
129717465,0,0,1,0,1,0,0,0,0
129806554,1,0,0,0,0,1,0,0,0
129821760,1,0,1,0,0,0,0,0,0
129847813,0,0,0,0,1,1,0,0,1
129864017,0,0,1,0,0,1,0,0,0
129968705,0,0,0,0,1,0,0,0,1
139559011,0,0,0,0,1,0,0,1,1
140029897,1,0,0,0,0,0,0,0,0
140045938,1,0,1,1,0,0,0,0,0
140045942,0,0,1,1,0,0,0,1,1
140045945,0,0,1,1,0,0,0,1,1
140045950,1,0,0,0,0,0,0,0,0
140045951,1,1,0,0,0,0,0,0,1
140045955,1,1,0,0,0,0,0,0,1
140045960,0,0,1,1,1,0,0,1,0
140045973,1,0,1,0,0,0,0,1,1
140045980,0,0,1,0,1,0,0,0,1
140760926,1,0,0,0,0,0,0,0,1
141217835,0,0,0,0,1,0,0,0,1
142762796,0,0,0,0,1,0,0,0,1
142775203,1,0,0,0,0,0,0,1,0
146677681,0,0,1,1,1,0,0,1,1
146679225,0,0,1,1,1,0,0,1,1
146679297,0,0,1,1,1,0,0,1,0
148244304,1,1,0,0,0,0,0,1,0
148244548,1,0,1,0,0,0,0,0,0
148547519,1,0,1,0,0,0,0,0,1
149252478,1,1,0,0,0,0,0,1,0
150030476,1,0,1,0,0,0,0,0,0
150356494,1,1,0,1,1,0,0,0,1
151211444,0,0,0,1,0,0,0,0,1
151986522,1,0,1,0,0,0,0,1,1
153303552,1,0,0,0,0,0,0,0,0
154236401,1,0,1,1,0,0,0,0,1
154241350,0,0,1,0,1,0,0,0,0
155323379,0,0,0,0,1,0,0,0,1
158699780,1,1,0,1,1,0,0,0,1
161504856,1,0,1,0,0,0,0,0,1
162353069,1,0,1,0,1,0,0,0,0
