CID,green,fruity,flower,savory,animal,herbal,spices,earthy,woody,alcohol,aquatic
58,0,0,0,1,0,0,0,0,0,0,0
98,0,0,0,1,0,0,0,0,0,0,0
125,0,1,0,1,0,0,0,0,0,0,0
126,0,0,0,1,0,1,0,0,1,0,0
129,0,1,0,1,0,1,0,0,0,0,0
176,0,0,0,1,0,0,0,0,0,0,0
177,0,0,0,1,0,0,0,0,0,1,0
179,0,0,0,1,0,0,0,0,0,0,0
240,0,0,0,1,0,0,0,0,0,0,0
244,0,1,0,1,0,0,0,0,0,0,0
261,1,1,0,1,0,0,0,0,0,0,0
263,0,0,0,0,0,0,0,0,0,1,0
264,0,0,0,1,0,0,0,0,0,0,0
289,0,0,0,1,0,0,0,0,0,0,0
326,1,0,0,0,0,1,0,0,0,0,0
332,0,0,0,1,0,0,0,0,0,0,0
379,0,0,0,0,1,0,0,0,0,0,0
441,0,1,0,1,0,0,0,0,0,0,0
454,0,1,0,0,0,0,0,0,0,0,0
460,0,0,0,1,0,0,0,0,0,0,0
473,0,0,0,1,0,0,0,0,0,0,0
527,1,0,0,0,0,0,0,0,0,0,0
563,1,1,0,1,0,0,0,0,0,0,0
612,0,0,0,1,0,0,0,0,0,0,0
650,0,0,0,1,0,0,0,0,0,0,0
660,0,0,0,1,0,1,1,0,0,0,0
670,0,1,0,0,0,0,0,0,0,0,0
701,1,1,0,0,0,0,0,0,0,1,0
702,0,0,0,0,0,0,0,0,0,1,1
798,0,0,1,1,1,0,0,0,0,0,0
876,0,0,0,1,0,0,0,0,0,0,0
878,0,0,0,1,0,0,0,0,0,0,0
931,0,0,0,0,0,1,0,0,0,0,0
957,0,1,1,0,0,0,0,0,0,0,0
964,0,0,0,1,0,0,0,0,0,0,0
984,0,0,1,0,0,0,0,0,0,0,0
989,0,0,0,1,0,0,0,0,0,0,0
994,0,0,0,1,0,0,0,0,0,0,0
997,0,0,0,1,0,0,0,0,0,0,0
998,1,0,1,1,0,0,0,0,0,0,0
999,0,0,0,1,1,0,0,0,0,0,0
1031,0,0,0,1,0,0,0,0,0,1,0
1032,0,0,0,1,0,0,0,0,0,0,0
1049,0,0,0,1,0,0,0,0,0,0,0
1060,0,0,0,1,0,0,0,0,0,0,0
1068,0,0,0,1,0,0,0,0,0,0,0
1127,0,0,0,1,0,0,0,0,0,0,0
1133,0,0,0,1,0,0,0,0,0,0,0
1136,0,0,0,1,0,0,0,0,0,0,0
1183,0,0,0,1,0,0,0,0,0,0,0
1254,0,0,0,0,0,1,0,0,0,0,0
1567,0,0,0,1,0,0,0,0,0,0,0
2345,0,1,0,0,0,0,0,0,0,0,0
2346,1,0,0,1,0,0,0,0,0,0,0
2537,0,0,0,0,0,1,0,0,0,0,1
2758,0,0,0,0,0,1,0,0,0,0,1
2879,0,0,0,1,1,0,0,0,0,0,0
2969,0,0,0,1,0,0,0,0,0,0,0
3080,0,0,0,1,0,0,0,0,0,0,0
3102,0,0,1,0,0,0,0,0,0,0,0
3314,0,0,0,1,0,0,0,0,0,0,0
3485,1,1,0,0,0,0,0,0,0,0,0
3611,0,0,0,0,0,0,0,0,1,0,0
3776,0,0,0,0,0,0,0,0,0,1,0
3893,0,0,0,0,0,0,0,0,0,0,1
4276,0,0,0,0,0,0,0,0,1,0,0
4775,0,0,1,1,0,0,0,0,0,0,0
5541,0,1,0,0,0,0,0,0,0,0,1
5610,0,1,0,1,0,0,0,0,0,0,0
6050,0,1,0,1,0,0,0,0,0,0,0
6054,0,0,1,0,0,0,0,0,0,0,0
6137,0,0,0,1,0,0,0,0,0,0,0
6140,0,0,0,1,0,0,0,0,0,0,0
6184,1,1,0,0,0,0,0,0,0,0,0
6268,0,0,0,1,0,0,0,0,0,0,0
6276,0,0,0,0,0,0,0,0,0,1,0
6329,0,1,0,1,0,0,0,0,0,0,0
6341,0,1,0,1,0,0,0,0,0,0,0
6343,0,1,0,1,0,0,0,0,0,0,0
6363,0,0,0,1,0,0,0,0,0,0,0
6364,0,0,0,1,0,0,0,0,0,0,0
6386,0,0,0,1,0,0,0,0,0,0,1
6387,0,1,0,1,0,0,0,0,0,0,0
6405,0,0,0,1,0,1,0,0,0,1,1
6417,0,0,0,1,0,0,0,0,0,0,0
6425,0,0,0,1,0,1,0,0,1,0,1
6448,0,0,0,0,0,1,0,0,1,0,0
6482,0,0,0,0,0,0,0,1,1,0,0
6493,1,1,0,1,0,1,0,1,0,0,0
6495,0,0,0,0,0,0,0,0,0,0,1
6501,0,1,0,0,0,0,0,0,0,0,0
6505,0,1,0,0,0,0,0,0,0,1,0
6506,0,1,0,0,0,0,0,0,0,1,0
6514,0,0,0,1,0,0,0,0,0,0,0
6532,0,1,1,0,0,0,0,0,0,0,0
6544,1,0,0,1,0,1,0,0,0,0,0
6548,0,0,1,0,0,0,0,0,0,0,0
6549,0,1,1,0,0,0,0,0,1,0,0
6558,0,1,0,1,0,0,0,0,0,0,0
6560,0,0,0,1,0,0,0,0,0,0,0
6561,1,1,0,1,0,0,0,0,0,0,0
6568,0,0,0,1,0,0,0,0,0,1,0
6569,0,1,0,0,0,1,0,0,0,0,0
6570,0,0,0,0,0,0,0,0,0,0,1
6584,0,1,0,0,0,0,0,0,0,0,1
6590,0,1,0,1,0,0,0,0,0,0,0
6616,0,0,0,0,0,1,0,0,0,0,0
6631,0,1,0,0,0,1,0,0,1,0,1
6651,0,0,0,0,0,1,0,0,1,0,0
6654,0,0,0,0,0,0,0,0,1,0,0
6658,0,1,0,0,0,0,0,0,0,0,0
6736,0,1,1,0,1,0,0,0,0,0,0
6753,0,0,1,0,1,0,0,0,0,0,0
6826,0,1,1,0,0,0,0,0,0,0,0
6873,0,0,1,0,0,1,0,0,0,0,0
6874,1,0,1,0,0,1,0,0,0,0,0
6877,1,1,0,0,0,0,0,0,0,0,0
6885,0,0,0,1,0,1,1,0,0,0,0
6915,0,1,0,1,0,0,0,1,0,0,0
6937,0,0,0,1,0,0,0,0,1,0,0
6943,0,0,0,1,0,0,0,0,0,0,0
6949,0,0,0,0,0,0,0,0,1,0,0
6985,0,0,1,0,0,1,1,0,1,0,0
6987,0,0,0,0,0,1,0,0,0,0,1
6989,0,0,0,0,0,1,0,0,0,0,0
6998,0,0,0,1,0,0,0,0,0,0,0
7002,1,0,0,0,0,0,0,1,0,0,0
7041,0,0,0,1,0,0,0,0,1,0,0
7043,0,0,0,1,0,0,0,1,0,0,0
7045,0,0,0,1,0,0,0,0,0,0,0
7047,0,0,0,0,1,1,0,0,0,0,0
7058,0,0,0,1,0,0,0,0,0,0,0
7059,0,0,1,0,1,1,0,0,1,0,0
7060,0,0,0,0,0,1,0,0,0,0,0
7092,0,1,0,0,0,0,1,0,0,0,0
7095,0,0,1,0,0,0,0,0,0,0,1
7118,0,0,0,1,0,0,0,0,0,0,0
7119,0,1,1,0,0,0,0,0,0,0,0
7122,0,1,0,0,0,0,0,0,0,0,0
7127,0,0,0,0,0,1,0,0,0,0,0
7129,0,0,1,0,0,0,0,0,0,0,0
7130,0,0,0,0,0,0,0,1,0,0,0
7136,0,1,0,0,0,0,0,0,0,0,0
7144,0,0,0,1,0,0,0,0,0,0,0
7146,1,0,1,1,0,0,0,0,0,0,0
7147,0,0,1,0,0,0,0,0,0,0,0
7148,0,1,1,0,0,1,0,0,0,0,0
7150,0,1,1,0,0,0,0,0,0,0,0
7151,0,0,0,0,0,1,0,0,0,0,0
7165,0,1,1,0,0,0,0,0,0,0,0
7166,0,0,0,1,0,0,0,0,0,0,0
7169,1,1,1,0,0,0,0,0,0,0,1
7170,0,1,0,0,0,0,0,0,0,1,0
7193,1,1,0,0,0,0,0,0,0,0,0
7194,0,0,1,1,0,0,0,0,0,0,0
7221,0,0,0,1,0,0,0,1,0,0,0
7222,0,0,0,1,0,0,0,0,0,0,0
7224,0,0,0,0,1,0,0,0,0,0,0
7225,0,0,1,1,0,1,0,0,0,0,0
7267,0,0,0,1,0,0,0,0,0,0,0
7268,0,1,0,1,1,1,0,0,0,1,0
7284,1,1,0,1,0,0,0,0,0,0,0
7288,0,1,0,1,0,0,0,0,0,0,1
7294,0,0,0,0,0,1,0,0,0,0,0
7298,0,0,0,1,0,0,0,0,0,1,1
7301,0,0,0,0,0,1,0,0,0,0,0
7302,0,0,0,1,0,0,0,0,0,0,0
7304,0,0,0,1,1,1,0,0,1,0,0
7335,1,1,0,1,0,1,0,0,0,0,0
7336,0,1,0,0,0,1,0,0,0,0,0
7341,0,0,0,1,0,0,0,0,0,0,0
7342,0,1,0,0,0,0,0,0,0,1,1
7343,0,1,0,0,0,1,0,0,0,0,0
7344,0,0,0,1,0,0,0,0,0,1,1
7351,0,1,0,0,0,0,0,0,0,1,0
7352,0,0,0,0,0,1,0,0,0,0,0
7353,0,1,0,0,0,0,0,0,0,0,0
7354,0,1,0,0,0,1,0,0,0,0,1
7358,0,0,0,1,0,0,0,0,0,1,0
7359,1,1,0,1,0,0,0,0,0,0,1
7360,0,1,0,1,0,0,0,0,0,0,0
7362,0,0,0,1,0,0,0,0,0,0,0
7363,0,0,0,1,0,0,0,0,0,0,0
7364,0,1,0,1,0,0,0,0,0,0,0
7391,0,0,0,0,0,1,0,0,1,0,0
7392,0,0,0,0,0,1,0,0,0,0,0
7407,0,0,0,0,0,1,0,0,0,0,0
7409,1,0,1,0,0,0,0,1,0,0,0
7410,0,1,0,0,0,0,0,0,0,0,0
7413,0,1,0,1,0,0,0,0,0,0,0
7455,0,1,1,0,0,0,1,0,0,0,0
7460,0,1,0,0,0,1,0,0,1,0,1
7461,0,1,0,0,0,1,0,0,0,0,1
7462,0,1,0,0,0,0,0,0,0,0,1
7463,0,1,0,0,0,0,0,0,0,0,0
7469,0,1,1,0,0,1,0,0,1,0,0
7476,0,0,1,0,0,1,0,0,0,0,0
7478,0,1,0,0,0,0,0,0,0,0,0
7505,0,1,0,1,0,0,0,0,0,0,0
7509,0,0,0,1,0,0,0,0,0,0,0
7519,0,0,0,0,0,0,1,0,0,0,0
7520,0,0,0,1,0,0,0,0,1,0,0
7523,1,0,0,1,0,0,0,0,0,0,0
7528,0,1,0,0,0,0,0,0,0,0,0
7530,0,0,1,1,0,0,0,0,0,0,0
7531,0,0,1,0,0,1,0,0,0,0,1
7559,0,0,1,1,0,0,0,0,0,0,0
7562,1,0,0,0,0,0,0,0,0,0,0
7580,1,0,1,0,0,0,0,0,0,0,1
7583,1,0,1,0,0,0,0,0,0,0,1
7590,0,0,0,1,0,0,0,0,0,0,0
7593,0,1,1,1,0,0,0,0,0,0,0
7599,0,0,1,1,0,0,0,0,0,0,0
7600,0,1,1,1,0,0,0,0,0,0,0
7601,0,0,1,1,0,0,0,0,0,0,0
7616,0,1,0,1,0,0,0,0,0,0,0
7622,0,1,0,1,1,0,0,0,0,0,0
7632,1,0,1,0,0,1,0,0,0,0,0
7633,1,1,1,0,0,0,0,0,0,0,1
7635,0,1,0,0,0,1,0,0,0,0,0
7643,0,1,1,0,0,0,1,0,0,0,0
7646,0,1,1,0,0,0,0,0,0,0,0
7650,0,1,1,0,0,0,0,0,0,0,0
7651,0,1,0,1,0,1,0,0,0,0,0
7654,0,1,1,1,0,0,0,0,0,0,0
7655,0,1,1,1,0,0,0,0,0,0,0
7657,0,0,1,1,0,0,0,1,0,0,0
7658,1,1,1,0,0,0,0,0,0,0,0
7662,0,1,0,0,0,0,0,0,0,0,0
7674,0,0,0,0,0,0,1,0,0,0,0
7678,1,1,0,0,0,0,0,0,0,0,0
7685,0,1,0,0,1,0,0,0,0,0,0
7687,1,0,1,1,0,0,0,0,0,0,0
7695,0,1,1,1,0,0,1,0,0,0,0
7702,0,0,0,0,0,1,1,0,0,0,0
7704,0,1,0,0,0,0,1,0,0,0,0
7707,1,0,1,0,0,0,0,0,0,0,0
7708,0,1,0,0,0,0,0,0,0,0,1
7711,1,0,1,0,0,1,0,0,0,0,0
7720,0,0,1,1,0,0,0,0,0,0,0
7725,0,1,0,1,0,0,0,0,0,0,0
7728,1,0,0,1,0,0,0,1,0,0,0
7731,1,0,1,1,0,0,0,0,0,0,0
7733,0,1,0,0,0,0,0,0,0,1,0
7738,0,1,1,1,0,0,1,0,0,0,0
7742,0,1,0,0,0,1,1,0,0,0,0
7745,0,0,0,1,0,0,0,0,0,1,1
7749,0,1,0,0,0,0,0,0,0,1,1
7755,0,0,0,1,0,0,0,0,0,0,0
7757,1,1,0,0,0,0,0,0,0,1,0
7758,0,1,0,0,0,0,0,0,0,0,1
7761,1,1,0,0,0,0,0,0,0,0,0
7762,0,1,0,1,0,0,0,0,0,0,1
7765,1,1,0,0,0,0,0,0,0,1,0
7766,0,0,0,0,0,0,0,0,0,0,1
7768,0,0,0,0,1,0,0,0,0,0,0
7770,0,1,0,0,0,0,0,0,0,0,0
7771,0,0,0,1,0,0,0,0,0,0,0
7772,0,1,0,0,0,0,0,0,0,0,0
7775,0,1,0,0,0,0,0,0,0,1,0
7778,1,1,1,0,0,0,0,0,0,0,0
7781,0,0,1,0,0,0,0,0,0,0,0
7792,0,0,1,0,0,0,0,0,0,0,0
7793,1,1,1,0,0,0,0,0,0,0,0
7795,0,1,0,0,0,0,0,0,0,0,0
7797,0,1,0,0,0,0,0,0,0,1,0
7799,0,1,0,0,0,0,0,0,0,1,0
7800,0,1,1,0,0,0,0,0,0,0,0
7802,1,1,0,0,0,0,0,0,0,0,0
7803,0,1,0,0,0,0,0,0,0,1,1
7820,1,1,0,0,0,0,0,0,0,1,1
7822,0,1,0,0,0,1,0,0,0,0,0
7824,0,1,0,0,0,0,0,0,0,0,1
7826,1,1,1,0,0,0,0,0,0,0,0
7829,0,1,0,0,0,0,0,0,0,0,1
7847,0,0,0,1,0,1,0,0,0,0,0
7848,0,0,0,1,0,0,0,0,0,0,0
7852,0,0,0,1,0,0,0,0,0,0,0
7860,0,0,0,1,0,0,0,0,0,0,0
7865,0,0,0,0,0,0,0,0,0,1,1
7888,0,0,1,0,0,0,0,0,0,0,0
7894,0,0,0,1,0,0,0,0,0,0,0
7895,0,1,0,1,0,0,0,0,0,1,1
7900,0,0,0,0,0,0,0,0,0,0,1
7909,1,1,0,0,0,0,0,0,0,0,1
7910,1,0,0,1,0,0,0,0,0,1,0
7915,0,1,0,0,0,0,0,0,0,0,1
7916,0,1,0,0,0,0,0,0,0,1,1
7921,0,0,0,0,0,1,1,0,0,0,0
7936,1,0,0,1,1,1,0,0,0,0,0
7937,1,0,0,1,0,1,0,0,0,0,0
7938,0,0,0,1,0,0,0,0,0,0,0
7943,1,1,0,0,0,0,0,0,0,0,1
7945,0,1,0,1,0,0,0,0,0,1,0
7948,0,0,1,0,0,0,0,0,1,0,0
7953,1,0,0,0,1,1,0,0,0,0,0
7957,1,1,0,1,0,0,0,0,0,1,0
7958,0,1,0,0,0,0,0,0,0,0,0
7959,0,1,0,0,0,0,0,0,0,0,1
7963,1,0,0,0,1,1,0,0,0,0,0
7966,0,0,0,1,0,1,0,0,0,0,0
7967,0,0,0,0,0,1,0,0,0,0,0
7969,0,0,0,1,0,0,0,0,0,0,0
7970,1,0,0,1,0,1,0,1,0,0,0
7974,0,0,0,1,0,0,0,0,0,0,0
7975,0,0,0,1,0,0,0,0,0,1,0
7976,1,0,0,1,0,0,0,0,0,0,0
7981,0,1,0,0,0,0,0,0,0,0,1
7983,0,1,0,0,0,0,0,0,0,0,0
7984,0,0,0,0,1,0,0,0,0,0,0
7986,0,1,0,0,0,0,0,0,0,0,0
7989,0,1,1,1,0,0,0,0,0,0,1
7991,0,0,0,1,0,0,0,0,0,0,0
7997,0,1,0,0,0,0,0,0,0,1,1
8007,0,0,0,1,0,0,0,0,0,0,0
8012,0,0,0,1,0,0,0,0,0,0,0
8013,0,0,0,1,0,0,0,0,0,0,0
8020,0,1,0,0,0,0,0,0,0,1,1
8021,0,0,0,1,0,0,0,0,0,0,0
8025,0,1,0,0,0,0,0,0,0,1,1
8026,0,1,0,1,0,0,0,0,0,1,1
8027,0,0,0,1,0,0,0,0,0,0,0
8029,0,0,0,1,0,0,0,0,0,0,0
8034,0,1,0,1,0,1,0,0,0,0,0
8035,0,0,0,1,0,1,0,0,0,0,1
8038,0,1,0,0,0,0,0,0,0,0,0
8048,0,0,0,1,0,0,0,0,0,1,0
8049,0,1,0,0,0,0,0,0,0,1,0
8050,0,1,0,0,0,0,0,0,0,1,0
8051,0,1,0,1,0,0,1,0,0,0,0
8052,1,1,0,0,0,0,0,0,0,1,0
8060,0,0,0,1,0,0,0,0,0,0,1
8063,0,0,0,1,0,0,0,0,0,0,0
8067,1,1,0,1,0,0,0,0,0,0,0
8071,0,0,0,0,0,0,0,0,0,0,1
8073,0,0,0,0,0,0,0,0,0,1,1
8075,0,1,0,1,0,0,0,0,0,0,0
8077,0,1,0,1,0,0,0,0,0,0,0
8082,0,0,1,0,1,0,0,0,0,0,0
8091,0,1,0,0,0,0,0,0,0,1,0
8092,1,0,1,1,0,0,0,0,0,1,0
8093,1,1,0,1,0,0,0,0,0,0,0
8094,0,0,0,1,0,0,0,0,0,0,0
8095,0,1,0,0,0,0,0,0,0,0,0
8102,0,0,0,1,0,0,0,0,0,0,0
8103,0,1,0,0,0,0,0,0,0,1,0
8106,0,0,0,1,0,0,0,0,0,0,0
8118,1,0,0,1,0,0,0,0,0,0,0
8121,0,0,0,0,0,0,0,0,0,1,0
8129,1,0,0,0,0,0,0,0,0,0,1
8130,1,1,0,1,0,0,0,0,0,1,0
8133,0,1,0,0,0,0,0,0,0,1,1
8137,1,0,1,0,0,0,0,0,0,0,0
8138,0,1,0,1,0,0,0,0,0,1,0
8144,0,0,0,1,0,0,0,0,0,0,0
8158,0,0,0,1,0,0,0,0,0,0,0
8159,0,1,1,0,0,0,0,0,0,0,0
8160,1,1,0,0,0,0,0,0,0,0,1
8163,0,1,1,0,0,0,0,0,0,0,0
8164,1,1,1,0,0,0,0,0,0,0,0
8167,0,1,1,0,0,0,0,0,0,0,0
8169,0,1,0,0,0,0,0,0,0,0,0
8174,0,0,1,0,0,0,0,0,0,0,0
8175,0,1,0,0,0,0,0,0,0,0,0
8176,1,1,1,0,0,0,0,0,0,0,0
8184,0,1,1,0,0,0,0,0,0,0,0
8185,1,1,1,0,0,0,0,0,0,0,0
8186,0,1,1,0,0,0,0,0,0,0,0
8187,0,1,1,0,0,0,0,0,0,0,0
8191,1,0,0,1,0,0,0,0,0,0,0
8193,0,1,1,0,0,0,0,0,0,0,0
8194,0,0,1,0,0,0,0,0,0,0,0
8195,0,0,0,1,0,0,0,0,0,0,0
8205,0,1,1,0,0,0,0,0,0,0,1
8207,0,1,0,0,0,0,0,0,1,0,0
8257,0,1,0,0,0,1,0,1,0,0,1
8294,0,1,1,0,0,0,0,0,0,0,0
8298,0,0,0,0,0,1,0,0,0,0,0
8299,1,0,0,1,0,0,0,0,0,1,0
8314,0,1,0,1,0,0,0,0,0,0,0
8347,0,0,0,0,0,1,0,0,1,0,1
8361,0,1,1,1,0,0,0,0,1,0,0
8364,0,1,1,0,0,0,0,0,0,0,0
8365,0,1,1,0,0,0,0,0,0,0,0
8369,0,1,0,1,0,0,0,0,0,0,0
8375,0,1,0,1,0,1,1,0,0,0,0
8400,0,0,0,0,0,1,0,0,0,0,0
8405,0,0,0,1,0,1,1,0,0,0,0
8419,0,0,0,1,0,0,0,0,1,0,0
8432,1,1,1,0,0,0,0,0,0,0,0
8438,0,1,1,0,0,0,0,0,0,0,0
8446,0,0,0,1,0,0,0,0,0,0,0
8452,0,0,0,1,0,0,0,0,1,0,0
8454,0,1,0,1,0,0,0,0,0,0,0
8467,0,0,0,1,0,0,0,0,0,0,0
8469,0,1,0,1,0,0,0,0,0,0,0
8471,0,1,0,1,0,0,0,0,0,0,0
8499,0,0,0,1,0,0,1,0,0,0,0
8500,0,1,1,0,0,1,0,0,0,0,0
8635,0,1,0,0,0,0,0,0,0,0,0
8655,0,0,1,1,0,0,0,0,0,0,0
8658,0,0,0,1,0,0,1,0,0,0,0
8697,0,1,0,1,0,1,0,0,0,0,0
8698,0,1,0,0,0,0,0,0,1,0,0
8712,0,0,0,1,0,0,0,0,0,0,0
8723,0,0,0,1,0,0,0,0,0,1,1
8738,0,0,0,1,0,0,0,0,0,0,0
8748,0,0,0,1,0,1,0,0,1,0,0
8763,0,1,0,1,0,0,0,0,0,0,0
8767,0,0,1,1,0,0,0,0,0,0,0
8768,0,0,0,1,0,0,0,0,0,0,0
8785,0,1,1,0,0,0,0,0,0,0,0
8792,0,1,1,0,0,0,0,0,0,0,0
8797,0,0,1,0,1,0,0,0,0,0,0
8815,0,0,0,0,0,1,1,0,0,0,0
8821,0,0,0,0,0,0,0,0,0,1,0
8830,0,1,0,1,0,0,0,0,0,1,0
8833,0,1,1,0,0,0,0,0,0,0,1
8834,0,1,1,0,0,0,0,0,0,0,0
8835,1,1,1,0,0,0,0,0,0,0,0
8844,0,1,0,0,0,0,0,0,0,1,0
8857,0,0,0,0,0,0,0,0,0,1,1
8858,0,0,0,1,0,1,0,0,0,0,0
8863,1,1,1,0,0,0,0,0,0,0,1
8868,1,1,0,0,0,0,0,0,0,1,1
8871,0,0,0,1,1,0,0,0,0,0,0
8878,0,1,0,0,0,0,0,0,0,0,0
8892,0,0,0,1,0,0,0,0,0,0,0
8908,0,1,0,0,0,0,0,0,0,0,0
8909,0,1,0,0,0,0,0,0,0,0,1
8914,0,1,1,0,0,0,0,0,0,0,0
8918,1,1,1,1,0,0,0,0,0,0,0
8991,0,0,0,1,0,0,0,0,0,0,0
9012,1,0,0,1,0,0,0,1,0,0,0
9015,0,0,0,0,0,0,1,0,0,0,0
9016,0,0,0,1,0,1,0,1,0,0,0
9017,0,1,1,0,0,0,0,0,0,0,1
9024,0,1,1,0,0,0,0,0,0,0,1
9025,0,0,0,1,0,0,0,1,0,0,0
9027,0,0,1,0,0,0,0,0,0,0,0
9256,0,0,0,1,0,0,0,0,0,0,0
9258,0,0,0,1,0,0,0,0,0,0,0
9261,0,0,0,1,0,0,0,0,0,0,0
9473,0,1,1,0,0,0,0,0,0,0,0
9589,0,0,0,1,0,1,0,0,0,0,0
9609,0,0,0,1,0,0,0,0,0,0,0
9862,1,0,0,0,0,1,0,0,0,0,0
9865,0,0,0,1,0,0,0,0,0,0,0
9895,1,1,1,0,0,1,0,0,0,0,0
10024,0,0,0,0,0,0,0,0,0,0,1
10045,0,0,0,1,0,1,0,0,0,0,0
10106,0,0,0,0,0,1,0,0,1,0,1
10223,0,0,0,1,0,0,0,0,1,0,0
10248,0,0,1,0,0,0,0,0,1,0,0
10282,0,0,0,1,0,1,0,0,0,0,0
10285,1,0,1,1,1,0,0,0,0,0,0
10296,0,0,1,1,0,0,0,0,0,0,0
10315,0,1,1,1,0,0,0,0,0,0,0
10322,0,0,0,1,0,0,0,0,0,0,0
10341,0,0,0,1,0,0,0,0,0,1,0
10353,0,0,1,0,0,0,0,0,1,0,0
10362,0,0,0,0,0,1,0,0,0,0,0
10364,0,0,0,1,0,1,0,0,0,0,0
10393,0,1,1,0,0,0,0,0,0,0,0
10400,0,0,0,0,0,1,0,0,0,0,0
10402,1,0,1,0,0,0,0,0,0,0,0
10405,1,0,1,0,0,1,0,0,0,0,0
10408,0,0,1,0,0,0,0,0,0,0,1
10430,0,1,0,1,0,0,0,0,0,0,0
10448,0,0,0,1,0,0,0,0,0,0,0
10452,0,0,0,1,0,0,0,0,0,0,0
10453,1,0,0,0,0,1,0,0,0,0,0
10460,1,0,0,0,0,0,0,0,0,0,0
10484,0,1,0,1,0,1,0,0,0,0,1
10558,0,0,0,1,0,0,0,0,0,0,0
10560,0,0,0,1,0,0,0,0,0,0,0
10582,0,0,0,0,0,1,0,0,1,0,0
10583,0,0,0,0,0,0,0,0,1,0,0
10687,0,0,0,0,1,0,0,0,0,0,0
10698,0,0,0,1,0,1,0,0,0,0,0
10722,0,1,0,1,0,0,0,0,0,0,0
10741,0,0,1,0,0,0,0,0,0,0,0
10778,0,1,1,0,0,0,0,0,0,0,0
10795,1,0,0,0,0,0,0,0,0,1,0
10797,0,0,0,1,0,0,0,0,0,0,1
10817,0,1,1,1,0,1,0,0,0,0,0
10819,0,1,1,0,0,0,0,0,0,0,0
10822,1,0,0,0,0,1,0,1,0,0,0
10823,0,0,0,1,0,1,0,0,0,0,0
10869,0,1,1,0,0,0,0,0,0,0,1
10873,0,1,0,0,0,0,0,0,0,0,0
10874,1,0,0,0,1,0,0,1,0,0,0
10882,0,1,0,0,0,0,0,0,0,0,0
10883,1,1,0,1,0,0,0,0,0,0,0
10885,0,1,0,0,0,0,0,0,0,1,0
10886,1,1,0,0,0,0,0,0,0,0,0
10895,0,1,0,0,0,0,0,0,0,1,1
10902,0,0,0,1,0,0,0,0,0,0,0
10925,0,0,0,1,0,0,0,0,0,0,0
10931,0,0,0,1,0,1,0,0,0,0,0
10934,0,0,0,1,0,0,0,0,0,0,0
10947,0,0,0,0,1,0,0,0,0,0,0
10953,0,1,0,0,0,0,0,0,0,0,0
10957,0,1,0,0,0,0,0,0,0,1,1
10966,0,0,0,1,0,0,0,0,0,0,0
10975,0,0,1,0,0,0,0,0,1,0,0
10976,1,1,0,0,0,1,0,0,0,0,0
10989,1,1,0,0,0,1,0,0,0,0,1
11002,1,0,1,1,0,0,0,0,0,0,0
11038,0,0,0,0,0,1,0,0,0,0,1
11039,0,1,0,0,0,0,0,0,0,1,0
11086,0,1,0,0,0,0,0,0,0,0,0
11124,0,1,0,0,0,0,0,0,0,1,1
11126,1,0,0,1,0,0,0,0,0,0,0
11160,0,1,0,0,0,0,0,0,0,0,1
11167,0,0,0,1,0,0,0,0,0,0,0
11173,1,1,0,0,0,0,0,0,0,0,0
11176,0,1,0,0,0,0,0,0,0,0,0
11191,0,0,0,0,0,0,0,0,0,0,1
11230,1,1,0,0,0,0,0,0,1,0,0
11251,0,0,0,0,0,1,0,0,0,0,1
11261,1,1,0,0,0,0,0,0,0,1,1
11262,0,1,0,1,0,0,0,0,0,0,0
11265,0,1,0,0,0,1,0,0,0,0,1
11271,0,1,0,1,0,1,0,0,0,0,1
11335,0,0,0,1,0,0,0,0,0,0,0
11340,0,0,0,1,0,1,1,0,0,0,0
11363,0,0,0,1,0,0,0,0,0,0,0
11406,0,1,1,0,0,0,0,0,0,0,0
11409,0,1,0,1,0,0,0,0,0,0,0
11419,0,0,0,1,0,1,0,1,0,0,0
11420,0,0,0,1,0,0,0,0,0,0,0
11428,0,1,0,1,0,0,0,0,0,0,1
11449,0,0,0,1,0,0,0,0,0,0,0
11463,0,1,0,0,0,0,1,0,1,0,0
11468,0,0,0,0,0,0,0,0,1,0,0
11505,1,0,1,0,0,0,0,0,0,0,0
11508,1,1,0,0,0,0,0,0,0,1,0
11509,0,1,0,0,0,0,0,0,0,1,1
11513,1,1,0,0,0,0,0,0,0,1,0
11514,0,1,0,0,0,0,0,0,0,0,0
11517,1,1,1,0,0,0,0,0,0,0,0
11520,1,1,0,1,0,1,0,0,0,0,0
11525,0,0,0,0,0,1,1,0,0,0,0
11527,0,0,0,1,0,1,0,1,0,0,0
11529,0,1,0,0,0,0,0,0,0,1,1
11543,0,0,0,1,0,1,0,0,0,1,0
11552,1,1,0,1,0,0,0,0,0,0,0
11558,0,0,0,1,0,1,1,0,0,0,0
11559,0,0,0,1,0,1,1,0,0,0,0
11565,1,0,0,0,0,0,0,0,0,0,0
11567,0,0,0,0,0,1,0,0,0,0,1
11569,0,0,1,0,0,0,1,0,0,0,0
11576,0,1,0,1,0,0,0,0,0,1,0
11579,0,0,0,1,0,0,0,0,0,0,0
11583,0,1,0,1,0,0,0,0,0,0,0
11584,0,1,0,0,0,0,1,0,0,1,1
11593,0,1,0,1,0,0,0,0,0,0,0
11613,1,0,0,1,0,0,0,0,0,0,0
11614,0,1,0,0,0,0,0,0,0,1,1
11617,0,0,0,1,0,0,0,0,0,0,0
11622,0,0,0,1,0,1,0,0,0,0,0
11716,1,0,0,1,0,0,0,0,0,0,0
11732,0,0,0,1,0,0,0,0,0,1,1
11747,0,0,0,1,0,0,0,0,0,0,0
11748,0,1,0,1,0,0,0,0,0,0,0
11752,0,0,0,0,0,0,0,0,0,1,0
11838,0,1,0,0,0,1,0,0,0,0,0
11902,0,1,0,1,0,0,0,1,0,1,0
11950,0,0,0,0,0,0,1,0,0,0,0
11962,0,0,1,0,0,0,0,0,0,0,0
11980,0,1,1,1,0,0,0,0,0,0,0
11982,0,1,0,1,0,0,0,1,0,0,0
11989,0,0,0,1,0,0,0,0,0,0,0
12020,1,0,0,1,0,0,0,0,0,0,0
12021,0,0,0,0,0,0,0,0,0,0,1
12024,0,0,0,1,0,0,0,0,0,0,0
12038,0,0,1,1,0,0,0,0,0,0,0
12040,1,0,1,0,0,1,0,0,0,0,0
12041,0,1,0,1,0,0,0,0,0,0,0
12044,0,1,0,0,0,0,0,0,0,0,1
12053,1,0,1,0,0,1,0,0,1,0,0
12059,0,0,0,0,1,0,0,0,0,0,0
12072,0,0,1,0,0,0,0,0,1,0,0
12097,0,0,0,1,0,0,0,0,0,0,0
12105,0,1,0,1,0,0,0,0,0,0,0
12127,0,0,1,1,0,1,0,0,0,0,0
12146,0,1,0,0,0,0,0,0,0,0,0
12150,0,0,0,1,0,1,1,0,0,0,0
12170,0,1,1,0,0,0,0,0,0,0,1
12178,0,0,0,1,0,0,0,0,0,1,0
12180,0,1,0,1,0,0,0,0,0,0,1
12185,1,1,0,1,0,0,0,0,0,0,0
12198,0,1,0,0,0,0,0,0,0,0,0
12204,0,1,0,0,0,0,0,0,0,0,0
12206,1,1,0,0,0,0,0,0,0,0,1
12209,0,1,0,0,0,0,0,0,0,0,1
12210,0,1,0,0,0,1,0,0,0,0,0
12216,0,0,0,0,0,1,0,1,0,0,0
12217,0,1,0,0,0,0,0,0,0,0,0
12230,0,0,0,1,0,0,0,0,0,0,0
12232,0,0,0,1,0,0,0,0,0,0,0
12238,0,1,0,0,0,1,0,0,0,0,1
12257,0,1,0,0,0,0,0,0,0,0,1
12264,0,0,0,1,0,0,0,0,0,0,0
12265,1,0,0,1,1,0,0,1,0,0,0
12266,0,0,0,0,0,0,0,0,0,1,1
12278,0,1,0,0,0,0,0,0,0,0,0
12293,1,1,0,0,0,0,0,0,0,0,0
12294,1,1,0,1,0,0,0,0,0,0,0
12296,1,1,0,1,0,1,0,0,0,0,0
12297,0,1,0,1,0,0,0,0,0,1,0
12327,0,1,0,1,0,0,0,0,0,0,0
12329,0,1,0,0,0,0,0,0,0,1,0
12331,0,0,0,1,0,0,0,0,0,1,0
12339,1,0,0,1,0,0,0,0,0,0,0
12344,0,1,0,1,0,0,0,0,0,0,0
12348,0,1,0,0,0,0,0,0,0,0,1
12367,1,1,0,1,0,0,0,0,0,0,0
12377,1,0,0,1,0,0,0,0,0,0,0
12386,1,0,0,1,0,0,0,0,0,0,0
12397,0,0,1,0,0,0,0,0,0,0,0
12462,0,0,0,1,0,0,0,0,0,0,0
12497,0,0,1,1,0,0,0,0,0,0,0
12506,0,1,0,0,0,0,0,0,0,1,1
12507,0,0,1,0,0,0,0,0,0,0,0
12508,0,1,0,0,0,0,0,0,0,1,1
12514,1,0,0,1,0,0,0,0,0,0,1
12516,0,1,0,0,0,1,0,0,0,0,0
12518,0,0,0,1,0,0,0,0,0,0,0
12528,1,0,0,1,0,0,0,0,0,0,0
12529,1,1,0,0,0,0,0,0,0,1,1
12566,0,1,0,0,0,0,0,0,0,0,0
12570,0,0,0,1,0,0,0,0,0,0,0
12571,0,1,0,0,0,0,0,0,0,0,0
12578,0,0,1,0,0,1,0,0,1,0,0
12587,0,0,0,1,0,0,0,0,0,0,0
12613,1,1,0,0,0,0,0,0,0,1,0
12729,1,1,0,0,0,0,0,0,0,1,0
12741,0,1,1,0,0,0,0,0,0,0,0
12748,1,0,0,1,0,0,0,0,0,0,0
12756,0,0,0,0,0,0,1,0,0,0,0
12777,0,1,0,0,0,0,1,0,0,0,0
12779,1,0,0,1,0,0,0,0,0,0,1
12780,0,1,0,1,0,0,0,0,0,0,0
12810,0,1,0,1,0,0,0,0,0,0,0
12813,0,1,0,0,0,0,0,0,0,0,0
12844,0,1,0,1,0,0,0,0,0,0,0
12988,1,1,0,0,0,1,0,0,0,0,1
13016,0,0,0,1,0,0,0,0,0,0,0
13163,0,1,0,0,0,0,0,0,0,1,0
13174,0,1,0,0,0,0,0,0,0,1,0
13181,1,1,0,1,0,0,0,0,0,0,0
13187,0,1,0,1,0,1,0,0,0,0,0
13204,0,1,0,1,0,0,1,0,0,0,0
13233,0,1,0,1,0,0,0,0,0,0,0
13357,0,1,0,0,0,0,0,0,0,0,0
13367,0,0,0,1,0,0,0,0,0,0,0
13382,1,0,0,1,0,0,0,0,0,0,0
13388,1,0,0,0,0,0,0,0,0,0,0
13398,0,0,0,1,0,1,0,0,0,0,0
13436,0,0,0,1,0,0,0,1,0,0,0
13546,0,1,0,0,0,1,0,0,0,0,1
13549,0,1,0,0,0,0,0,0,0,1,0
13561,0,0,0,1,0,0,0,1,0,0,0
13572,0,0,0,0,0,1,0,0,0,0,0
13576,1,1,1,0,0,0,0,0,0,0,0
13594,1,0,0,1,0,1,0,0,0,0,0
13642,0,0,1,0,0,1,0,0,0,0,0
13654,0,1,1,0,0,0,0,0,0,0,0
13663,0,1,0,0,0,0,0,0,0,0,0
13669,0,0,1,0,0,1,0,0,0,0,0
13852,0,0,0,1,0,0,0,0,0,0,0
13854,0,0,0,1,0,0,0,0,0,0,0
13855,0,0,0,0,0,1,0,0,0,0,1
13861,1,0,0,0,0,0,0,0,0,0,0
14079,0,1,0,1,0,1,0,0,0,0,0
14104,0,0,0,0,0,1,0,0,0,0,0
14228,1,1,0,0,0,1,0,0,0,0,0
14234,0,1,0,0,0,0,0,0,0,0,0
14235,0,1,0,0,0,1,0,0,0,0,1
14270,0,1,0,1,0,0,0,0,0,0,0
14286,0,0,0,1,0,0,0,0,0,0,0
14295,0,0,1,0,0,0,0,0,0,0,0
14296,0,0,0,1,0,0,0,0,0,0,0
14328,0,0,0,1,0,0,0,0,0,0,0
14350,0,0,0,0,0,1,0,0,1,0,0
14475,0,0,0,1,0,0,0,0,0,0,0
14489,1,1,0,0,0,0,0,0,0,0,0
14491,0,0,0,1,0,0,0,0,0,0,0
14493,0,0,0,1,0,0,0,1,0,0,0
14504,0,0,0,1,0,0,0,0,0,0,0
14505,0,0,0,1,0,0,0,0,0,0,0
14508,0,0,0,1,0,0,0,0,0,0,0
14511,0,0,0,1,0,1,0,0,0,0,0
14514,0,0,0,1,0,1,1,0,0,0,0
14519,0,0,0,1,0,0,0,0,0,0,0
14525,0,0,0,0,0,1,0,0,1,0,0
14529,0,1,0,1,0,1,0,0,0,0,0
14896,0,0,0,0,0,0,0,0,1,0,0
15037,0,0,0,1,0,0,0,1,0,0,0
15068,0,1,0,1,0,0,1,0,0,0,0
15146,1,1,0,0,0,0,0,0,0,1,1
15271,0,1,0,1,0,0,0,0,0,0,0
15290,0,0,0,1,0,0,0,0,0,0,0
15302,0,1,0,1,0,0,0,0,0,1,0
15336,1,1,0,1,0,0,0,0,0,0,0
15380,0,0,0,1,0,0,0,0,0,0,0
15394,1,0,0,1,0,0,0,0,0,0,0
15395,1,0,0,0,0,0,0,0,0,0,1
15413,0,0,0,0,0,0,0,0,0,1,1
15422,0,0,0,1,0,0,0,0,0,0,0
15448,0,1,0,0,0,0,0,0,0,0,0
15510,0,0,0,1,0,0,0,0,0,0,0
15511,0,0,0,1,0,0,0,0,0,0,0
15538,0,1,0,1,0,0,0,0,0,1,0
15595,0,0,0,0,0,1,0,1,1,0,0
15605,0,0,1,0,0,0,0,0,0,0,0
15606,1,1,0,1,0,0,0,0,0,1,0
15607,0,0,0,0,0,0,0,0,0,1,0
15613,1,0,0,1,0,1,0,0,0,0,0
15619,0,1,0,1,0,0,0,0,0,0,1
15711,0,0,0,1,0,0,0,0,0,0,0
15717,0,1,0,1,0,0,0,0,0,0,0
15877,0,0,0,1,0,0,0,0,0,0,0
16237,0,1,1,1,0,0,0,0,0,1,0
16255,1,1,0,0,0,0,0,0,0,1,0
16296,0,1,1,0,0,0,0,0,0,0,0
16299,0,0,1,0,0,1,0,0,0,0,0
16315,0,0,0,1,0,0,0,0,0,0,0
16324,1,1,0,0,0,0,0,0,0,0,0
16331,0,1,0,1,0,0,0,0,0,0,0
16418,1,0,0,0,0,0,0,0,0,0,0
16441,0,0,0,0,0,1,0,0,0,0,0
16537,0,1,1,0,0,1,0,0,0,0,0
16582,0,1,0,0,0,0,0,0,0,0,0
16590,0,0,0,1,0,0,0,0,0,0,0
16591,0,0,0,1,0,0,0,0,0,0,0
16592,1,0,0,1,0,0,0,0,0,0,0
16617,0,1,0,0,0,0,0,0,0,0,0
16666,0,0,0,0,0,1,0,0,0,0,0
16668,0,1,0,0,0,0,0,0,0,0,0
16670,0,1,0,0,0,0,0,0,0,1,0
16741,1,0,0,1,0,0,0,0,0,0,0
16800,1,0,0,1,0,0,0,0,0,0,0
16821,0,1,0,0,0,0,0,0,0,0,0
16832,0,1,0,0,0,0,0,0,0,0,0
16833,1,1,0,1,0,0,0,0,1,0,0
16846,0,0,0,1,0,0,0,0,0,0,0
16867,1,0,0,1,0,0,0,1,0,0,0
16872,1,1,0,0,0,0,0,0,0,0,0
16899,0,1,0,0,0,0,0,0,0,0,0
16907,1,1,0,1,0,0,0,0,0,0,0
16925,0,0,0,1,0,0,0,0,0,0,0
16997,0,1,0,1,0,0,1,0,0,0,0
17000,0,0,0,0,0,1,0,0,0,0,0
17008,0,1,0,0,0,0,0,0,0,0,0
17016,0,0,0,1,0,0,0,0,1,0,0
17100,0,0,1,0,0,0,0,0,0,0,0
17121,0,1,0,1,0,1,0,0,0,0,1
17129,1,1,0,0,0,0,0,0,0,0,0
17166,1,1,0,0,0,0,0,0,0,0,0
17198,0,0,0,1,0,0,0,0,0,0,0
17355,1,0,1,0,0,0,0,0,0,0,1
17356,1,1,0,1,0,0,0,0,0,0,0
17525,0,1,0,0,0,0,0,0,0,0,0
17586,0,1,0,0,0,0,0,0,0,0,1
17617,0,1,0,0,0,0,0,0,0,0,0
17623,0,1,0,0,0,0,0,0,0,0,0
17691,0,0,0,1,0,0,0,0,0,0,0
17696,0,1,0,1,0,0,0,0,0,0,0
17816,0,1,0,0,0,0,0,0,0,1,0
17898,0,0,0,1,0,0,0,0,0,0,0
18015,0,0,0,1,0,0,0,0,0,0,0
18027,0,0,0,1,0,0,0,0,0,0,0
18064,0,0,0,1,0,0,0,0,0,0,0
18280,0,0,0,0,0,1,0,1,0,0,0
18467,1,0,0,1,0,0,0,1,0,1,0
18522,0,0,0,1,0,0,0,0,0,1,0
18554,0,0,0,1,0,0,0,0,0,0,1
18635,0,0,0,1,0,0,0,0,0,0,0
18686,0,1,0,1,0,0,0,0,0,1,0
18698,0,1,0,0,0,0,0,0,0,0,0
18818,0,1,0,0,0,0,0,0,0,0,0
18827,0,0,0,1,0,0,0,1,0,0,0
18938,1,0,0,0,0,1,0,0,0,0,0
19089,1,0,1,0,0,0,0,0,0,0,0
19137,0,1,0,1,0,0,0,0,1,0,0
19188,0,0,0,1,0,0,0,0,0,0,0
19223,0,0,1,0,0,0,0,0,0,0,1
19243,0,0,0,0,0,1,0,0,1,0,0
19309,0,1,0,1,0,0,0,0,0,0,0
19310,0,0,0,1,0,0,0,0,0,0,0
19315,0,0,0,1,0,1,0,0,0,0,0
19543,0,0,0,1,0,1,0,0,0,0,0
19602,1,1,0,1,0,0,0,1,0,0,0
19603,1,1,0,1,0,0,0,0,0,0,0
19633,1,1,1,0,0,0,0,0,0,0,1
19695,1,1,0,1,0,0,0,0,0,0,1
19707,0,0,0,1,0,0,0,0,0,0,0
19754,1,0,0,1,0,0,0,0,0,0,0
19838,0,1,0,0,0,0,0,0,0,1,0
19844,1,0,1,1,0,0,0,0,0,0,1
19878,1,0,0,0,0,1,0,0,1,0,0
20063,0,0,0,1,0,0,0,0,0,0,0
20083,1,0,1,0,0,0,0,1,0,0,0
20200,0,1,0,1,0,0,0,0,0,0,0
20219,0,1,0,0,0,0,0,0,0,1,0
20354,0,1,1,1,0,0,0,0,0,0,0
20357,1,1,0,0,0,1,0,0,0,0,1
20358,0,1,0,0,0,0,0,0,0,0,0
20487,0,0,0,0,0,1,1,0,0,0,0
20499,0,0,0,1,0,0,0,0,0,0,0
20508,0,0,1,0,0,0,0,0,0,0,1
20534,0,0,0,1,0,0,0,0,0,0,0
20590,0,0,0,0,0,1,0,0,1,0,0
20739,0,0,1,0,0,0,0,0,0,0,0
20745,1,1,1,0,0,0,0,0,0,0,0
20748,0,1,1,1,0,0,0,0,0,0,0
20797,0,1,0,0,0,0,0,0,0,0,0
20858,0,1,0,0,0,0,0,0,0,1,1
20859,0,1,0,0,0,0,0,0,0,1,1
20861,1,1,0,1,0,1,1,0,0,0,0
20928,0,0,0,0,0,0,0,0,0,1,1
20995,0,1,0,1,0,0,0,0,0,0,0
21003,1,1,1,0,0,1,0,0,0,0,1
21006,1,1,0,0,0,0,0,0,0,0,0
21057,1,1,0,1,0,0,0,1,0,0,0
21059,0,1,0,1,0,0,0,0,0,0,0
21108,0,0,0,1,0,0,0,0,0,0,0
21265,0,0,1,0,0,1,0,0,0,0,0
21363,0,0,0,1,0,0,0,0,0,0,0
21503,1,1,0,1,0,1,0,0,0,0,0
21574,1,0,0,0,0,1,0,0,0,0,0
21596,1,1,0,0,0,1,0,0,0,0,0
21606,0,1,0,0,0,0,0,0,0,1,0
21625,0,1,0,0,0,0,0,0,0,0,1
21648,0,1,0,0,0,0,0,0,0,0,0
21895,0,0,1,0,0,0,0,0,0,0,0
22201,1,0,0,1,0,0,0,0,0,0,0
22310,1,0,1,0,0,0,0,1,0,0,0
22311,0,1,0,0,0,0,0,0,0,0,0
22383,1,0,0,1,0,0,0,0,0,0,0
22386,0,0,0,0,0,0,0,0,0,1,1
22556,0,1,1,0,0,0,0,0,0,0,0
22568,0,1,1,0,0,1,0,0,0,0,0
22629,0,1,1,0,0,1,0,0,0,0,0
22692,0,1,0,1,0,0,0,0,0,0,0
22873,1,1,0,1,0,0,0,0,0,0,1
23110,0,0,0,1,0,0,0,0,0,0,0
23203,1,0,1,0,0,0,0,0,0,0,0
23235,1,0,1,0,0,1,0,0,1,0,0
23347,0,0,0,1,0,0,0,0,0,0,0
23367,1,1,1,0,0,0,0,0,0,0,0
23368,0,1,0,0,0,0,0,0,0,0,0
23376,0,1,0,1,0,0,0,0,0,0,0
23534,1,0,1,1,0,0,0,0,0,0,0
23535,1,1,1,0,0,0,0,0,0,0,0
23642,0,0,0,1,0,0,0,1,0,0,0
23726,1,1,0,0,0,1,0,0,0,1,0
24020,1,1,0,0,0,0,0,0,0,0,0
24114,0,1,0,1,0,0,0,0,0,0,0
24115,0,1,0,1,0,0,0,0,0,0,0
24117,0,1,0,1,0,0,0,0,0,0,0
24197,0,1,0,0,0,1,0,0,0,1,0
24433,0,1,0,0,0,0,0,0,0,1,0
24473,0,0,0,0,0,1,0,0,0,0,0
24510,0,1,1,0,0,0,0,0,0,0,0
24513,1,1,0,0,0,0,0,0,0,0,0
24515,0,1,0,0,0,0,0,0,0,0,0
24516,1,1,0,0,0,0,0,0,0,1,0
24583,0,1,1,0,0,0,0,0,0,0,0
24585,0,0,0,0,0,1,0,0,0,0,0
24624,0,1,0,0,0,0,0,0,0,1,1
24834,0,1,0,1,0,0,1,0,0,0,0
24835,0,0,1,0,0,0,0,0,1,0,0
24838,1,1,0,0,0,0,0,0,0,0,0
24874,0,1,0,1,0,0,0,0,0,0,0
24915,0,1,0,0,0,1,0,0,0,0,0
24986,1,1,0,1,0,0,0,0,0,0,0
25045,0,1,0,0,0,0,0,0,0,0,1
25068,1,1,1,1,0,0,0,0,0,0,0
25238,0,0,0,1,0,0,0,0,0,0,0
25298,1,0,0,1,0,0,0,0,0,1,1
25311,0,1,0,0,0,0,0,0,0,0,0
25404,0,1,0,0,0,0,0,0,0,1,0
25611,1,1,0,1,0,1,0,0,0,0,0
25612,0,0,1,0,0,0,0,0,0,0,1
25797,0,0,0,1,0,0,0,1,0,0,0
25915,1,0,0,1,0,0,0,0,0,0,0
25916,0,0,0,1,0,0,0,0,0,0,0
26049,0,0,0,0,0,0,0,0,0,0,1
26068,0,0,0,0,0,1,0,0,1,0,0
26204,0,0,0,1,0,0,0,0,0,0,0
26331,0,0,0,1,0,0,0,0,0,0,0
26332,0,0,0,1,0,0,0,0,0,0,0
26333,0,0,0,1,0,1,0,1,0,0,0
26334,0,0,0,1,0,0,0,0,0,0,0
26335,0,0,0,1,0,0,0,0,0,0,0
26396,0,0,1,0,0,0,0,1,0,0,1
26630,0,1,0,1,0,0,0,1,0,0,0
26808,0,0,0,1,0,0,0,0,0,0,0
27209,0,1,1,0,0,1,0,0,0,0,0
27440,0,0,0,1,0,0,0,0,0,0,0
27457,1,0,0,1,0,0,0,1,0,0,0
27458,0,0,0,1,0,0,0,1,0,0,0
27460,0,0,0,1,0,0,0,0,0,0,0
27866,1,0,1,0,0,0,0,1,0,0,0
27867,0,1,0,0,0,1,0,0,0,0,1
27868,0,1,1,0,0,1,0,0,0,0,0
27892,0,0,0,1,0,0,0,1,0,0,0
27941,0,0,1,0,0,1,0,0,1,0,0
28905,0,0,0,1,0,0,0,0,0,0,0
28906,1,0,0,1,0,0,0,1,0,0,0
29096,0,1,1,0,0,1,0,0,0,0,1
29381,1,1,0,0,0,0,0,0,0,0,0
29644,1,0,0,0,0,0,0,1,0,0,0
29746,1,0,0,0,0,1,0,1,0,0,0
29950,0,1,0,0,0,0,0,0,0,0,0
30181,0,0,0,1,0,1,0,0,0,0,0
30215,1,1,0,1,0,0,0,0,0,0,0
30220,1,0,0,1,0,0,0,0,0,1,1
30247,0,1,0,0,0,1,0,0,0,0,0
30248,0,0,1,0,0,1,0,0,0,0,0
30249,0,1,1,1,0,0,0,0,0,0,0
30748,0,0,0,1,0,0,0,0,0,0,0
30771,0,1,1,0,0,1,0,0,0,0,0
30914,0,0,0,1,0,0,0,0,0,0,0
30915,0,0,0,1,0,0,0,0,0,0,0
31210,0,0,1,1,0,0,0,0,0,0,0
31211,0,0,0,1,0,0,0,0,0,0,0
31214,0,0,0,0,0,1,0,0,0,0,0
31219,0,1,1,0,0,0,0,0,0,0,0
31225,0,1,1,0,0,1,0,0,0,0,0
31226,0,0,1,1,0,0,0,0,0,0,0
31229,0,0,1,0,0,0,0,0,0,0,1
31231,0,0,0,0,0,0,1,0,0,0,0
31234,0,0,1,0,0,0,0,0,0,0,0
31236,0,0,1,0,0,0,0,0,0,0,1
31241,1,1,0,0,0,0,0,0,0,0,0
31242,0,0,0,0,1,0,0,0,1,0,0
31244,0,1,1,1,0,1,1,0,0,0,0
31245,1,1,0,1,0,0,0,0,0,0,0
31246,1,1,0,0,0,0,0,0,0,0,0
31249,1,1,0,0,0,0,0,0,0,1,1
31251,0,1,0,1,0,0,0,0,0,1,0
31252,0,0,0,1,0,0,0,1,0,0,0
31256,0,1,0,0,0,1,0,0,0,0,1
31260,0,0,0,0,0,0,0,0,0,1,0
31264,0,1,0,0,0,0,0,0,0,1,0
31265,0,1,0,0,0,0,0,0,0,0,0
31266,0,1,0,0,0,0,0,0,0,1,0
31272,0,1,0,0,0,0,0,0,0,0,0
31276,0,1,0,0,0,0,0,0,0,0,0
31278,0,1,0,0,0,0,0,0,0,0,0
31284,0,0,1,0,0,0,0,0,0,1,0
31289,0,0,1,0,0,0,0,0,0,0,0
31291,0,1,0,0,0,0,0,0,0,0,0
31353,0,1,1,0,0,0,0,0,0,0,0
31408,0,1,0,0,0,1,0,0,1,0,0
31954,0,1,0,0,0,0,0,0,0,0,0
32033,0,0,0,1,0,0,0,0,0,0,0
32093,0,0,0,1,0,0,0,0,0,0,0
32196,0,0,0,1,0,0,0,0,0,0,0
32594,1,0,0,0,0,0,0,0,0,0,0
32967,0,1,0,0,0,0,0,0,0,0,0
33032,0,0,0,1,0,0,0,0,0,0,0
33135,1,0,0,1,0,0,0,1,0,0,0
33166,0,0,0,1,0,0,0,1,0,0,0
33637,0,0,0,0,0,1,0,1,0,0,0
33645,0,0,0,1,0,0,0,0,0,0,0
33960,0,1,0,1,0,0,0,0,0,0,0
34134,1,1,0,1,0,0,0,0,0,0,0
34286,0,0,0,1,0,0,0,0,0,0,0
34295,0,0,0,1,0,0,0,0,0,0,0
34590,1,0,0,1,0,0,0,0,0,0,0
34645,1,0,0,0,0,1,0,0,1,0,0
35349,1,0,0,1,0,0,0,0,0,0,0
35408,0,1,0,0,0,0,0,0,0,1,0
35785,1,1,0,0,0,0,0,0,0,0,0
35821,0,1,1,0,0,0,0,0,1,0,0
35960,0,0,0,1,0,0,0,0,0,0,0
36081,0,0,1,0,0,0,0,0,1,0,0
36098,0,0,0,1,0,0,0,1,0,0,0
36225,0,0,0,1,0,0,0,0,0,0,0
36822,0,0,0,1,0,0,0,0,0,0,0
37065,1,1,0,0,0,0,0,0,0,0,0
38679,0,0,0,1,0,0,0,0,0,0,0
39071,1,0,0,1,0,0,0,0,0,0,0
39742,0,1,1,0,0,0,0,0,0,1,0
39801,0,0,1,0,0,0,0,0,0,0,0
39914,0,1,0,1,0,0,0,0,0,0,0
40380,1,0,0,1,0,0,0,0,0,0,0
40787,0,0,0,1,0,0,0,1,0,0,0
41569,0,0,0,1,0,0,0,0,0,0,0
41570,0,0,0,1,0,0,0,0,0,0,0
42745,0,1,1,0,0,0,0,0,1,0,0
43045,0,1,1,0,0,1,0,0,0,0,1
43046,0,0,1,0,1,1,0,0,0,0,0
43263,1,1,0,0,0,0,0,0,0,0,1
43579,0,0,0,1,0,0,0,0,0,0,0
47649,0,0,0,1,0,0,0,0,0,0,0
49988,0,1,1,0,0,0,0,0,0,0,0
50006,0,1,0,0,0,0,0,0,0,0,0
50216,0,0,1,0,0,1,0,0,1,0,0
50608,1,1,0,0,0,0,0,0,0,0,0
51381,0,0,0,1,0,0,1,0,0,0,0
53517,1,0,0,1,0,0,0,0,0,0,0
53654,0,0,0,1,0,0,0,0,0,0,0
60968,1,1,0,0,0,1,0,1,1,0,0
60979,0,0,1,0,0,0,1,0,0,0,0
60983,0,0,0,1,0,0,0,0,0,0,0
60985,0,1,1,0,0,0,0,0,0,0,0
60990,1,0,1,0,0,1,0,0,1,0,1
60995,1,0,1,0,0,0,0,1,0,0,0
60997,0,0,0,0,1,0,0,0,0,0,0
60998,0,0,1,0,0,0,0,0,0,0,0
60999,0,0,1,0,0,0,0,0,0,0,0
61005,0,1,1,1,0,0,0,0,0,0,0
61006,1,1,0,1,0,0,0,0,0,0,0
61007,0,1,1,0,0,0,0,0,0,0,0
61010,1,0,1,1,0,0,0,0,0,0,0
61014,0,0,0,0,1,0,0,0,0,0,0
61015,0,1,0,0,0,0,0,0,0,0,0
61016,1,1,0,0,0,0,0,0,0,0,0
61020,0,1,0,1,0,0,0,0,0,0,0
61024,1,1,0,1,0,1,0,1,0,0,0
61027,0,0,0,1,0,0,0,0,0,1,0
61030,1,1,1,0,0,1,0,0,0,0,0
61031,0,1,0,0,0,0,0,0,0,0,0
61035,0,0,1,1,0,0,0,0,0,0,0
61040,0,1,0,0,0,1,0,0,0,0,1
61041,0,0,0,0,0,1,0,0,0,0,0
61045,0,0,0,1,0,0,0,0,0,0,0
61048,1,1,1,0,0,0,0,0,0,0,0
61050,0,1,1,0,0,0,0,0,0,0,0
61052,0,0,1,0,0,0,0,0,0,0,0
61054,1,0,1,1,0,0,0,0,0,0,0
61060,0,0,0,0,0,1,0,0,1,0,0
61085,0,1,1,0,0,0,0,0,0,0,0
61092,1,1,1,0,0,0,0,0,0,0,1
61093,0,1,1,0,0,0,0,0,0,0,0
61096,0,1,0,0,0,0,0,0,0,0,0
61098,0,1,1,0,0,0,0,0,0,0,0
61124,0,1,0,0,0,1,0,0,0,0,0
61125,0,0,0,0,0,0,0,0,1,0,0
61126,0,0,0,0,0,1,0,0,0,0,0
61129,0,0,0,0,0,1,0,0,0,0,0
61130,0,0,0,0,0,1,1,0,0,0,0
61134,0,1,1,0,0,0,0,0,0,0,0
61137,0,1,0,0,0,0,0,0,0,0,1
61138,0,0,0,1,0,0,0,0,0,0,0
61151,0,0,0,0,0,1,1,0,0,1,0
61153,0,0,0,0,0,0,0,1,1,0,0
61155,0,0,0,1,0,0,0,0,0,0,0
61159,0,0,0,0,0,1,0,0,0,0,0
61160,0,1,0,1,0,0,0,0,0,0,0
61166,1,1,0,0,0,0,0,0,0,0,0
61167,1,1,0,0,0,0,0,0,0,0,0
61171,0,0,0,1,0,0,0,0,0,0,0
61177,1,1,0,0,0,0,0,0,0,0,1
61183,0,1,0,1,0,0,0,0,0,0,0
61184,0,1,0,1,0,0,0,0,0,0,0
61185,0,1,1,0,0,0,0,0,0,0,0
61192,0,0,0,1,0,0,0,0,0,0,0
61199,0,0,0,1,0,0,0,0,0,0,0
61200,0,0,0,1,0,0,1,0,0,0,0
61202,1,0,0,0,0,0,0,1,0,0,0
61204,0,1,0,0,0,0,0,0,0,0,0
61209,0,0,0,1,0,0,0,0,0,0,0
61217,0,0,0,1,0,0,0,0,0,0,0
61229,0,0,1,1,0,0,0,0,0,0,0
61235,1,1,0,0,0,1,0,0,0,0,0
61240,0,0,1,1,0,0,0,0,0,0,0
61243,0,0,1,1,0,0,0,0,0,0,0
61252,0,0,0,1,0,0,0,0,0,0,0
61260,1,0,0,1,0,0,0,0,0,0,0
61261,0,0,0,1,0,0,0,0,0,0,0
61262,0,0,1,0,0,1,0,0,1,0,0
61275,1,0,1,0,0,0,0,0,0,0,0
61278,0,1,0,0,0,0,0,0,0,0,1
61282,0,0,0,1,0,0,0,0,0,0,0
61284,0,1,0,0,0,1,0,0,1,0,0
61290,1,1,1,0,0,0,0,0,0,1,0
61293,1,1,0,0,0,0,0,0,0,1,1
61294,0,0,0,0,0,1,0,0,0,0,0
61295,1,0,0,1,0,0,0,0,0,0,1
61296,0,1,0,0,0,0,0,0,0,1,1
61302,0,1,1,0,0,1,0,0,0,0,0
61303,0,1,0,1,0,0,0,0,0,0,0
61304,0,1,0,0,0,1,0,0,0,0,0
61310,1,1,0,0,0,0,0,0,0,0,0
61319,0,1,0,1,0,0,0,0,0,0,0
61325,0,1,0,1,0,0,0,0,0,1,0
61331,0,0,0,1,0,0,1,0,1,0,0
61334,0,1,0,0,0,0,0,0,0,0,0
61337,0,1,0,1,0,0,0,0,0,0,0
61341,0,0,0,0,0,0,1,0,0,0,0
61342,1,1,0,0,0,0,0,0,0,0,0
61346,0,0,0,1,0,0,0,0,0,0,1
61351,0,1,0,0,0,0,0,0,0,0,1
61359,1,0,0,0,0,0,0,0,1,0,0
61361,0,0,0,0,0,1,0,0,0,0,0
61362,0,0,0,0,0,1,0,0,0,0,1
61375,1,1,0,0,0,0,0,0,0,0,0
61384,0,1,1,1,0,0,0,0,1,0,0
61386,0,0,0,0,0,0,0,0,0,1,0
61400,0,0,0,1,0,0,0,1,0,0,0
61401,0,1,1,0,0,0,0,0,0,0,0
61402,0,1,0,0,0,1,0,0,0,0,0
61403,1,0,1,0,0,0,0,0,0,0,0
61404,0,1,0,1,0,0,0,0,0,0,0
61405,0,1,0,0,0,0,0,0,0,0,0
61406,0,1,0,0,0,0,0,0,0,0,0
61407,0,1,0,0,0,0,0,0,0,0,0
61408,0,1,0,0,0,0,0,0,0,0,0
61410,0,1,0,1,0,0,0,0,0,1,0
61412,0,1,0,1,0,0,0,0,0,0,0
61415,1,1,0,0,0,0,0,0,0,1,1
61416,0,1,1,1,0,1,0,0,0,0,0
61417,0,1,1,1,0,1,0,0,0,0,0
61418,0,1,0,0,0,1,0,0,1,0,0
61431,1,1,0,0,0,0,0,0,0,1,1
61434,0,0,1,0,0,0,0,0,0,0,0
61435,0,1,0,0,0,1,0,0,0,0,0
61446,0,1,0,0,0,1,0,0,0,0,0
61447,0,1,1,0,0,0,0,0,0,0,0
61448,0,1,0,1,0,0,0,0,0,0,0
61450,1,1,0,0,0,1,0,0,1,0,0
61451,1,0,1,0,0,0,0,0,0,0,0
61452,0,1,0,0,0,0,0,0,0,0,0
61453,1,0,0,1,0,0,0,0,0,0,0
61455,1,1,0,0,0,0,0,0,0,0,0
61457,0,1,1,0,0,0,0,0,0,0,0
61464,1,0,1,0,0,1,0,0,0,0,0
61466,0,1,0,0,0,0,0,0,0,0,0
61502,0,0,0,1,0,0,0,0,0,0,0
61516,0,1,1,0,0,0,0,0,0,0,0
61517,1,1,0,0,0,0,0,0,0,0,0
61521,0,0,1,1,0,0,0,0,0,0,0
61523,0,1,1,0,0,1,0,0,0,0,0
61524,1,0,1,0,0,0,0,0,0,0,0
61527,0,0,0,1,0,0,0,1,0,0,0
61590,0,1,1,1,0,0,0,0,0,0,0
61592,0,1,0,1,0,0,0,0,0,0,0
61633,0,0,0,1,0,0,0,0,0,0,0
61634,0,0,0,1,0,0,0,0,0,0,0
61641,1,1,0,1,0,0,0,0,0,0,0
61653,0,0,0,1,0,1,0,0,0,0,0
61656,0,0,0,1,0,0,0,0,0,0,0
61657,0,0,0,1,0,0,0,0,0,0,0
61658,0,1,0,0,0,0,0,0,0,0,0
61659,0,0,0,1,0,0,0,1,0,0,0
61660,0,0,0,1,0,0,0,0,0,0,0
61661,0,0,0,1,0,0,0,0,0,0,0
61662,0,0,0,1,0,0,0,0,0,0,0
61663,0,1,0,1,0,0,0,0,0,0,0
61664,0,1,0,1,0,0,0,0,0,0,0
61665,0,0,0,0,0,1,0,0,1,0,1
61670,0,0,0,1,0,0,0,0,0,0,0
61700,1,0,0,1,0,0,0,1,0,0,0
61712,0,0,0,1,0,0,0,0,0,0,0
61715,1,0,0,0,0,0,0,1,0,0,0
61738,1,1,0,0,0,0,0,0,0,0,0
61743,0,1,0,1,0,0,0,0,0,0,0
61746,0,1,1,0,0,0,0,0,0,0,0
61771,0,0,0,0,0,1,0,0,0,0,0
61780,0,1,1,0,0,1,0,0,1,0,0
61781,0,1,0,0,0,1,0,0,1,0,0
61808,1,1,0,1,0,0,0,1,0,0,0
61809,0,0,0,1,0,0,0,0,0,0,0
61812,0,1,0,0,0,0,0,0,0,0,0
61814,0,1,0,1,0,0,0,0,0,0,0
61829,0,0,0,1,0,0,0,0,0,0,0
61834,0,1,0,1,0,0,0,0,0,0,0
61835,0,1,0,1,0,0,0,0,0,0,0
61845,1,0,0,1,0,0,0,0,0,0,0
61875,0,1,1,0,0,0,0,0,0,0,1
61897,1,1,0,1,0,0,0,0,0,0,0
61914,0,1,0,1,0,0,0,0,0,0,1
61918,0,0,0,1,0,0,0,1,0,0,0
61922,0,0,0,1,0,0,0,1,0,0,0
61926,0,0,0,1,0,0,0,0,0,0,0
61935,0,1,0,0,0,0,1,0,0,0,0
61936,0,0,0,1,0,0,0,0,0,0,0
61942,0,1,0,0,0,1,0,0,0,0,0
61945,0,0,0,1,0,0,0,0,0,0,0
61951,0,0,0,1,0,0,0,0,0,0,0
61953,0,1,0,0,0,1,0,0,1,0,0
61954,0,1,0,0,0,0,0,0,0,0,0
61955,0,1,0,1,0,0,0,0,0,0,0
61967,0,0,1,1,0,0,0,1,0,0,0
61976,1,0,0,1,0,0,0,0,0,0,0
61979,0,0,0,1,0,0,0,0,0,0,0
61980,0,1,0,0,0,0,0,0,0,1,0
61984,1,1,1,0,0,0,0,0,0,0,0
61985,0,1,0,0,0,0,0,0,0,0,0
61988,0,0,0,1,0,0,0,0,0,0,0
61989,0,0,0,1,0,0,0,0,0,0,0
61990,1,1,0,1,0,0,0,0,0,0,0
61995,0,0,0,1,0,0,0,0,0,0,1
61997,1,0,0,0,0,0,0,0,0,1,0
62000,0,0,0,1,0,0,0,0,0,0,0
62007,0,1,0,0,0,0,0,0,0,0,0
62017,0,1,1,1,0,0,1,0,0,0,0
62024,0,1,0,0,0,0,0,0,0,0,0
62069,1,0,0,1,0,0,0,1,0,0,0
62087,0,0,0,1,0,0,0,0,0,0,0
62090,0,0,0,1,0,0,0,0,0,0,0
62092,0,0,0,0,1,1,0,0,0,0,0
62095,1,1,0,0,0,1,0,0,1,0,0
62098,0,1,1,0,0,0,0,0,1,0,0
62105,0,0,0,1,0,0,0,0,0,0,0
62117,0,0,0,0,0,1,0,0,0,0,0
62126,1,0,1,0,1,0,0,0,0,0,0
62127,0,1,0,0,0,0,0,0,1,0,0
62128,0,0,0,1,0,0,0,0,0,0,0
62131,0,0,0,1,0,0,0,0,0,0,0
62143,0,0,0,1,0,0,0,0,0,0,0
62144,0,0,0,1,0,0,0,0,0,0,0
62145,0,0,0,1,0,0,0,0,0,0,0
62148,0,0,0,0,0,1,0,1,0,0,0
62166,0,1,0,0,0,0,0,0,0,0,0
62182,0,0,0,1,0,0,0,0,0,0,0
62183,0,0,0,1,0,0,0,0,0,0,0
62218,0,1,0,1,0,0,0,0,0,0,1
62220,1,1,0,0,0,0,0,0,0,0,0
62237,0,0,0,1,0,0,0,0,0,0,0
62321,0,1,0,1,0,0,0,0,0,0,0
62326,0,0,0,1,0,0,0,0,0,0,0
62328,0,1,0,0,0,1,0,0,0,0,0
62332,0,0,1,0,0,0,0,0,0,0,0
62333,0,1,0,0,0,0,0,0,0,1,0
62334,0,1,0,0,0,0,0,0,1,0,1
62336,1,1,1,1,0,0,0,0,0,0,0
62348,0,0,0,1,0,0,0,0,0,0,0
62349,0,0,0,1,0,0,0,0,0,0,0
62350,0,0,0,0,0,1,0,0,0,0,0
62351,1,0,0,1,0,0,0,1,0,0,0
62374,0,0,0,1,0,1,0,0,0,0,0
62375,1,0,0,1,0,0,0,0,0,0,0
62378,0,1,1,0,0,1,0,0,0,0,0
62384,1,1,0,1,0,0,0,1,0,0,0
62385,0,1,0,0,0,0,0,0,1,0,0
62387,1,0,0,0,0,1,0,1,1,0,0
62424,0,0,0,1,0,0,0,0,0,0,0
62433,0,1,0,0,0,0,0,0,0,0,1
62434,0,0,0,1,0,0,0,0,0,0,0
62444,0,1,0,1,0,0,0,0,0,0,0
62445,0,1,0,0,0,1,0,1,0,1,0
62447,1,1,1,0,0,0,0,0,0,0,0
62465,0,0,0,1,0,0,0,0,0,0,0
62469,1,1,1,0,0,0,0,0,0,0,0
62477,1,1,0,0,0,0,0,0,0,0,1
62484,0,0,0,1,0,0,0,0,0,0,0
62490,0,1,0,1,0,0,0,0,0,0,0
62510,1,0,0,1,0,0,0,0,0,0,0
62539,0,0,0,1,0,0,0,0,0,0,0
62553,0,0,1,1,0,0,0,0,0,1,0
62571,0,0,0,0,0,0,0,0,0,1,0
62572,0,1,0,0,0,0,0,0,0,0,1
62575,1,1,0,0,0,0,0,0,0,0,0
62578,0,1,0,0,0,0,0,0,0,0,0
62580,0,1,0,0,0,0,0,0,0,0,0
62583,0,1,0,1,0,0,0,0,0,0,0
62592,1,1,0,0,0,1,0,0,0,0,1
62624,0,0,1,0,0,0,0,0,0,0,0
62654,1,0,1,0,0,0,0,0,0,0,0
62661,0,0,1,0,0,1,0,0,0,0,0
62725,1,0,0,1,0,0,0,0,0,0,0
62752,0,0,0,1,0,0,0,0,0,0,0
62835,0,0,0,1,0,0,0,0,0,0,0
62876,1,0,0,1,0,0,0,0,0,0,0
62897,0,0,0,1,0,0,0,0,0,0,0
62900,0,1,0,0,0,0,1,0,1,0,0
62901,1,0,0,1,0,0,0,0,0,0,1
62902,1,1,0,0,0,0,0,0,0,0,0
62908,0,1,0,0,0,0,0,0,0,1,0
62911,0,0,1,0,0,0,0,1,0,0,0
62913,0,0,0,0,0,1,0,0,0,0,0
64685,0,0,0,0,0,1,0,0,1,0,0
64805,1,1,1,0,0,1,0,0,0,0,0
65288,0,0,0,1,0,0,0,0,0,0,0
65289,0,1,0,0,0,1,0,0,0,0,1
65290,0,0,0,1,0,0,0,0,0,0,0
65413,1,0,0,1,0,0,0,0,0,0,0
65425,0,1,0,1,0,0,0,0,0,0,0
65427,0,0,0,1,0,0,0,0,0,0,0
65575,0,0,0,0,0,0,0,0,1,0,0
65724,0,1,0,0,0,1,0,0,1,0,0
66165,0,1,0,0,0,0,0,0,0,0,0
66193,0,0,0,1,0,0,0,0,0,0,0
66282,0,0,0,1,0,0,0,0,0,0,0
66356,0,1,0,0,0,0,0,0,0,0,1
66581,0,0,0,1,0,0,0,0,0,0,0
66595,0,0,0,0,0,0,1,0,0,0,0
66600,0,0,0,1,0,0,0,0,0,0,0
66678,0,0,0,1,1,0,0,0,0,0,0
66768,0,1,1,0,0,1,0,0,0,0,0
66774,0,0,0,1,0,0,0,0,0,0,1
66929,1,1,0,1,0,0,0,1,0,1,1
66955,1,1,0,0,0,0,0,0,0,1,0
67116,0,0,0,1,0,0,0,0,1,0,0
67146,0,0,0,1,0,0,0,0,0,0,0
67328,0,1,0,0,0,0,0,0,0,1,1
67521,0,0,0,1,0,0,0,0,0,0,0
68057,0,0,0,0,0,1,0,0,1,0,0
68128,0,1,1,0,0,0,0,0,1,0,0
68130,0,1,0,1,0,0,0,0,0,0,0
68135,0,0,0,1,0,0,0,0,0,0,0
68148,0,0,0,1,0,0,0,0,0,0,0
68252,0,0,0,1,0,1,0,0,0,0,0
68329,0,1,0,1,0,0,0,0,0,1,0
68346,1,1,0,1,0,1,0,0,0,0,0
68379,0,1,1,0,0,1,0,0,0,0,0
68470,0,0,1,0,0,0,0,0,0,0,0
68481,0,0,0,0,0,0,0,1,0,0,0
68482,0,1,0,0,0,0,0,0,0,0,0
68960,0,0,0,1,0,0,0,0,0,0,0
69027,0,1,0,0,0,0,0,0,0,0,1
69092,0,1,1,0,0,1,0,0,0,0,0
69154,0,0,0,1,0,0,1,0,0,0,0
69188,0,1,1,0,0,1,0,0,0,0,0
69203,0,0,0,1,0,0,0,0,0,0,0
69220,0,0,0,1,0,0,0,0,0,0,0
69278,0,0,0,1,0,0,0,0,0,0,0
69320,1,0,0,1,0,1,0,0,0,0,0
69346,0,1,0,0,0,0,0,0,0,0,0
69350,1,1,0,1,0,0,0,0,0,1,0
69351,0,1,0,0,0,0,0,0,0,1,0
69354,1,1,0,1,0,0,0,0,0,0,0
69396,0,1,0,0,0,0,0,0,0,0,0
69410,0,1,0,0,0,0,0,0,0,0,1
69415,1,0,0,1,0,0,0,0,0,0,0
69467,0,0,0,1,0,0,0,0,0,0,1
69523,1,0,0,1,0,0,0,1,0,0,0
69644,1,1,0,0,0,1,0,0,0,1,1
69674,1,0,0,0,1,1,0,1,0,0,0
69884,1,0,0,1,0,0,0,0,0,0,0
69949,0,1,0,1,0,0,0,0,0,0,0
69951,0,1,0,0,0,0,0,0,0,0,0
69953,0,1,0,0,0,0,0,0,0,0,1
69956,0,1,0,0,0,0,0,0,0,1,0
69963,1,0,0,0,0,0,0,0,0,0,1
70273,0,1,0,0,0,0,0,0,0,0,0
70324,0,0,0,0,0,1,0,0,0,0,0
70520,0,0,1,0,0,0,0,0,0,0,1
70694,1,1,0,0,1,0,0,0,0,0,0
70701,0,1,0,0,0,0,0,0,0,0,0
70792,0,1,0,0,0,0,0,0,0,0,0
70797,1,0,0,1,0,0,0,0,0,0,0
70960,0,1,0,1,0,0,0,0,0,0,0
70968,0,0,0,1,0,0,0,0,0,0,0
71544,1,0,1,0,0,0,0,0,0,0,0
72872,0,0,1,0,0,1,1,0,0,0,0
73689,0,0,1,1,0,0,1,0,0,0,0
73690,0,0,0,1,0,1,1,0,0,0,0
73750,0,0,0,1,0,0,0,0,0,0,0
73771,0,0,0,1,0,0,0,0,0,0,0
73772,0,1,0,0,1,1,0,0,0,0,0
73818,0,0,0,1,0,0,0,0,0,0,0
74008,0,1,0,1,0,1,0,0,0,1,0
74096,1,1,0,0,0,0,0,0,0,0,0
74137,1,1,0,0,0,0,0,0,0,0,0
74174,1,1,0,0,0,0,0,0,0,0,1
74201,0,0,0,1,0,0,0,0,0,0,0
74213,0,0,0,1,0,0,0,0,0,0,0
74279,0,1,0,1,0,0,0,0,0,1,1
74346,0,0,0,1,0,0,0,0,0,0,1
74351,1,0,1,0,0,0,0,0,0,0,1
74361,0,0,0,0,0,1,0,1,0,0,0
74507,0,1,0,1,0,0,0,0,0,1,0
74690,0,0,0,1,0,0,0,0,0,0,0
74786,0,1,0,0,0,0,0,0,0,0,1
74901,0,1,0,1,0,1,0,0,0,0,0
74904,0,0,0,1,0,0,1,0,0,0,0
74915,1,0,0,1,0,0,0,0,0,0,0
75024,0,1,0,1,0,0,0,0,0,0,0
75033,1,0,1,0,0,0,0,0,1,0,1
75140,1,0,1,0,0,0,1,0,0,0,0
75187,0,1,1,0,0,0,1,0,0,0,0
75263,0,0,0,1,0,0,0,0,0,0,0
75319,0,1,1,0,0,0,0,0,0,1,0
75320,1,1,0,0,0,0,0,0,0,1,0
75321,0,1,0,0,0,0,0,0,0,0,0
75364,0,0,0,1,0,0,0,0,0,0,0
75427,1,1,0,0,0,0,0,0,1,0,1
75468,0,0,1,0,0,1,1,0,0,0,0
75469,0,1,1,1,0,1,0,0,0,0,0
75486,0,1,1,0,0,1,0,0,0,0,0
75513,1,1,0,1,0,0,0,0,0,0,0
75552,0,0,0,1,0,0,0,0,0,0,0
75554,0,1,0,0,0,0,0,0,0,0,0
75664,0,0,0,1,0,0,0,0,0,0,0
75836,0,1,1,0,0,1,0,0,0,0,0
76152,0,0,0,1,0,0,0,0,0,0,0
76153,0,0,0,1,0,0,0,0,0,0,0
76326,0,1,0,1,0,0,0,0,0,0,0
76662,0,1,0,0,0,0,0,0,0,0,0
76889,0,0,1,1,0,1,0,0,0,0,0
76922,1,0,0,1,0,0,0,0,0,0,0
76963,0,1,1,0,0,0,0,0,0,0,0
77129,1,0,0,1,0,0,0,0,0,0,0
77151,0,0,0,1,0,0,0,0,0,0,0
77153,0,0,0,0,1,0,0,0,0,0,0
77223,1,1,0,0,0,0,0,0,0,1,1
77224,1,1,1,0,0,1,0,0,0,1,1
77225,1,1,0,1,0,0,0,0,0,0,1
77255,0,1,1,1,0,0,0,0,0,1,0
77289,1,1,0,1,0,0,0,0,0,0,0
77366,0,1,0,1,0,1,0,0,0,0,0
77544,0,1,0,0,0,0,0,0,0,0,0
77652,0,0,0,1,0,0,0,0,0,0,0
77743,0,1,0,1,0,0,0,0,0,0,0
77775,0,0,0,1,0,0,0,0,0,0,0
77837,0,0,0,1,0,0,0,1,0,0,0
77840,1,0,0,1,0,0,0,0,0,0,0
77907,1,0,0,1,0,0,0,0,0,0,1
77932,0,1,0,1,0,0,0,0,0,0,0
78120,1,0,0,1,0,0,0,0,0,0,0
78126,0,1,0,1,0,0,0,0,0,0,0
78151,0,0,0,1,0,0,0,0,0,0,0
78160,1,0,0,1,0,0,0,0,0,0,0
78199,1,1,0,1,0,0,0,0,0,0,0
78236,1,1,0,0,0,1,0,0,0,0,0
78245,0,1,0,0,0,0,0,0,0,0,0
78252,0,0,0,1,0,0,0,0,0,0,0
78405,0,0,0,1,0,0,0,0,1,0,0
78435,0,0,0,0,0,0,0,1,1,0,0
78484,1,1,1,0,0,1,0,0,0,0,0
78750,1,0,0,0,0,0,0,0,0,0,0
78760,0,0,0,1,0,1,0,0,0,0,0
78879,1,1,0,0,0,0,0,0,0,0,0
78925,0,0,0,1,0,0,0,0,0,0,0
78941,0,1,0,0,0,1,0,0,0,0,0
79023,0,0,0,0,0,1,0,0,0,0,0
79035,0,0,0,0,0,0,0,0,1,0,1
79049,0,1,0,0,0,0,0,0,0,1,1
79065,0,1,0,1,0,0,0,0,0,0,0
79086,0,0,0,1,0,0,0,0,0,0,0
79089,0,0,0,1,0,0,0,0,0,0,0
79098,0,0,0,0,0,0,0,0,0,0,1
79117,1,1,0,0,0,0,0,0,0,1,0
79148,0,0,0,1,0,0,0,0,0,0,0
79187,0,1,1,0,0,0,0,1,0,0,0
79298,0,0,1,0,0,0,0,0,0,0,0
79310,1,0,0,0,0,0,0,1,0,0,0
79406,0,0,1,0,0,0,1,0,0,0,0
79409,0,0,0,0,0,1,0,0,1,0,0
79457,0,1,0,1,0,1,0,0,0,1,0
79487,0,0,0,1,0,1,0,0,0,0,0
79541,0,1,1,0,0,0,0,0,0,0,1
79544,0,1,0,0,0,0,0,0,0,1,0
79546,0,1,0,0,0,0,0,0,0,0,0
79552,0,1,0,0,0,1,0,1,0,1,0
79555,0,0,0,0,0,1,0,0,0,0,0
79581,0,1,0,0,0,0,0,0,0,0,0
79582,0,1,0,0,0,0,0,0,0,1,0
79735,0,1,1,1,0,0,0,0,0,0,0
79738,0,1,0,1,0,0,1,0,0,0,0
79753,1,0,0,1,0,0,0,0,0,1,1
79782,1,0,1,0,0,0,0,0,0,0,0
79803,0,0,0,1,0,0,0,0,0,0,0
79813,0,0,1,0,0,1,1,0,0,0,0
79828,0,0,0,1,0,0,0,0,0,0,0
79911,0,0,0,1,0,0,0,0,0,0,0
80018,1,1,0,0,0,0,0,0,0,0,0
80024,0,1,0,1,0,0,0,0,0,0,0
80046,1,0,0,1,0,0,0,0,0,0,0
80284,1,0,0,1,0,0,0,0,0,0,0
80345,0,0,0,1,0,0,1,0,0,0,0
80353,0,1,0,0,0,0,0,0,1,0,0
80354,0,1,0,0,0,0,0,0,0,1,0
80388,0,1,0,0,0,0,0,0,0,1,1
80408,0,0,0,1,0,0,0,0,0,0,0
80454,0,1,0,0,0,0,0,0,0,0,0
80455,0,0,0,1,0,0,0,0,0,0,1
80584,1,0,1,0,0,0,0,0,0,0,0
80606,0,1,0,1,0,0,0,0,0,1,0
80790,1,0,0,0,0,1,0,0,0,0,0
80792,0,1,0,0,0,1,0,0,0,0,0
80800,1,1,1,0,0,1,0,0,0,0,0
80865,0,1,0,0,0,0,0,0,1,0,0
80960,0,0,1,0,0,0,0,0,0,0,1
81006,0,1,0,1,0,0,0,0,0,1,0
81045,1,0,0,1,0,0,0,0,0,1,0
81102,0,1,0,0,0,0,0,0,0,0,0
81221,0,0,0,1,0,1,0,1,0,0,0
81263,0,1,1,0,0,0,0,0,0,0,0
81359,0,1,0,1,0,0,0,0,0,0,0
81464,1,1,0,1,0,0,0,0,0,0,0
81784,0,1,1,0,0,0,0,0,0,0,0
81834,1,1,0,0,0,0,0,0,0,0,0
81894,0,1,0,0,0,0,0,0,0,0,0
81898,0,0,1,0,0,0,0,0,1,0,0
81964,0,1,1,0,0,1,0,0,0,0,0
82202,0,0,0,1,0,0,0,0,0,0,0
82229,0,0,0,0,0,1,0,0,1,0,0
82336,0,1,0,0,0,0,0,0,0,0,0
82397,0,1,0,0,0,0,0,0,0,0,1
82493,0,0,1,0,0,1,0,0,0,0,0
82511,0,1,1,0,0,0,0,0,0,0,0
82584,0,1,0,0,1,1,0,0,0,0,0
82610,0,1,0,0,0,0,0,0,1,0,0
82613,0,0,1,0,1,0,0,0,0,0,0
82635,1,1,0,0,0,1,0,0,0,1,0
82664,0,1,1,0,0,0,0,0,0,0,0
82757,1,0,0,1,0,1,0,0,0,0,0
83035,1,0,0,1,0,0,0,0,0,1,1
83036,1,0,0,1,0,0,0,0,0,1,1
83084,0,1,0,1,0,0,0,0,0,0,1
83268,0,1,1,0,0,0,0,0,0,0,1
83453,1,0,0,1,0,0,0,0,0,1,0
83466,1,0,0,1,0,0,0,0,0,1,1
83553,0,1,0,1,0,0,0,0,0,0,0
83653,0,0,0,1,0,0,0,0,0,0,0
83655,0,1,0,1,0,0,1,0,0,0,0
84216,0,0,0,0,0,1,0,0,0,0,1
84234,1,0,0,1,0,0,0,0,0,0,0
84556,0,1,1,0,0,0,0,0,0,0,0
84559,1,1,0,0,0,0,0,0,0,0,1
84825,0,1,0,0,0,0,0,0,0,0,0
85053,1,0,0,1,0,0,0,0,0,0,0
85071,1,1,0,0,0,0,0,0,0,0,1
85073,0,0,0,1,0,0,0,0,0,0,0
85224,0,0,0,1,0,0,0,1,0,0,0
85418,0,1,0,1,0,0,0,0,0,0,0
85519,1,0,0,1,0,1,0,0,0,0,0
85520,0,1,0,1,0,0,0,0,0,0,0
85521,0,0,0,1,0,0,0,0,0,0,0
85522,0,1,0,1,0,0,0,0,0,0,0
85730,0,0,0,1,0,0,0,0,0,0,0
85755,0,1,1,0,0,0,0,1,1,0,0
85826,1,0,1,0,0,0,0,1,0,0,0
85994,0,1,0,0,0,1,0,0,0,0,0
86043,0,1,0,1,0,0,0,0,0,0,0
86044,1,1,0,0,0,0,0,0,0,0,1
86558,0,1,0,1,0,0,0,0,0,0,0
86573,1,1,0,0,0,0,0,0,0,0,0
86579,0,0,0,0,0,1,0,0,0,0,1
86707,0,0,0,0,0,1,0,0,1,0,0
86733,0,1,0,1,0,0,0,0,0,0,1
86741,0,1,0,1,0,0,0,0,0,0,0
86749,0,1,1,0,0,0,0,0,0,0,0
86751,0,1,1,0,0,0,0,0,0,0,0
86753,0,1,0,0,0,1,0,0,0,0,0
86782,0,1,1,1,0,0,0,0,0,1,0
86783,0,0,1,0,0,0,0,0,0,0,0
86799,0,0,1,0,0,1,0,0,0,0,0
86834,0,1,0,0,0,0,0,0,0,0,0
86851,0,1,0,1,0,0,0,0,0,1,0
87083,0,1,0,0,0,0,0,0,0,0,0
87085,0,1,1,0,0,0,0,0,0,0,0
87170,0,0,0,1,0,0,0,1,0,0,0
87198,1,0,0,1,0,1,0,0,0,0,0
87436,1,0,0,0,0,0,0,0,0,0,0
87466,1,0,0,1,0,0,0,0,0,0,0
87598,0,1,0,0,0,0,0,0,0,1,1
87630,0,1,1,0,0,0,0,0,0,0,0
87762,0,0,0,1,0,0,0,0,0,0,0
87793,1,1,0,1,0,0,0,0,0,0,1
87813,1,1,1,1,0,0,0,0,0,0,1
87927,1,0,0,0,0,1,0,1,0,0,0
87947,1,1,1,0,0,0,0,1,0,0,0
88290,0,1,0,1,0,0,0,0,0,0,0
88332,0,0,0,0,0,1,0,0,0,0,0
88362,0,1,0,1,0,0,0,0,0,0,1
88453,0,1,0,1,0,0,0,0,0,1,0
88454,0,1,0,1,0,0,0,1,0,0,0
88561,0,1,0,0,0,0,0,0,0,1,0
88667,0,1,0,0,0,0,0,0,0,1,1
89084,0,1,0,0,0,0,0,0,0,0,0
89307,0,1,0,0,0,1,0,0,0,0,0
89316,0,0,0,0,0,0,0,0,1,0,0
89463,1,1,0,0,0,0,0,0,0,0,0
89464,1,1,0,0,0,0,0,0,0,0,0
89559,0,1,0,0,0,1,1,0,0,0,0
89560,0,0,0,1,0,0,0,1,0,0,0
89734,0,1,0,1,0,0,0,0,0,0,0
90136,0,1,1,1,0,0,0,0,0,0,0
90160,1,1,0,0,0,0,0,0,0,0,0
90245,0,0,0,1,0,1,1,0,0,0,0
90246,0,0,0,1,0,0,0,0,0,0,0
90607,0,0,1,0,0,0,0,0,0,0,0
90960,0,0,0,1,0,0,0,0,0,0,0
90972,1,1,0,1,0,0,0,0,0,0,0
90984,1,1,0,1,0,0,0,0,0,0,0
91162,1,1,1,0,0,1,0,0,0,1,0
91163,0,1,1,0,0,1,0,0,0,0,0
91388,0,0,0,0,0,1,0,0,1,0,0
91409,1,0,0,1,0,0,0,0,0,1,1
91496,0,1,0,0,0,1,0,0,0,0,0
91508,0,0,0,0,0,0,0,0,1,0,1
91604,0,0,1,0,0,0,0,0,1,0,0
91849,0,1,0,0,0,0,0,0,0,0,0
91850,1,1,0,0,0,1,0,0,0,0,0
91978,1,1,0,0,0,0,0,0,0,0,0
92018,0,1,0,0,0,0,0,0,0,0,0
92138,1,0,1,0,0,0,0,0,1,0,0
92210,1,1,0,0,0,0,0,0,0,0,1
92595,0,1,1,0,0,1,0,0,0,0,0
92640,0,1,0,1,0,0,0,0,0,0,0
92779,0,1,0,1,0,0,0,0,0,0,0
92780,0,0,0,0,0,1,0,0,1,0,1
92814,0,1,0,1,0,0,0,0,0,0,0
92821,0,0,0,1,0,0,0,0,0,0,0
93009,0,0,0,0,0,1,0,0,1,0,0
93046,0,0,0,0,0,1,0,0,0,0,0
93081,1,1,0,0,0,1,0,0,1,0,0
93111,0,1,0,1,0,0,0,0,0,0,0
93199,0,1,1,0,0,0,0,0,0,0,0
93236,0,0,0,1,0,0,0,0,0,0,0
93375,1,1,1,0,0,0,0,0,0,0,0
93649,0,0,0,0,0,1,0,0,0,0,0
93661,0,1,0,0,0,0,0,0,0,0,0
93769,0,1,0,1,0,1,0,0,0,0,0
93781,0,0,1,0,1,0,0,0,0,0,0
93831,0,1,0,0,0,0,0,0,0,1,0
93838,0,1,1,0,0,0,0,0,1,0,0
93869,0,0,0,0,1,0,0,0,0,0,0
93896,0,0,1,0,0,1,0,0,0,0,0
94001,0,1,0,1,0,0,0,0,0,0,0
94077,0,1,0,0,0,1,0,0,1,0,0
94143,1,1,1,0,0,1,0,0,0,0,0
94164,0,0,0,0,0,0,0,0,1,0,0
94174,1,0,1,0,0,0,0,0,1,0,0
94182,0,1,0,0,0,0,0,0,0,0,1
94217,0,1,0,0,0,0,0,0,0,0,0
94282,1,0,0,1,0,0,0,0,0,0,0
94292,0,1,0,1,0,1,0,0,0,0,1
94310,0,0,0,0,0,0,0,0,0,0,1
94339,0,1,0,0,0,0,0,0,0,1,0
94349,0,1,0,0,0,0,1,0,0,0,0
94386,0,0,0,1,0,0,0,0,0,1,1
94579,1,1,0,0,0,1,0,0,0,0,0
94602,0,1,1,0,0,0,0,0,0,0,1
94608,0,1,0,0,0,0,0,0,0,0,0
94886,1,1,0,1,0,0,0,0,0,0,0
95007,0,1,0,1,0,0,0,0,0,0,0
95016,0,1,0,0,0,0,0,0,0,1,0
95086,0,0,0,1,0,0,0,0,0,0,0
95136,0,0,1,0,0,0,0,0,0,0,0
95266,1,0,1,0,0,0,0,0,0,0,0
95269,1,1,0,0,0,0,0,0,0,0,1
95315,0,1,0,1,0,0,0,0,0,0,0
95385,0,1,0,1,0,0,0,0,0,0,0
95392,0,1,0,0,0,0,0,0,0,0,1
95395,0,1,0,1,0,0,0,0,0,0,0
95397,1,1,1,0,0,0,0,0,0,0,0
95425,0,1,0,0,0,0,0,0,0,0,0
95466,1,1,1,0,0,1,0,0,0,1,0
95495,0,1,1,0,0,1,0,0,1,0,0
95539,0,1,0,0,0,1,0,0,0,0,0
95540,0,1,1,0,0,0,0,0,0,0,0
95568,0,1,0,0,0,0,0,0,0,0,0
95572,1,1,1,0,0,0,0,0,0,0,1
95594,1,1,1,1,0,0,0,0,0,0,0
95609,0,0,0,1,0,0,0,0,0,0,0
95633,1,0,1,0,0,0,0,0,0,0,1
95644,1,1,0,0,0,1,0,0,0,0,0
95978,0,1,0,1,0,0,0,0,0,0,0
95979,1,1,1,0,0,0,0,1,0,0,0
96204,1,0,0,1,0,0,0,0,0,0,0
96325,0,1,0,1,0,0,0,0,0,0,0
96461,0,1,0,1,0,0,0,0,0,0,1
97707,0,1,0,1,0,0,0,0,0,0,0
97730,1,1,0,1,0,0,0,0,0,0,0
97785,1,0,1,1,0,0,0,1,0,0,0
97881,1,1,0,0,0,0,0,0,0,0,0
97883,0,1,0,0,0,0,0,0,0,0,0
97895,0,1,0,0,0,0,0,0,0,1,1
97987,0,1,1,0,0,1,0,0,0,0,0
98004,0,0,0,1,0,0,0,0,0,0,0
98054,0,1,0,1,0,0,0,0,0,0,0
98081,0,0,1,0,0,1,1,0,0,0,0
98083,0,1,0,0,0,1,0,0,0,0,1
98118,0,0,1,0,0,0,0,0,0,0,0
98218,1,1,0,1,0,0,0,0,0,0,1
98280,0,0,0,1,0,0,0,0,0,0,0
98323,0,1,0,0,0,1,1,0,0,0,0
98330,0,0,0,1,0,0,0,0,0,0,0
98403,0,0,1,0,0,0,0,0,0,0,1
98461,1,1,0,1,0,0,0,0,0,1,1
98471,0,1,0,1,0,0,0,0,0,0,0
98478,1,0,0,0,0,0,1,0,1,0,0
98492,0,1,0,1,0,0,0,0,0,0,0
98781,0,0,0,1,0,0,0,0,0,0,0
99611,1,0,0,1,0,0,0,1,0,0,0
99643,0,1,1,1,0,0,0,0,0,0,0
100031,0,0,0,0,0,1,0,0,0,0,0
100240,1,0,0,1,0,0,0,1,1,0,0
100495,0,1,1,0,0,0,0,0,0,0,0
100851,1,1,0,1,0,0,0,0,0,0,0
100927,0,0,0,1,0,0,0,0,0,0,0
100936,0,1,1,0,0,1,0,0,1,0,0
100990,0,1,0,0,0,1,0,0,0,0,1
101003,0,0,0,1,0,0,0,0,0,0,0
101004,0,0,0,1,0,0,0,0,0,0,0
101005,0,0,0,1,0,0,0,0,0,0,0
101010,1,1,0,1,0,0,0,0,0,0,0
101023,0,1,1,0,0,0,0,0,0,0,1
101080,0,1,0,0,0,0,0,0,0,0,0
101115,0,0,0,0,0,1,0,0,0,0,0
101144,0,0,1,0,0,0,0,0,0,0,0
101145,0,1,0,1,0,0,0,0,0,0,0
101285,0,1,1,0,0,0,0,0,0,0,0
101330,0,0,1,0,0,0,0,0,0,0,0
101338,0,0,0,0,0,0,0,0,0,1,0
101363,0,1,0,0,0,1,0,0,0,1,1
101364,1,1,1,0,0,0,0,0,0,0,0
101365,0,1,0,0,0,0,0,0,0,0,0
101536,0,1,0,1,0,0,0,0,0,0,0
101549,0,0,0,0,0,0,0,1,0,0,0
101592,1,0,1,0,0,0,0,0,0,0,0
101604,0,1,1,0,0,0,0,0,1,0,0
101977,0,0,1,0,0,0,0,0,0,0,0
102024,1,1,0,1,0,1,0,0,0,0,0
102491,0,1,1,0,0,1,0,0,1,0,0
102495,0,1,0,0,0,0,0,0,0,0,0
102507,0,1,1,0,0,1,0,0,0,0,0
102515,0,1,0,1,0,0,0,0,0,0,0
102550,0,1,1,0,0,0,0,0,0,0,0
102553,0,1,0,0,0,1,0,0,0,0,0
102562,0,0,0,0,0,0,0,0,1,0,0
102567,0,0,0,1,0,1,0,0,0,0,0
102578,0,1,0,0,0,1,0,0,0,0,0
102604,0,0,1,0,0,0,0,0,1,0,0
102611,0,0,1,0,0,1,0,0,1,0,1
102648,0,0,0,0,0,1,0,0,0,0,1
102667,0,0,0,0,0,1,0,0,1,0,0
102680,1,0,0,0,0,1,0,0,0,0,0
102772,1,0,1,0,0,1,0,1,0,0,1
102794,0,1,0,1,0,0,0,0,0,0,0
102815,1,1,0,1,0,0,0,0,0,0,0
102817,0,1,0,0,0,0,0,0,0,0,0
102820,0,1,0,0,0,0,0,0,0,0,0
102833,0,1,0,1,0,0,0,0,0,0,0
102844,0,1,0,0,0,0,0,0,0,0,1
102846,0,1,0,1,0,1,0,0,0,0,1
102849,1,0,0,0,0,0,0,0,0,0,0
102855,0,1,0,0,0,0,0,0,0,0,0
102861,0,1,1,0,0,0,0,0,0,0,0
102916,0,1,0,0,0,1,0,0,1,0,0
102967,1,1,0,0,0,0,0,0,0,1,1
102968,0,1,0,0,0,0,1,0,0,0,0
102993,1,1,0,1,0,0,0,0,0,0,1
103018,0,1,1,0,0,0,0,0,0,0,0
103310,0,0,1,0,0,1,0,0,0,0,1
103381,0,0,1,0,0,0,0,0,1,0,0
103404,0,1,0,1,0,0,0,1,0,0,0
103653,1,1,1,0,0,0,0,0,0,0,0
103688,0,1,0,0,0,0,0,0,0,0,0
103788,0,1,0,1,0,0,0,1,0,0,0
103814,0,1,0,0,0,0,0,0,0,0,0
103826,0,1,1,0,0,0,0,0,0,0,0
103858,0,1,0,1,0,0,0,0,0,0,0
104170,0,1,0,0,0,0,0,0,0,0,0
104224,0,1,0,0,0,0,0,0,0,0,0
104421,0,1,0,0,0,0,0,0,0,0,1
104425,0,0,1,0,0,0,0,0,0,1,1
104486,0,1,1,0,0,0,0,0,0,0,1
104487,1,1,0,0,0,0,0,0,0,0,0
104512,0,1,1,0,0,1,0,0,0,0,1
104513,1,0,0,1,0,0,0,1,0,0,0
104620,0,0,0,1,0,1,0,0,0,0,1
104721,0,0,0,1,0,0,0,0,0,0,0
105179,0,0,1,0,0,1,0,0,0,0,1
105426,0,1,1,0,0,1,0,0,1,0,0
105513,0,0,1,0,0,0,0,0,0,0,0
105516,0,0,1,0,0,0,0,0,0,0,0
105595,0,1,1,0,0,0,0,0,0,0,0
105844,0,1,0,1,0,0,0,0,0,0,0
106158,1,0,1,0,0,0,0,0,0,0,0
106216,1,0,0,1,0,0,0,1,1,0,0
106217,0,0,0,1,0,0,0,0,0,0,0
106443,1,0,0,1,0,0,0,1,0,0,0
106530,0,0,0,1,0,0,0,0,0,0,0
106711,1,0,0,0,0,1,0,0,1,0,0
106729,1,1,0,0,0,1,0,0,0,0,0
106730,1,1,0,0,0,1,0,0,0,0,0
106756,1,1,1,1,0,0,0,0,0,0,0
106766,0,1,0,0,0,0,0,0,0,0,1
106788,0,1,0,0,0,0,0,0,1,0,0
106826,0,0,1,0,1,0,0,0,0,0,0
106917,0,1,1,0,0,1,0,0,0,0,0
106997,0,0,0,0,0,0,0,1,0,0,0
107059,0,1,0,0,0,0,0,0,0,0,0
107065,0,0,0,0,1,0,0,0,1,0,0
107152,0,0,0,0,0,0,0,0,1,0,0
107231,0,1,0,0,0,0,0,0,0,0,1
107381,1,1,1,0,0,1,0,0,0,0,0
107561,0,0,0,0,0,1,0,0,0,0,0
108244,1,0,1,0,0,0,0,1,0,1,1
108410,0,1,0,0,0,0,0,0,0,0,0
108501,0,0,0,1,0,0,0,0,0,0,0
108518,1,1,1,0,0,0,0,0,0,0,0
108529,0,0,1,0,0,1,0,0,0,0,0
108625,1,1,1,0,0,0,0,0,0,0,1
108764,0,0,0,1,0,0,0,0,0,0,0
108765,0,0,0,1,0,0,0,0,0,0,0
108879,0,0,1,0,0,0,0,0,0,0,0
108902,0,0,0,0,0,0,0,0,0,1,0
109095,0,1,1,1,0,0,0,0,0,1,0
109183,1,1,0,0,0,0,0,0,0,0,0
109224,1,1,1,0,0,0,0,0,0,0,1
109257,1,1,0,0,0,0,0,0,0,0,0
109319,0,1,1,0,0,1,0,0,0,0,0
109332,0,1,0,1,0,0,0,0,0,0,0
109418,0,0,1,0,0,1,0,0,1,0,0
109455,0,0,0,1,0,0,0,0,0,0,0
109467,0,1,1,0,0,0,0,0,0,0,0
109637,0,0,1,0,1,1,0,0,0,0,0
109828,0,0,0,1,0,0,0,0,0,0,0
110373,1,1,0,1,0,0,0,0,0,1,0
110543,0,1,0,1,0,0,0,0,0,0,0
110661,0,0,0,0,0,0,0,0,1,0,0
110664,0,1,1,0,0,0,0,0,1,0,0
110740,0,1,0,1,0,0,0,0,0,0,0
110747,1,1,0,0,0,0,0,0,0,0,1
110759,0,1,1,0,0,1,0,0,0,0,1
110760,0,1,0,1,0,1,0,0,1,0,0
110909,1,1,0,1,0,0,0,0,0,0,0
110941,1,0,0,1,0,0,0,0,0,1,1
110968,0,1,0,1,0,0,0,0,0,0,0
110975,1,1,0,0,0,0,0,0,0,1,0
110976,0,0,0,1,0,0,0,0,0,0,0
110977,0,0,0,1,0,0,0,0,0,0,0
111037,0,0,0,0,0,1,0,0,0,0,0
111440,0,0,1,0,0,1,0,0,0,0,0
111509,0,0,0,1,0,0,0,0,0,0,0
111727,1,1,0,0,0,1,0,0,0,0,0
111779,0,1,0,0,0,0,0,0,0,0,0
112002,0,1,0,0,0,0,0,0,0,1,0
112030,0,1,0,0,0,0,0,0,0,1,1
112045,0,1,0,0,0,0,0,0,0,0,0
112240,0,1,1,0,0,0,0,0,0,0,1
112252,1,1,0,0,0,0,0,0,0,0,0
112450,0,1,1,1,0,0,0,0,0,0,0
112491,0,1,1,0,0,0,0,0,0,0,0
112553,1,1,1,0,0,0,0,0,0,0,0
112635,0,0,1,0,0,0,0,0,0,0,0
112733,1,0,1,0,0,1,0,0,0,1,0
113204,0,0,0,1,0,0,0,0,0,0,0
113425,0,1,1,0,0,1,0,0,0,0,0
113514,0,0,1,0,0,1,0,0,0,0,1
114416,0,1,1,0,0,0,0,0,0,0,0
114454,1,1,1,0,0,0,0,0,0,0,0
114523,1,0,0,0,0,0,0,0,0,1,1
116625,0,1,0,0,0,0,0,0,0,0,0
117035,0,1,1,0,0,0,0,0,0,0,0
117252,0,1,0,0,0,0,0,0,0,0,0
117385,1,1,0,0,0,0,0,0,0,0,0
117477,0,1,0,0,0,0,0,0,0,0,0
117549,0,1,1,0,0,0,0,0,0,0,0
117564,0,1,0,0,0,0,0,0,0,0,0
117799,1,1,0,0,0,0,0,0,0,1,1
118088,0,1,0,0,0,1,0,0,0,0,0
118146,1,0,1,0,0,1,0,0,0,0,0
118148,1,1,0,1,0,0,0,0,0,0,0
118199,0,1,0,0,0,1,0,0,0,0,0
118210,1,1,0,0,0,0,0,0,0,1,0
118225,0,1,0,0,0,0,0,0,0,0,0
118262,1,1,0,0,0,0,0,0,0,1,0
118530,1,1,0,0,0,0,0,0,0,1,0
118641,1,1,0,1,0,0,0,0,0,0,0
118658,1,1,0,1,0,0,0,0,0,0,0
118758,1,0,0,1,0,0,0,0,0,0,0
118782,1,1,0,0,0,0,0,0,0,0,0
118823,0,0,0,1,0,0,0,0,0,0,0
118928,1,1,0,0,0,0,0,0,0,0,0
119831,0,0,0,0,0,0,0,0,1,0,0
119838,0,0,0,1,0,0,0,0,0,0,0
119852,0,1,0,0,0,1,0,0,1,0,0
119911,0,1,0,1,0,0,0,0,0,1,0
119919,1,1,1,0,0,0,0,0,0,0,0
120101,1,1,0,0,0,0,0,0,0,0,1
121667,0,0,0,0,0,0,0,0,0,1,0
121677,0,0,0,0,0,0,0,0,1,0,0
121694,1,0,0,1,0,0,0,0,0,0,0
121700,0,1,0,1,0,0,0,0,0,0,0
121710,0,0,0,1,0,0,0,0,0,0,0
121719,0,0,0,0,0,1,0,0,0,0,0
121738,0,1,0,0,0,0,0,0,0,1,0
121739,0,1,0,1,0,0,0,0,1,0,0
121767,0,1,1,0,0,0,0,0,0,0,0
121790,1,1,1,0,0,1,0,0,0,1,0
121797,0,1,0,0,0,1,0,0,0,0,0
122370,0,0,0,1,0,0,0,0,0,0,0
122407,0,0,0,1,0,0,0,0,0,0,0
122419,0,1,0,0,0,0,0,0,0,0,1
122485,0,0,1,0,0,1,0,0,0,0,0
122491,1,0,0,0,0,0,0,0,0,0,0
122941,0,0,0,1,0,0,0,0,0,0,0
123388,0,0,0,1,0,0,0,0,0,0,0
123406,0,0,0,1,0,0,0,0,0,0,0
125207,0,1,0,0,0,0,0,0,0,0,0
137829,0,1,0,1,0,1,0,0,0,0,0
137980,0,0,0,1,0,0,0,0,0,0,0
138176,1,1,0,0,0,0,0,0,0,1,1
138187,1,1,1,0,0,0,0,0,0,0,0
138260,1,0,0,1,0,0,0,0,0,1,1
138345,0,0,0,1,0,0,0,0,0,0,0
138418,0,1,0,0,0,0,0,0,0,0,0
138420,0,1,0,0,0,1,0,0,0,0,0
138508,0,1,0,1,0,0,0,0,0,0,0
138818,0,0,0,1,0,0,0,0,0,0,0
139711,0,1,0,1,0,0,0,0,0,0,0
140511,1,1,0,1,0,0,0,0,0,0,0
141710,0,0,0,0,1,0,0,0,0,0,0
141850,0,1,1,1,0,0,0,0,0,0,0
142266,0,1,1,0,0,0,0,0,0,0,1
142629,0,0,0,1,0,0,0,0,0,0,0
143444,1,1,0,1,0,0,0,0,0,0,1
143990,0,0,0,1,0,0,0,0,0,0,0
146586,0,0,0,1,0,0,0,0,0,0,0
146885,1,0,0,1,0,0,0,0,0,0,0
149211,0,0,0,1,0,0,0,0,0,0,0
151492,0,1,0,1,0,0,0,0,0,0,0
152910,0,1,0,1,0,0,0,0,0,0,0
155007,0,0,1,0,0,0,0,0,0,0,1
155626,0,0,1,0,0,1,0,0,0,0,0
155724,0,0,0,0,0,0,0,1,1,0,0
156273,1,0,0,1,0,0,0,0,0,1,0
160065,1,1,1,0,0,1,0,0,0,0,1
161528,0,1,0,0,0,0,0,0,0,0,0
161960,0,0,1,1,0,0,0,0,0,0,0
162027,0,0,1,0,0,1,0,0,0,0,1
162239,1,1,0,0,0,0,0,0,0,0,0
162392,1,1,1,0,0,0,0,0,0,0,1
162452,0,0,0,0,1,0,0,1,0,0,0
162458,0,1,0,0,0,0,0,0,0,0,0
162626,1,0,1,0,0,1,0,0,0,0,0
162627,0,1,0,0,0,0,0,0,0,0,0
163418,0,0,0,0,0,0,0,1,1,0,0
163588,0,1,1,0,0,0,0,0,0,0,0
164623,0,1,0,1,0,0,0,0,0,0,0
165224,1,0,0,1,0,0,0,0,0,0,0
166302,1,1,0,0,0,0,0,0,0,0,0
166371,0,1,0,0,0,0,0,0,0,1,0
169110,1,0,0,1,0,0,0,0,0,0,0
169223,0,1,1,0,0,0,0,0,0,1,0
169818,1,1,0,0,0,0,0,0,0,0,1
169830,0,0,0,1,0,0,0,0,0,0,0
170239,0,1,0,0,0,0,0,0,0,0,1
170948,0,1,0,0,0,0,0,0,0,0,0
170977,0,1,0,1,0,0,0,1,0,0,0
173312,0,1,0,0,0,0,0,0,0,0,0
173534,1,1,0,0,0,0,0,1,0,0,0
173535,1,1,0,1,0,0,0,0,0,0,0
174490,0,1,0,1,0,1,0,1,1,0,0
175039,1,1,0,1,0,0,0,0,0,0,0
175170,1,0,0,1,0,0,0,1,0,0,0
175211,0,1,1,0,0,0,0,0,0,0,0
175220,0,0,0,1,0,0,0,1,0,0,0
175366,1,0,0,1,0,0,0,1,0,0,0
175553,0,0,0,1,0,0,0,0,0,0,0
181106,0,0,0,1,0,0,0,0,0,0,0
181575,1,0,0,1,0,0,0,1,0,0,1
184852,1,0,0,0,0,0,0,0,0,0,0
198512,0,0,1,1,0,0,0,0,0,0,0
206037,1,0,0,1,0,0,0,0,0,0,0
208861,0,1,0,0,0,0,0,0,0,0,0
208862,1,1,0,0,0,0,0,0,0,1,0
208863,1,1,0,0,0,0,0,0,0,1,0
215850,0,0,0,1,0,0,0,0,0,0,0
216439,0,1,0,0,0,1,0,0,0,0,0
219171,0,1,0,1,0,1,0,0,0,0,0
219672,0,1,0,1,0,0,0,0,1,0,0
219794,0,0,0,1,0,0,0,0,0,0,0
220674,0,1,0,1,0,1,0,0,0,0,0
221069,0,1,0,1,0,0,0,0,0,0,0
221166,0,1,0,1,0,0,0,0,0,1,0
221393,0,1,0,0,0,0,0,0,0,0,0
221417,1,1,0,0,0,0,0,0,0,0,0
221443,0,1,0,0,0,0,0,0,0,0,1
221455,0,1,1,0,0,1,0,0,0,0,1
221641,0,1,1,1,0,0,0,0,0,0,0
221644,1,1,1,0,0,0,0,0,0,0,0
221663,0,0,1,0,0,1,1,0,0,0,0
221691,1,1,1,1,0,0,0,0,0,1,0
223944,0,1,0,1,0,0,0,0,0,0,0
225856,0,0,1,0,0,0,0,0,0,0,0
226249,0,0,0,1,0,0,0,0,0,0,0
226486,0,0,0,1,0,0,0,0,0,0,0
226902,0,1,0,0,0,0,0,0,0,0,0
226912,0,1,0,0,0,0,0,0,0,0,0
226920,0,1,0,0,0,1,0,0,0,1,0
227544,0,1,0,0,0,0,0,0,0,0,0
227875,0,1,0,0,0,1,0,0,0,1,0
228548,0,0,0,0,0,1,0,0,0,0,0
228583,0,1,0,1,0,0,0,0,0,0,0
228604,1,1,0,1,0,0,0,0,0,0,0
228757,0,1,0,0,0,0,0,0,0,0,0
228769,1,1,0,0,0,1,0,1,0,0,0
228987,1,0,1,0,0,0,0,0,0,0,1
229153,0,1,1,0,0,1,0,0,0,0,0
229377,1,1,0,0,0,0,0,0,0,1,0
229385,0,1,0,0,1,0,0,0,0,1,0
229387,0,1,1,0,0,0,0,0,0,0,0
229888,1,1,1,0,0,0,0,1,0,1,0
230525,0,1,1,0,0,1,0,1,0,0,0
230921,0,0,0,0,0,1,0,0,0,0,1
231325,0,1,0,1,0,0,0,0,0,0,0
235414,0,1,0,0,1,0,0,0,0,0,0
236687,1,1,0,1,0,0,0,0,0,0,1
237332,0,0,0,0,0,1,0,0,0,1,0
238307,1,0,0,0,0,0,0,1,0,0,0
238498,1,1,0,0,0,0,0,0,0,0,0
240122,0,0,1,0,0,1,0,1,1,0,0
240230,0,1,0,0,0,0,0,0,0,0,0
240925,0,0,0,1,0,0,0,0,0,0,0
243670,0,1,0,0,0,0,0,0,0,0,0
243675,0,1,1,0,0,0,0,0,0,0,0
243691,0,0,0,1,0,0,0,0,0,0,0
243783,0,1,1,0,0,0,0,0,0,0,1
243803,0,1,0,0,0,0,0,0,0,0,1
244468,0,1,0,0,0,0,0,0,0,0,0
244483,0,1,0,0,0,1,0,0,1,0,0
245572,0,1,0,0,0,0,0,0,0,0,0
246728,0,1,0,1,0,1,0,1,0,0,0
246929,0,1,1,0,0,0,0,0,0,0,0
247573,0,1,0,0,0,1,0,1,1,0,0
248488,0,0,0,1,0,0,0,0,0,0,0
249494,0,0,1,0,0,0,0,0,0,0,0
250096,0,0,1,1,0,0,0,0,0,0,0
251209,0,1,0,0,0,0,0,0,0,0,0
251529,0,0,1,0,0,0,0,0,0,0,0
251530,0,1,0,0,0,0,0,0,0,0,0
251531,0,1,0,1,0,0,0,0,0,0,0
256028,1,1,0,1,0,0,0,0,0,0,0
256071,0,0,0,1,0,0,0,0,0,0,0
263034,0,0,0,1,0,0,0,0,0,0,0
279117,0,1,1,0,0,0,0,0,0,0,0
280190,0,1,0,0,0,0,0,0,0,0,0
281254,0,1,1,1,0,0,0,0,0,0,0
285097,0,1,1,0,0,0,0,0,0,0,0
287439,0,1,0,0,0,0,0,0,0,0,0
288227,0,1,0,0,0,0,0,0,0,0,0
289151,0,0,0,0,0,1,0,0,1,0,0
292856,1,0,0,1,0,0,0,0,0,0,0
307343,0,1,0,1,0,0,0,0,0,0,0
324224,0,0,0,0,0,1,0,1,1,0,0
345617,0,0,0,1,0,0,0,0,0,0,0
346273,1,0,0,1,0,1,0,0,0,0,0
346286,1,0,1,0,0,0,0,0,1,0,0
347077,0,0,1,0,0,0,0,0,0,0,0
347508,0,1,1,0,0,0,0,1,0,0,0
347577,0,0,0,1,0,0,0,0,0,0,0
347713,0,1,0,0,0,0,0,0,0,0,0
347744,0,1,0,0,0,0,0,0,0,0,0
348812,1,0,0,0,0,1,0,0,0,1,0
349945,0,1,0,0,0,0,0,0,0,0,0
381152,0,0,0,0,0,1,0,0,0,0,0
429065,0,1,0,1,0,0,0,0,0,1,0
439223,0,0,1,0,0,0,0,0,0,0,0
439250,0,1,0,0,0,1,0,0,0,0,0
439263,0,0,0,0,0,1,0,0,0,0,0
439568,0,0,0,0,0,1,0,0,1,0,0
439711,0,1,0,0,0,1,0,0,0,0,0
439727,0,0,0,0,0,1,0,0,1,0,0
440917,0,1,0,0,0,0,0,0,0,0,1
441245,0,0,0,0,0,1,0,0,0,0,1
441574,0,1,0,0,0,0,0,0,0,0,0
441644,0,1,0,0,0,0,0,0,0,0,0
442343,0,1,1,0,0,0,0,0,0,0,0
442348,0,0,0,0,0,1,0,0,1,0,0
442355,0,0,0,0,0,0,0,0,1,0,0
442384,0,0,0,0,0,1,0,1,1,0,0
442402,0,0,0,0,0,0,0,0,1,0,0
442478,0,0,0,0,0,1,0,0,0,0,0
442482,0,1,0,0,0,0,0,0,0,0,1
442484,0,1,0,0,0,0,0,0,0,0,1
442495,0,0,0,0,0,1,0,0,0,0,0
442501,0,0,1,0,0,0,0,0,0,0,0
443159,0,0,0,0,0,1,0,0,0,0,0
443180,0,0,0,0,0,1,0,0,0,0,0
444266,0,0,0,0,0,0,0,0,0,1,0
445070,0,0,1,0,0,0,0,0,0,0,0
448996,0,1,0,1,0,0,0,1,0,0,0
459494,1,0,0,0,0,1,0,1,0,0,0
459597,0,0,0,0,1,1,0,0,0,0,0
510370,1,1,0,0,0,0,0,0,0,0,1
517863,1,1,1,0,0,1,0,0,0,0,0
517959,0,1,0,0,0,0,0,0,0,1,1
517970,1,1,0,1,0,0,0,0,0,0,1
518472,1,0,0,0,0,0,0,1,1,0,0
518810,0,1,0,1,0,0,0,0,0,0,0
518937,1,0,0,1,0,0,0,0,0,0,0
519129,1,1,0,0,0,0,0,0,0,0,0
519158,0,1,0,1,0,0,0,0,0,0,0
519179,1,1,0,0,0,0,0,0,0,0,1
519180,1,0,0,1,0,0,0,0,0,0,0
519382,0,1,1,0,0,0,0,0,1,0,0
519415,1,1,0,1,0,0,0,0,0,0,1
519416,0,0,0,1,0,0,0,0,0,0,0
519539,1,0,0,1,0,1,0,0,0,0,0
519709,0,1,0,1,0,0,0,0,0,0,0
519732,1,0,0,1,0,0,0,0,0,0,0
519751,0,0,0,1,0,0,0,0,0,0,0
519756,0,1,0,1,1,0,0,0,0,0,0
519757,0,0,1,0,0,0,0,0,0,0,0
519786,1,1,0,0,0,0,0,0,0,0,0
519793,0,1,0,1,0,0,0,0,0,0,1
519823,0,0,0,1,0,0,0,0,0,0,0
519890,1,1,0,0,0,0,0,0,0,0,0
519907,0,0,0,1,0,0,0,0,0,0,0
520098,1,0,0,0,0,0,0,0,0,0,0
520108,0,0,0,1,0,0,0,0,0,0,0
520119,0,0,0,1,0,0,0,0,0,0,0
520144,0,0,0,1,0,0,0,0,0,0,0
520148,1,1,1,0,0,0,0,0,0,0,0
520191,0,0,0,1,0,0,0,0,0,0,0
520194,0,0,0,1,0,0,0,0,0,0,0
520196,0,0,0,1,0,0,0,0,0,0,0
520296,0,0,0,1,0,0,0,0,0,0,0
520300,0,0,0,1,0,0,0,0,0,0,0
520326,0,1,0,0,0,0,0,0,0,0,0
520395,0,0,0,1,0,0,0,0,0,0,0
520398,0,0,0,1,0,0,0,0,0,0,0
520455,1,1,0,0,0,1,0,0,0,0,0
520568,1,0,0,1,0,0,0,0,0,0,0
520583,1,1,0,0,0,0,0,0,0,0,0
520667,0,0,0,1,0,1,1,0,0,1,0
520682,0,1,0,1,0,0,0,0,0,0,0
520888,0,0,0,1,0,0,0,0,0,0,0
520911,0,0,0,1,0,0,0,0,0,0,0
520990,1,0,0,1,0,0,0,0,0,0,0
521080,1,1,0,1,0,0,0,0,0,0,0
521238,1,1,1,0,0,1,0,0,0,0,0
521300,0,0,0,1,0,0,0,0,0,1,0
521314,0,0,0,0,0,1,0,0,1,0,0
521321,0,1,0,0,0,0,0,0,0,0,0
521326,1,1,0,0,0,0,0,0,0,0,0
521348,0,1,0,1,0,0,0,0,0,0,0
521384,1,0,0,1,0,0,0,0,0,0,0
521504,0,0,0,1,0,0,0,0,0,0,0
521666,0,1,0,0,0,0,0,0,0,0,0
521941,0,0,0,1,0,0,0,0,0,0,0
522071,0,0,0,1,0,0,0,0,0,0,0
522111,1,0,0,1,0,0,0,0,0,0,0
522131,0,0,0,1,0,1,0,0,0,0,0
522171,0,1,1,0,0,0,0,0,0,0,0
522214,1,1,0,0,0,0,0,0,0,0,0
522255,0,1,0,0,0,0,0,0,1,0,0
522262,1,0,0,1,0,0,0,0,0,0,0
522284,0,0,0,1,0,0,0,0,0,0,0
522404,0,1,0,1,0,0,0,0,0,1,0
522422,0,1,1,0,0,0,0,0,0,1,0
522458,0,0,0,1,0,0,0,0,0,0,0
522459,1,0,0,1,0,0,0,0,0,0,0
522674,0,0,0,1,0,0,0,0,0,0,0
522676,0,1,1,1,0,0,0,0,0,1,0
522677,0,0,0,0,0,0,0,0,0,1,0
522771,0,1,1,0,0,0,0,0,0,0,0
522877,0,0,0,1,0,0,0,0,0,0,0
523027,0,1,0,0,0,0,0,0,0,0,0
523918,0,1,0,1,0,0,0,0,0,0,0
524171,0,0,0,1,0,0,0,0,0,0,0
524369,0,1,0,0,0,0,0,0,0,1,0
524975,0,0,0,1,0,0,0,0,0,0,0
525329,0,0,0,1,0,0,0,0,0,0,0
525330,0,0,0,1,0,0,0,0,0,0,0
525358,1,0,0,1,0,0,0,0,0,0,0
525462,0,0,0,1,0,0,0,0,0,0,0
525963,0,1,0,0,0,0,0,0,1,0,0
526195,0,1,0,1,0,0,0,0,0,0,0
526487,0,0,0,1,0,0,0,0,0,0,0
526614,0,0,0,1,0,0,0,0,0,0,1
526616,0,0,0,1,0,0,0,0,0,0,0
526624,0,0,0,1,0,0,0,0,0,0,0
527143,0,1,1,0,0,1,0,0,0,0,0
527268,0,0,0,0,0,1,0,1,0,0,0
527286,0,1,1,0,0,0,0,0,0,0,0
527393,0,1,0,1,0,0,0,0,0,0,0
527428,0,0,0,0,1,0,0,1,0,0,0
527438,0,0,0,1,0,0,0,0,0,0,0
527990,0,1,0,0,0,0,0,0,0,0,0
527991,0,1,0,0,0,0,0,0,0,0,0
528069,0,1,0,0,0,1,0,0,1,0,0
528143,0,0,0,1,0,0,0,0,0,0,0
528305,1,0,0,0,0,0,0,0,0,0,0
528308,0,0,0,1,0,0,0,1,0,0,0
528363,0,0,0,1,0,0,0,0,0,0,0
528698,0,0,0,1,0,0,0,0,0,0,0
528709,0,0,0,1,0,0,0,0,0,0,0
528712,0,0,0,1,0,0,0,0,0,0,0
529049,0,0,0,1,0,0,0,0,0,0,0
529056,0,0,0,1,0,0,0,0,0,0,0
529296,0,1,0,0,0,0,0,0,0,1,0
529300,1,1,0,0,0,0,0,0,0,1,0
529344,1,0,0,0,0,1,0,0,0,0,0
529352,1,0,0,1,0,1,0,0,0,0,0
529438,0,0,0,0,0,0,0,0,1,0,0
529496,1,1,1,0,0,0,0,0,0,0,0
529500,1,1,0,0,0,0,0,0,0,0,1
529635,0,1,0,1,0,0,0,0,0,0,0
529757,0,0,0,1,0,0,0,0,0,0,0
529761,0,0,0,1,0,0,0,0,0,0,0
529770,0,1,0,1,0,0,0,0,0,0,0
529899,0,0,0,1,0,0,0,0,0,0,0
530286,1,1,0,0,0,1,0,0,0,0,0
530404,0,0,0,1,0,0,0,1,0,0,0
530818,0,0,1,1,0,0,0,0,0,0,0
534377,0,0,0,1,0,0,0,0,0,0,0
536987,0,1,0,1,0,0,0,0,0,0,0
537536,1,1,0,1,0,0,0,0,0,0,0
537615,1,1,1,0,0,1,0,0,0,0,0
537682,0,1,0,1,0,0,0,0,0,1,0
537754,0,1,0,1,0,0,0,0,0,0,0
538506,1,1,1,1,0,0,0,0,0,0,0
544127,0,0,0,0,0,0,0,0,0,1,0
545106,0,1,0,1,0,0,0,0,0,1,0
545267,1,0,0,1,0,0,0,0,0,1,1
545397,1,1,0,0,0,0,0,1,0,0,0
546235,1,1,0,0,0,0,0,0,0,0,1
548353,0,0,0,1,0,0,0,0,0,0,0
548370,0,1,0,1,0,0,0,0,0,0,0
549544,0,1,0,0,0,0,0,0,0,0,0
549546,0,1,0,0,0,0,0,1,1,0,0
549674,0,1,0,1,0,0,0,0,0,0,0
549676,0,1,0,0,0,0,0,0,0,1,1
550768,0,0,0,0,0,0,0,0,0,1,0
551085,0,1,0,0,0,0,0,0,0,1,0
551316,0,1,0,0,0,0,0,0,0,0,0
552119,1,1,0,0,0,0,0,0,0,1,1
554181,0,0,0,1,0,0,0,0,0,0,0
556916,0,0,0,1,0,0,0,0,0,0,1
556940,0,0,0,1,0,0,0,0,0,0,0
556998,0,0,0,0,0,1,0,0,0,0,0
557222,1,0,0,0,0,0,0,0,0,0,0
557223,1,1,0,1,0,0,0,0,0,0,0
560109,1,1,0,0,0,0,0,0,1,0,0
560255,0,1,0,0,0,0,0,0,0,0,0
560572,0,1,0,1,0,0,0,0,0,0,0
560787,0,1,0,1,0,0,0,0,0,0,0
562246,0,0,1,0,0,0,0,0,0,0,0
562563,0,1,0,1,0,0,0,0,0,0,0
562667,0,1,1,1,0,0,0,0,0,0,0
564550,1,1,0,0,0,0,0,0,0,0,0
565690,0,1,0,0,0,1,0,0,0,0,0
568501,1,1,0,1,0,0,0,0,0,0,1
570574,1,1,1,0,0,0,0,0,0,0,0
570886,0,1,0,0,0,0,0,0,0,0,0
572534,0,0,1,0,1,0,0,0,0,0,0
574100,0,0,0,1,0,0,0,0,0,0,0
574813,1,0,0,1,0,0,0,0,0,0,0
575426,1,1,0,0,0,0,0,0,0,0,0
576021,0,1,0,1,0,0,0,0,0,1,1
577126,0,0,1,0,0,1,0,0,0,0,0
578278,0,1,0,1,0,0,0,0,0,0,0
578423,0,1,0,1,0,1,0,0,0,0,0
578817,0,0,0,1,1,1,0,0,0,0,0
579336,0,0,1,0,0,0,0,0,1,0,0
579338,0,0,0,1,0,0,0,0,0,0,0
579675,0,0,0,1,0,0,0,0,0,0,0
581239,1,1,0,0,0,0,0,0,0,1,0
585911,0,1,1,0,0,0,0,0,1,0,0
589365,0,0,1,1,0,0,0,1,0,0,0
593529,0,0,0,1,0,0,0,0,0,0,0
595928,0,1,0,1,0,0,0,0,0,0,0
605629,1,1,0,1,0,0,0,0,1,0,0
636687,1,0,1,1,0,0,0,0,0,0,0
637090,0,0,0,1,0,0,0,0,0,0,0
637195,0,1,1,0,0,0,0,0,0,0,0
637511,0,0,0,0,0,0,1,0,0,0,0
637520,0,1,0,0,0,0,0,0,0,0,0
637523,1,1,0,0,0,0,0,0,0,0,1
637563,0,0,0,0,0,1,1,0,0,0,0
637564,1,1,0,0,0,0,0,0,0,0,0
637566,0,0,1,0,0,0,0,0,0,0,0
637758,0,1,0,1,0,0,1,0,0,0,0
637759,0,1,0,1,0,0,1,0,0,0,0
637776,0,0,1,0,0,1,0,0,0,0,0
638011,0,1,0,0,0,0,0,0,0,0,1
638014,0,1,1,0,0,0,0,0,1,0,0
638122,0,1,0,1,0,0,0,0,0,0,0
638132,1,1,0,0,0,0,0,0,0,0,0
638144,1,1,0,0,0,1,0,0,0,0,0
638500,1,1,1,0,0,0,0,0,0,0,0
641006,0,1,0,1,0,0,0,0,0,0,0
641248,1,1,0,1,0,0,0,0,0,0,0
641256,1,1,0,1,0,0,0,0,0,0,0
641294,0,0,0,0,0,1,1,0,0,0,0
641423,0,1,0,0,0,0,0,0,0,0,0
642039,0,1,0,1,0,1,0,0,0,0,0
642117,0,0,0,1,0,0,0,0,0,0,0
643139,1,1,0,1,0,0,0,0,0,0,1
643731,1,1,1,0,0,0,0,0,0,0,0
643779,0,1,0,0,0,1,0,0,0,0,0
643789,0,1,0,0,0,0,0,0,0,0,1
643820,0,0,1,0,0,0,0,0,0,0,1
643915,0,0,0,1,0,0,0,0,0,0,0
643941,1,0,0,0,0,0,0,0,0,0,1
656467,1,1,0,0,0,0,0,0,0,0,0
697993,0,0,0,1,0,0,0,0,0,0,0
699489,0,1,1,0,0,0,0,0,0,0,0
735940,0,0,0,1,0,0,1,0,1,0,0
736172,0,0,0,1,0,0,0,0,0,0,0
736889,0,0,1,0,0,0,0,0,0,0,0
778574,0,1,0,1,0,0,0,0,0,0,0
876160,0,1,1,0,0,0,0,0,0,0,0
877369,0,1,0,1,0,0,0,0,0,0,0
1201521,0,0,0,0,0,1,0,0,0,0,0
1201552,0,0,0,0,0,1,0,0,1,0,0
1384928,0,0,0,0,0,1,0,0,0,0,0
1548943,0,0,0,0,0,1,0,0,0,0,0
1549018,0,1,1,0,0,0,0,0,0,0,0
1549019,0,0,1,0,0,0,0,0,0,0,0
1549025,0,1,1,0,0,0,0,0,0,0,0
1549026,1,1,1,0,0,0,0,0,0,0,0
1549521,0,1,0,1,0,1,1,0,0,0,0
1549778,1,1,1,0,0,0,0,0,0,0,1
1550470,1,1,0,0,0,0,0,0,0,0,0
1550884,0,0,1,0,0,0,0,0,0,0,0
1550886,0,0,1,0,0,0,0,0,0,0,0
1550890,0,0,1,0,0,0,1,0,0,0,0
1551246,1,1,0,0,0,0,0,0,0,0,0
1616260,0,1,1,1,0,1,0,0,0,0,0
1711945,0,0,1,0,0,0,0,0,0,1,0
1712058,0,0,1,0,0,0,0,0,0,0,0
1712087,1,0,1,0,0,0,0,0,0,0,1
1757003,0,1,1,0,0,1,0,0,1,0,0
2724159,0,0,0,0,0,1,0,0,0,0,0
2724626,0,0,0,1,0,0,0,0,0,0,0
2733294,1,1,0,0,0,0,0,0,0,0,1
2734646,0,0,0,0,0,1,0,0,0,0,0
2829318,0,1,1,0,0,0,0,0,0,1,0
2839799,1,0,1,0,0,1,0,0,0,0,0
2891065,0,1,0,0,0,0,0,0,0,0,0
3014523,1,1,0,0,0,0,0,0,0,0,0
3015865,0,1,1,0,0,0,0,0,1,0,0
3015925,1,0,0,1,0,1,0,0,0,0,0
3015972,0,0,0,1,0,0,0,0,0,0,0
3015979,1,0,0,1,0,0,0,0,0,0,0
3016224,0,1,0,0,0,0,0,0,0,0,0
3016499,1,1,0,1,0,0,0,0,0,0,0
3017596,0,1,0,1,0,0,0,0,0,0,0
3017624,0,0,1,0,0,0,0,0,0,0,0
3017762,0,0,0,1,0,0,0,0,0,0,0
3017783,0,1,1,0,0,0,0,0,0,1,0
3018094,0,1,0,0,0,0,0,0,0,1,0
3018210,1,1,0,0,0,0,0,0,0,0,0
3018221,1,1,0,0,0,0,0,0,0,0,1
3018362,0,0,0,0,0,0,0,0,0,0,1
3018383,0,1,0,0,0,0,0,0,0,0,0
3018500,0,1,0,0,0,0,0,0,0,0,0
3018539,0,1,0,1,0,0,0,0,0,0,0
3018567,1,0,0,1,0,0,0,0,0,1,1
3018619,0,0,0,1,0,0,0,0,0,0,0
3018620,0,0,0,1,0,0,0,0,0,0,0
3018936,0,1,0,0,0,1,1,0,0,0,0
3019775,1,1,0,0,0,0,0,0,0,0,0
3019958,0,1,0,1,0,0,0,0,0,0,0
3020407,1,0,0,1,0,0,0,0,0,1,0
3021670,0,1,0,1,0,0,0,0,0,0,0
3022051,0,0,0,1,0,0,0,0,0,0,0
3022280,0,0,1,0,0,0,0,0,1,0,0
3022909,0,1,0,0,0,0,0,0,0,0,0
3022986,0,1,0,1,0,0,0,0,0,0,0
3023083,1,1,0,1,0,0,0,0,0,0,0
3023838,0,0,0,1,0,0,0,0,0,0,0
3023839,0,0,0,1,0,0,0,0,0,0,0
3023950,0,1,0,0,0,1,0,0,0,0,0
3024081,0,1,0,1,0,1,0,0,0,0,0
3025939,0,0,0,1,0,0,0,0,0,0,0
3032853,0,0,0,1,0,0,0,0,1,0,0
3033866,0,1,1,0,0,0,0,0,1,0,0
3034463,1,1,1,0,0,0,0,0,0,0,0
3084426,1,1,0,0,0,0,0,0,0,0,0
3084571,1,1,0,1,0,0,0,0,0,0,0
3085213,0,1,0,0,0,0,0,0,1,0,0
3085519,0,1,0,0,0,0,0,0,0,0,0
3085610,0,0,0,1,0,0,0,0,0,0,0
3085845,0,0,0,1,0,0,0,0,0,0,0
3086387,1,1,0,0,0,0,0,0,0,0,0
3301251,0,1,0,0,0,0,0,0,0,0,0
3321360,0,0,0,1,0,0,0,0,0,0,0
3354132,0,1,0,1,0,0,0,0,0,0,0
3486665,0,0,0,1,1,0,0,0,0,0,0
3591866,0,1,0,0,1,0,0,0,0,0,0
3722307,0,1,0,0,0,1,0,0,0,0,0
3734338,0,0,0,1,0,0,0,0,0,0,0
3782139,0,0,0,0,0,1,0,0,0,0,0
4047281,0,1,0,1,0,0,1,0,0,0,0
4056868,1,1,0,0,0,0,0,0,0,0,0
4120025,1,0,0,1,0,0,0,0,0,0,0
4428124,1,1,0,1,0,0,0,0,0,0,0
4447651,0,1,0,1,0,0,0,0,0,0,0
4564493,0,0,0,1,0,0,0,0,0,0,0
4574094,1,1,1,0,0,1,0,0,0,0,0
4682590,1,1,0,0,0,0,0,0,0,0,0
4925262,0,0,0,0,0,0,0,0,0,1,0
5084146,0,0,0,1,0,0,0,0,0,0,0
5140436,1,1,0,0,0,0,0,0,0,1,0
5271566,0,1,0,0,0,0,0,0,0,1,0
5273465,0,1,0,1,0,0,0,0,0,0,0
5273467,0,1,1,1,0,0,0,0,0,0,0
5273469,0,0,1,0,0,0,0,0,0,0,0
5275520,1,1,1,0,0,1,0,0,1,0,1
5280435,0,0,1,0,0,0,0,0,0,0,0
5280462,0,1,1,0,0,0,0,0,1,0,0
5280511,0,0,1,0,0,0,0,0,0,0,0
5280536,0,0,0,1,0,0,1,0,0,0,0
5280598,0,1,0,0,0,0,0,0,1,0,0
5281162,0,1,0,0,0,0,0,0,0,0,0
5281163,0,1,0,1,0,0,0,0,0,0,0
5281167,1,0,0,0,0,0,0,0,0,0,1
5281168,1,1,0,1,0,0,0,0,0,0,1
5281515,0,0,0,0,0,0,0,0,1,0,0
5281516,1,1,0,1,0,1,0,0,0,0,0
5281517,1,1,0,0,0,1,0,0,1,0,0
5281520,0,0,0,0,0,0,0,1,1,0,0
5281521,0,1,1,0,0,0,0,0,0,0,0
5281522,0,0,0,0,0,0,0,0,1,0,0
5281531,0,0,0,0,0,0,0,0,1,0,0
5281532,0,0,0,0,1,0,0,0,1,0,0
5281534,0,1,0,0,0,0,0,0,0,0,0
5281535,0,1,0,0,0,0,0,0,0,0,1
5281553,0,1,0,0,0,0,1,0,0,0,0
5282108,0,0,1,0,0,0,0,0,1,0,0
5282109,1,1,1,0,0,0,0,0,0,0,1
5282110,0,1,1,0,0,0,1,0,0,0,0
5282706,1,1,0,1,0,0,0,0,0,0,0
5282707,0,0,0,1,0,0,0,0,0,0,0
5282709,1,1,0,1,0,0,0,0,0,0,0
5282710,1,1,0,1,0,0,0,0,0,0,0
5282711,1,1,0,0,0,0,0,0,0,0,0
5282713,0,0,0,1,0,0,0,0,0,0,0
5282714,0,0,0,1,0,0,0,0,0,0,0
5282716,1,1,0,1,0,0,0,0,0,0,0
5282718,1,1,0,1,0,0,0,0,0,0,0
5282722,1,0,0,0,0,0,0,0,0,0,0
5282723,1,1,0,1,0,0,0,0,0,0,0
5282725,1,1,0,0,0,0,0,0,0,0,0
5282726,0,0,0,1,0,0,0,0,0,0,0
5282729,1,1,0,0,0,0,0,0,0,0,0
5282730,1,0,0,1,0,0,0,0,0,0,0
5283316,1,1,0,1,0,0,0,0,0,0,1
5283318,1,1,0,0,0,0,0,0,0,0,0
5283324,1,0,0,1,0,0,0,0,0,0,0
5283328,1,1,0,0,0,0,0,0,0,0,1
5283329,1,1,0,0,0,0,0,0,0,0,0
5283335,1,1,1,0,0,0,0,0,0,0,0
5283337,1,1,0,0,0,0,0,0,0,0,0
5283338,1,1,0,0,0,0,0,0,0,0,1
5283339,0,0,0,1,0,0,0,0,0,0,0
5283345,1,0,0,1,0,0,0,1,0,0,0
5283348,1,0,0,0,0,0,0,0,0,0,0
5283349,0,1,0,0,0,0,0,0,0,0,0
5283356,0,1,0,0,0,0,0,0,0,0,1
5283361,0,1,0,0,0,0,0,0,0,0,0
5283363,1,1,0,0,0,0,0,0,0,0,0
5283366,1,1,1,0,0,0,0,0,0,0,0
5283381,0,0,0,1,0,0,0,0,0,0,0
5284369,0,1,1,0,0,0,0,0,0,0,0
5284503,1,1,0,1,0,1,0,0,0,0,0
5284507,1,0,1,0,0,0,0,0,1,0,0
5312586,1,0,0,0,0,0,0,0,0,0,0
5312887,0,1,0,0,0,0,0,0,0,0,0
5315468,0,1,1,0,0,0,0,0,1,0,0
5315941,0,0,0,0,1,0,0,0,0,0,0
5317045,0,1,0,1,0,0,0,1,0,0,0
5317247,1,0,1,0,0,0,0,0,1,0,0
5318017,1,0,0,0,0,0,0,0,0,0,0
5318018,1,0,1,0,0,1,0,0,0,0,1
5318042,1,1,0,0,0,0,0,0,0,0,0
5318599,1,1,0,0,0,0,0,0,0,0,0
5319367,0,0,1,0,0,1,0,0,0,0,0
5319691,0,0,0,0,0,1,0,0,0,0,0
5319754,1,1,0,0,0,0,0,0,0,0,0
5319765,1,0,0,1,0,0,0,0,0,0,0
5319992,0,1,0,0,0,1,0,0,1,0,0
5320250,0,0,1,0,0,1,0,0,0,0,0
5320722,0,0,0,1,0,0,0,0,0,0,0
5321925,0,0,1,0,0,1,0,0,0,0,0
5321950,1,1,0,1,0,1,0,0,0,0,0
5323650,0,1,0,1,0,0,1,0,0,0,0
5324489,1,0,0,1,0,0,0,0,0,0,1
5338463,0,1,0,0,0,0,0,0,0,0,0
5352162,0,1,1,0,0,0,0,0,0,0,0
5352267,1,1,0,0,0,0,0,0,0,1,0
5352371,1,1,0,0,0,0,0,0,0,0,0
5352428,0,1,0,1,0,0,0,0,0,0,0
5352435,0,1,0,0,0,0,0,0,0,0,0
5352438,1,1,0,1,0,0,0,0,0,1,0
5352450,0,1,1,1,0,1,0,0,0,0,1
5352459,1,1,0,0,0,0,0,0,0,0,0
5352460,0,1,0,1,0,0,0,0,0,0,0
5352461,1,1,0,0,0,0,0,0,0,0,1
5352463,0,1,0,0,0,0,0,0,0,0,0
5352481,0,1,1,0,0,0,0,0,1,0,0
5352539,1,1,0,0,0,0,0,0,0,0,0
5352543,1,1,0,0,0,0,0,0,0,0,0
5352557,1,1,0,0,0,0,0,0,0,0,0
5352696,1,1,0,0,0,0,0,0,0,0,0
5352770,1,1,0,0,0,0,0,0,0,0,0
5352798,0,1,0,0,0,0,0,0,0,0,0
5352799,0,1,0,0,0,0,0,0,0,0,0
5352807,1,1,0,0,0,0,0,0,0,0,0
5352813,1,1,0,0,0,0,0,0,0,0,0
5352830,0,1,1,0,0,1,0,0,0,0,0
5352834,1,1,0,0,0,0,0,0,0,0,0
5352836,1,1,0,0,0,1,0,1,0,0,1
5352837,1,1,0,1,0,0,0,0,0,0,0
5352845,0,1,0,0,0,0,0,0,0,0,0
5352899,0,0,0,0,0,1,0,0,0,0,0
5352972,1,1,0,0,0,0,0,0,0,1,0
5352973,1,1,0,0,0,1,0,0,0,0,0
5352974,1,1,0,0,0,0,0,0,0,1,0
5352975,1,1,0,0,0,0,0,0,0,0,0
5352976,1,1,0,1,0,0,0,0,0,0,0
5353011,0,0,1,0,0,0,0,0,0,0,0
5354238,0,0,0,1,0,0,0,0,0,0,0
5354264,0,1,0,0,0,0,0,0,0,0,0
5354280,0,0,0,1,0,0,0,0,0,0,0
5354304,0,0,1,0,0,1,0,0,0,0,0
5354359,0,1,0,0,0,1,0,0,0,0,0
5354763,0,1,0,0,0,0,0,0,0,0,1
5354833,1,1,1,0,0,0,0,0,0,0,0
5354834,0,1,0,0,0,0,0,0,0,0,0
5354883,0,1,0,0,0,1,0,0,0,0,0
5354896,0,0,0,0,0,0,1,0,0,0,0
5354898,0,1,1,0,0,0,1,0,0,0,0
5354899,0,1,0,0,0,0,0,0,0,0,0
5354998,1,1,0,0,0,0,0,0,1,1,1
5355152,1,1,0,1,0,0,0,0,0,0,0
5355254,0,1,1,0,0,0,0,0,0,0,0
5355293,0,1,0,0,1,0,0,0,0,0,0
5355333,1,1,0,0,0,0,0,0,0,0,1
5355414,0,1,0,0,0,0,1,0,0,0,0
5355850,0,1,1,0,0,0,0,0,0,0,0
5355851,0,1,0,0,0,0,0,0,0,0,0
5355853,0,1,1,0,0,0,0,0,0,0,0
5355854,0,0,1,1,0,0,0,0,0,0,0
5355855,1,0,1,0,0,1,0,0,0,0,0
5355856,0,1,1,0,0,0,0,0,0,0,0
5355858,0,0,1,0,0,0,0,0,0,0,0
5355902,0,1,0,1,0,0,0,0,0,0,0
5356250,1,0,0,0,0,0,0,0,0,0,1
5356256,0,1,0,0,0,1,0,0,0,0,1
5356259,0,0,0,0,0,1,0,0,0,0,0
5356261,0,1,0,0,0,0,0,0,0,0,0
5356352,0,1,0,0,0,1,0,0,0,1,1
5356544,1,0,1,0,0,0,0,0,1,0,0
5356572,0,1,0,0,0,0,0,0,0,0,0
5356596,0,1,0,0,0,0,0,0,0,0,0
5356697,1,0,0,0,0,0,0,0,0,0,0
5356787,0,0,1,0,0,0,0,0,0,0,0
5356788,0,0,1,0,0,0,0,0,1,0,0
5356896,0,1,1,0,0,1,0,0,0,0,1
5356908,0,1,0,0,0,0,0,0,1,0,0
5356940,0,1,0,1,0,0,0,0,0,0,0
5357002,1,0,1,0,0,1,0,0,0,0,0
5357153,0,1,0,1,0,0,0,0,0,0,0
5357159,0,1,0,0,0,0,0,0,1,0,0
5357388,1,1,1,0,0,0,0,0,0,0,0
5358336,1,1,0,1,0,0,0,1,0,0,0
5358363,1,1,0,0,0,0,0,0,0,0,0
5358374,1,1,0,1,0,0,0,0,0,1,1
5362561,0,1,0,0,0,1,0,0,0,0,0
5362563,0,0,0,1,0,0,0,0,0,0,0
5362564,0,0,0,1,0,1,0,0,0,0,0
5362565,0,1,0,1,1,0,0,0,0,0,0
5362572,0,0,0,1,1,0,0,0,0,0,0
5362579,0,1,0,0,0,0,0,0,0,0,0
5362580,1,1,0,0,0,0,0,0,0,0,0
5362581,0,1,1,1,0,0,0,0,0,0,0
5362583,1,1,0,0,0,0,0,0,0,0,0
5362584,0,1,0,1,0,0,0,0,0,0,0
5362588,0,0,0,1,0,0,0,0,0,0,1
5362591,0,1,0,0,0,0,0,0,0,0,0
5362592,1,1,0,0,0,0,0,0,0,0,0
5362622,1,1,0,0,0,0,0,0,0,0,0
5362623,1,1,0,0,0,0,0,0,0,0,1
5362661,0,0,0,1,0,1,0,1,1,0,0
5362695,1,1,0,0,0,0,0,0,0,0,0
5362696,0,0,0,1,0,0,0,0,0,0,0
5362720,1,1,0,0,0,0,0,0,0,0,1
5362782,1,1,0,1,0,0,0,0,0,0,0
5362792,1,1,0,0,0,0,0,0,0,0,0
5362814,1,0,0,1,0,0,0,0,0,0,0
5362816,1,1,0,1,0,0,0,0,0,0,0
5362830,0,1,0,0,0,0,0,0,0,0,0
5362833,1,0,1,0,0,1,0,0,0,0,0
5362854,0,0,0,0,0,1,0,0,0,0,0
5362876,0,0,1,0,0,0,0,0,0,0,0
5362897,0,1,0,0,0,0,0,0,0,0,0
5363120,1,1,1,1,0,0,0,0,0,0,0
5363140,0,1,0,1,0,0,0,0,0,0,1
5363203,1,1,0,0,0,0,0,0,0,0,0
5363206,1,1,0,0,0,0,0,0,0,0,0
5363207,0,1,0,0,0,0,0,0,0,0,0
5363229,0,1,0,1,0,0,0,1,0,0,0
5363231,1,0,0,1,0,0,0,1,0,0,0
5363233,1,1,1,1,0,0,0,0,0,0,0
5363289,0,1,0,0,0,0,0,0,0,0,0
5363291,1,0,0,1,0,0,0,0,0,0,0
5363374,1,1,0,0,0,0,0,0,0,0,0
5363388,1,1,0,0,0,0,0,0,0,0,0
5363491,0,1,0,0,0,0,0,0,0,1,0
5363526,0,1,0,0,0,1,0,0,0,0,1
5363537,0,1,0,1,0,1,0,0,0,0,0
5363741,1,0,1,0,0,0,0,0,1,0,0
5363817,0,1,1,0,0,0,0,0,0,0,0
5364231,1,0,0,0,0,0,0,0,0,0,1
5364291,1,1,0,0,0,1,0,0,0,0,0
5364389,1,1,0,0,0,0,0,0,0,0,0
5364397,0,1,0,0,0,0,0,0,0,0,0
5364399,1,1,0,0,0,0,0,0,0,0,0
5364409,1,1,0,0,0,0,0,0,0,0,0
5364475,0,1,0,0,0,1,0,1,0,0,1
5364517,1,1,1,0,0,1,0,0,0,0,0
5364526,0,1,0,0,0,1,0,0,0,0,1
5364532,1,1,0,0,0,0,0,0,0,0,0
5364578,1,1,0,1,0,0,0,0,0,0,0
5364586,1,1,0,1,0,0,0,0,0,0,0
5364631,1,1,0,0,0,0,0,0,0,0,1
5364729,1,1,0,0,0,1,0,1,0,0,0
5364752,1,1,0,0,0,0,0,0,0,0,0
5364778,1,1,0,0,0,0,0,0,0,1,0
5364789,0,1,1,1,0,1,0,0,0,1,0
5364919,1,1,0,0,0,0,0,0,0,0,1
5364920,1,1,0,0,0,0,0,0,0,0,1
5364941,1,1,0,1,0,0,0,0,0,0,0
5364949,0,1,0,0,0,0,0,0,0,0,0
5364959,1,0,1,1,0,0,0,0,0,0,0
5365004,0,0,1,0,0,0,0,0,0,0,0
5365027,1,1,0,0,0,0,0,0,0,0,0
5365049,1,1,0,1,0,0,0,0,0,0,0
5365069,1,1,0,0,0,0,0,0,0,0,0
5365136,1,1,0,0,0,0,0,1,0,1,0
5365137,1,1,0,0,0,0,0,0,0,0,0
5365587,1,1,0,0,0,0,0,0,0,0,0
5365589,1,1,0,1,0,0,0,0,0,0,0
5365703,0,0,0,0,1,0,0,0,0,0,0
5365706,1,0,0,1,0,0,0,0,0,0,0
5365794,1,1,0,0,0,0,0,0,0,0,1
5365818,0,1,0,0,0,0,0,0,1,0,0
5365824,0,1,0,1,0,1,0,0,0,0,1
5365847,1,0,1,0,0,0,0,0,0,0,0
5365850,0,1,1,0,0,1,0,0,0,0,0
5365872,0,0,1,0,0,0,0,0,0,0,0
5365891,1,1,0,1,0,0,0,0,0,0,0
5365909,1,1,0,1,0,0,0,0,0,0,0
5365910,1,1,0,0,0,0,0,0,0,0,0
5365916,0,1,1,0,0,0,0,0,0,0,0
5365976,0,1,0,0,0,0,0,0,1,0,0
5365982,0,1,0,0,0,0,0,0,0,0,0
5365991,0,0,1,0,0,0,0,0,0,0,0
5365992,0,1,1,0,0,0,0,0,0,0,0
5366038,0,1,0,0,0,0,0,0,1,0,0
5366044,0,0,1,1,0,0,0,0,0,0,0
5366049,0,0,0,0,0,1,0,0,0,0,1
5366074,0,1,1,0,0,1,0,0,0,0,0
5366077,0,1,1,0,0,1,0,0,0,0,0
5366155,0,1,1,0,0,1,0,0,0,1,0
5366203,0,1,0,0,0,0,0,0,0,0,0
5366264,0,1,1,0,0,0,0,0,1,0,1
5366366,1,1,0,1,0,0,0,0,0,0,1
5366552,0,0,0,1,0,0,0,0,0,0,1
5366844,1,1,0,0,0,0,0,0,0,0,0
5366856,1,1,0,0,0,0,0,0,0,0,0
5367391,0,0,0,1,0,0,0,0,0,0,0
5367412,1,0,0,0,0,1,0,0,0,0,0
5367530,0,1,0,1,0,0,0,0,0,0,0
5367531,1,0,0,1,0,0,0,0,0,0,0
5367536,1,1,0,0,0,0,0,0,0,0,0
5367681,1,1,0,0,0,0,0,0,0,0,0
5367698,1,1,1,1,0,0,0,0,0,0,0
5367706,1,0,0,0,0,1,0,0,1,0,0
5367719,0,0,1,0,0,0,0,0,0,0,0
5367761,0,1,0,0,0,0,0,0,0,0,0
5367762,1,1,0,0,0,1,0,0,0,0,0
5367766,0,0,1,0,0,1,0,0,0,0,0
5367767,1,0,0,1,0,1,0,0,0,0,0
5367785,0,1,0,0,0,0,0,0,0,0,0
5367806,0,0,0,0,0,1,0,0,0,0,0
5367807,0,1,0,0,0,1,0,0,0,1,0
5367848,1,1,1,0,0,0,0,0,0,0,0
5367959,0,0,1,0,0,1,0,0,0,0,0
5368064,1,1,0,0,0,0,0,0,0,0,0
5368236,1,0,0,1,0,0,0,0,0,1,0
5368491,0,1,1,0,0,0,0,0,0,0,0
5368785,0,1,0,0,0,0,0,0,0,0,1
5368821,0,0,0,0,0,1,0,0,0,0,0
5368972,1,1,0,0,0,0,0,0,0,0,0
5369044,1,1,0,0,0,0,0,0,0,0,0
5369061,0,1,0,1,0,0,0,0,0,0,0
5369076,1,1,0,0,0,0,0,0,0,0,0
5369371,1,1,0,0,0,0,0,0,0,0,0
5369489,0,1,1,0,0,0,0,0,0,0,0
5370101,0,0,0,1,0,0,1,0,0,0,0
5370364,1,1,0,0,0,0,0,0,0,0,0
5370448,0,0,0,1,0,0,0,0,0,0,0
5370599,0,0,1,1,0,0,0,0,0,0,0
5370602,0,0,0,1,0,0,0,0,0,0,0
5371084,0,0,1,0,0,0,0,0,1,0,0
5371802,0,1,0,1,0,0,1,0,0,0,0
5372353,0,1,0,0,0,0,0,0,0,0,0
5373603,0,0,0,0,0,1,0,0,0,0,0
5373729,0,1,1,0,0,0,0,0,1,0,0
5374527,0,1,1,1,0,1,0,0,0,0,0
5375215,0,1,1,0,0,0,0,0,1,0,0
5375218,0,0,0,0,0,0,0,0,1,0,0
5382490,0,0,0,1,0,0,0,0,0,0,0
5383805,0,1,0,0,0,0,0,0,0,1,0
5383810,0,1,0,0,0,0,0,0,0,0,0
5385520,1,1,1,0,0,1,0,0,0,0,0
5462986,1,1,0,0,0,1,0,0,0,0,1
5463065,0,1,0,0,0,1,0,0,0,1,0
5463228,1,0,0,0,0,1,1,0,0,0,1
5463238,0,1,0,1,0,1,0,1,0,0,0
5463488,0,1,1,0,0,0,0,0,0,0,0
5463682,0,1,0,0,0,1,0,0,0,1,0
5463729,0,1,0,1,0,0,0,0,0,0,0
5463840,0,0,0,1,0,0,0,0,0,0,0
5463855,1,1,0,0,0,0,0,0,0,0,0
5463875,1,1,0,0,0,1,0,0,0,0,1
5463904,1,1,0,0,0,0,0,0,0,0,0
5463905,0,1,0,0,0,1,0,0,0,0,0
5463906,1,1,0,1,0,0,0,0,0,0,0
5463908,0,1,1,0,0,0,0,0,0,0,0
5463909,1,0,1,0,0,0,0,0,1,0,1
5463910,1,1,1,1,0,0,0,0,0,0,1
5463911,0,0,1,0,0,0,0,0,0,0,0
5463914,0,1,0,1,0,0,0,0,0,0,0
5463933,0,1,0,0,0,0,0,0,0,0,0
5463936,0,0,0,0,0,0,0,0,0,1,0
5463954,0,0,0,1,0,0,0,0,0,0,0
5463962,1,1,0,1,0,0,0,0,0,0,0
5464156,0,1,1,0,0,1,0,0,0,0,0
5702619,1,1,0,0,0,1,0,1,0,0,0
5702654,0,1,0,0,0,0,0,0,0,0,1
5743410,0,0,0,1,0,0,0,0,0,0,0
5744267,1,0,0,0,0,1,0,0,0,0,1
5797328,0,1,0,0,0,0,0,0,1,0,0
5803450,0,0,0,1,0,0,0,0,0,0,0
5832948,0,1,0,0,0,0,0,0,1,0,0
5875676,1,0,1,0,0,0,0,0,0,0,0
5956805,0,1,0,1,0,0,0,0,0,0,0
5980396,0,0,1,0,0,1,0,0,0,0,0
6005821,1,0,1,0,0,0,0,0,0,0,0
6008212,0,1,0,0,0,0,0,0,0,0,0
6017272,0,0,0,0,0,0,1,0,0,0,0
6019677,1,1,1,0,0,0,0,0,0,0,0
6021887,1,0,1,0,0,0,0,0,1,0,0
6086514,0,1,1,0,0,0,0,0,0,0,0
6112709,1,1,0,0,0,0,0,0,0,0,1
6114390,0,0,0,1,0,0,0,0,0,0,0
6278424,0,1,0,0,0,1,0,0,0,0,1
6284401,0,0,0,0,0,0,1,0,0,0,0
6306732,1,1,0,0,0,0,0,0,0,0,0
6328581,0,1,0,1,0,0,0,0,0,1,0
6365451,1,1,0,0,0,0,0,0,0,0,0
6365696,0,1,1,0,0,1,0,0,0,0,0
6365752,1,1,0,0,0,0,0,0,0,0,0
6365761,1,0,0,1,0,0,0,0,0,0,0
6365780,1,1,0,0,0,0,0,0,0,0,0
6365957,1,1,0,0,0,0,0,1,0,0,0
6366072,1,1,0,0,0,0,0,0,0,0,0
6366077,1,1,0,0,0,0,0,0,0,0,0
6366078,1,1,0,1,0,0,0,1,0,0,0
6366079,1,1,0,0,0,0,0,0,0,0,1
6366381,1,1,0,0,0,0,0,0,0,0,0
6366446,0,1,0,0,0,0,0,0,0,0,0
6386037,1,0,1,0,0,0,0,0,0,0,0
6421281,0,0,0,0,0,0,0,0,0,0,1
6428088,0,1,0,0,0,0,0,0,0,0,0
6428442,0,1,0,0,0,1,0,0,0,0,0
6428546,0,0,0,1,0,0,0,0,0,0,0
6428782,1,1,0,0,0,0,0,0,0,0,1
6428802,0,0,0,1,0,0,0,1,0,0,0
6428936,0,0,0,1,0,0,0,0,0,0,0
6428969,0,1,0,0,0,1,0,0,1,0,0
6428990,0,0,0,1,0,0,0,0,0,0,0
6429059,0,0,0,1,0,0,0,0,0,0,0
6429310,0,0,0,1,0,0,0,0,0,0,0
6429325,1,1,0,0,0,0,0,0,0,0,1
6429333,0,0,1,1,0,0,0,0,0,0,0
6429690,0,0,0,0,0,1,0,0,0,0,0
6429709,0,0,0,1,0,0,0,0,0,0,0
6429937,0,0,0,1,0,0,0,0,0,0,0
6430162,0,1,0,0,0,0,0,0,0,0,0
6430166,0,1,0,0,0,0,0,0,0,0,0
6430169,0,1,0,0,0,0,0,0,0,0,0
6430180,0,1,0,0,0,0,0,0,0,0,0
6430188,0,1,0,0,0,0,0,0,0,0,1
6430804,0,1,1,0,0,1,0,0,0,1,0
6430805,0,1,1,0,0,1,0,0,0,0,0
6430892,1,0,0,1,0,0,0,0,0,0,0
6431042,1,0,0,0,0,0,0,0,0,0,0
6431148,0,1,0,0,0,0,0,0,0,0,0
6432923,0,1,0,0,0,0,0,0,0,0,0
6433150,0,1,1,0,0,0,0,0,0,0,0
6433214,0,0,0,1,0,0,0,0,0,0,0
6433322,1,0,1,0,0,1,0,0,0,0,0
6433417,1,1,0,0,0,1,0,1,0,1,0
6433507,0,1,1,0,0,0,0,0,0,0,0
6433715,1,1,0,1,0,0,0,0,0,0,0
6433790,0,1,1,0,0,0,0,0,0,0,0
6434067,1,1,0,1,0,0,0,0,0,0,0
6434513,0,0,0,0,0,0,0,0,1,0,1
6434541,0,0,0,0,0,0,0,0,0,0,1
6434621,1,1,0,0,0,0,0,0,0,0,0
6434672,0,1,1,0,0,0,0,0,0,0,1
6435033,1,1,0,1,0,1,0,0,0,0,0
6435821,0,1,0,1,0,0,0,0,0,0,0
6435823,0,1,1,0,0,0,0,0,0,0,0
6435824,0,1,0,0,0,0,0,0,0,1,0
6435825,0,1,0,1,0,0,0,0,0,0,0
6435826,0,1,0,1,0,0,0,0,0,0,0
6435828,0,0,0,0,0,0,1,0,0,0,0
6435833,0,1,0,0,0,0,0,0,0,0,0
6435834,1,0,1,1,0,1,0,0,0,0,0
6435835,0,1,1,0,0,1,0,0,0,0,0
6435837,0,1,0,0,0,0,0,0,0,0,0
6435838,1,0,0,1,0,0,0,0,0,0,0
6435839,1,0,1,0,0,0,0,1,0,0,0
6435841,0,0,1,0,0,1,0,0,0,0,0
6435861,1,1,0,0,0,0,0,0,0,0,0
6435866,0,1,0,1,0,0,0,0,0,0,0
6435868,1,1,0,1,0,1,0,0,0,0,0
6435869,1,1,0,0,0,0,0,0,0,0,1
6435882,1,1,1,1,0,0,0,0,0,0,0
6435903,1,0,0,0,0,0,0,0,0,1,0
6435914,0,0,1,0,0,0,0,0,0,0,0
6435925,0,0,0,1,0,0,0,0,0,0,0
6436311,0,1,0,0,0,0,0,0,0,1,0
6436336,0,1,0,0,0,0,0,0,0,0,0
6436368,1,1,0,0,0,0,0,0,0,0,1
6436374,0,0,1,1,0,0,0,0,0,0,0
6436439,0,1,1,0,0,0,0,0,0,0,0
6436486,1,1,0,0,0,0,0,0,0,0,0
6436488,0,1,0,1,0,0,0,0,0,0,0
6436491,0,0,0,1,0,0,0,0,0,0,0
6436502,1,1,0,0,0,0,0,0,0,0,0
6436582,0,0,0,0,0,1,0,0,1,0,0
6436647,1,1,0,0,0,0,0,0,0,0,0
6436679,1,1,0,0,0,0,0,0,0,0,0
6436703,0,0,1,0,0,0,0,0,1,0,0
6436989,0,0,1,0,0,0,0,0,0,0,1
6436990,1,1,0,0,0,0,0,0,0,0,0
6437002,0,1,1,1,0,0,0,0,0,0,0
6437112,1,0,1,0,0,0,0,0,0,0,0
6437114,1,1,1,0,0,0,0,0,0,0,1
6437137,1,1,0,0,0,0,0,0,0,0,0
6437163,0,1,1,0,0,0,0,0,0,0,0
6437266,0,0,0,0,1,0,0,0,0,0,0
6437267,0,1,1,0,0,1,0,0,0,0,0
6437294,0,1,1,1,0,0,0,0,0,0,0
6437300,0,1,0,0,0,1,0,0,0,0,0
6437428,0,1,0,0,0,0,0,0,0,0,1
6437441,0,1,0,0,0,1,0,0,0,0,0
6437467,0,1,0,0,0,0,0,0,1,0,0
6437473,0,0,0,0,0,0,0,0,0,0,1
6437578,0,1,0,0,0,0,0,0,0,0,0
6437599,0,1,0,0,0,1,0,0,1,0,0
6437648,0,1,1,0,0,0,0,0,0,0,0
6437735,0,0,1,0,0,1,0,0,0,0,0
6437805,0,0,0,0,0,1,0,0,0,1,0
6438067,0,1,1,0,0,0,0,0,0,0,0
6438070,0,1,1,1,0,0,0,0,0,0,0
6438200,0,1,0,0,0,0,0,0,0,0,0
6438203,1,1,0,0,0,0,0,0,0,0,0
6438319,0,1,1,0,0,0,0,0,0,0,0
6441593,0,1,0,0,0,0,0,0,0,0,1
6450204,0,0,1,1,0,0,0,0,0,0,0
6450462,1,1,0,0,0,0,0,0,0,0,0
6450832,1,1,1,0,0,0,0,1,1,1,0
6452201,0,1,1,0,0,0,0,0,0,0,0
6455146,0,0,0,1,0,0,0,0,0,0,0
6455283,1,1,0,0,0,0,0,0,0,0,0
6536892,0,1,1,0,0,0,0,0,0,0,1
6537958,0,0,0,1,0,0,0,0,0,0,0
6538156,0,0,1,0,0,0,0,0,0,0,1
6540477,0,0,0,1,0,0,0,0,0,0,0
6914062,1,1,0,1,0,0,0,0,0,0,0
6931726,1,1,0,1,0,0,0,0,0,0,0
6951519,0,1,0,0,0,0,0,0,0,0,0
6992244,0,1,0,1,0,0,0,0,0,0,0
6997333,0,0,0,1,0,0,0,0,0,0,0
6997340,0,0,0,1,0,0,0,0,0,0,0
6997350,0,0,0,1,0,0,0,0,0,0,0
6999038,1,0,0,1,0,0,0,0,1,0,0
6999858,0,1,0,1,0,0,0,0,0,0,0
6999928,0,0,0,1,0,0,0,0,0,0,0
7017232,0,1,1,0,0,0,0,0,1,0,0
7019646,0,1,0,1,0,0,0,0,0,0,0
7022165,0,0,0,1,0,1,0,0,0,0,0
7365222,0,0,0,1,0,0,0,1,0,0,0
7458634,1,0,0,1,0,0,0,0,0,0,0
9815597,1,1,0,0,0,0,0,0,0,1,0
9882013,0,0,0,1,0,0,0,0,0,0,0
10131025,0,0,0,1,0,0,0,0,0,0,0
10441848,0,1,0,1,0,0,0,0,0,0,0
10582821,0,1,0,1,0,0,0,0,0,0,0
10608036,0,1,0,1,0,0,0,0,0,0,0
10796756,0,0,0,1,0,0,0,0,0,0,0
10867491,0,1,0,0,0,0,0,0,0,0,0
10942622,0,0,0,1,0,0,0,0,0,0,0
11008317,0,1,0,1,0,0,0,0,0,0,0
11030188,0,0,0,0,0,0,0,0,0,0,1
11094611,0,0,0,1,0,0,0,0,0,0,0
11106485,0,0,0,0,0,0,0,0,1,0,0
11137872,0,1,0,0,0,0,0,0,0,0,0
11263567,0,1,1,1,0,0,0,0,0,0,0
11286864,1,0,0,1,0,0,0,0,0,0,0
11332546,0,1,0,0,0,0,0,0,0,0,0
11344071,1,1,0,0,0,1,0,0,0,0,0
11378520,1,1,0,0,0,0,0,0,0,0,0
11423867,0,0,0,1,0,0,0,0,0,0,0
11629741,0,1,0,0,0,1,0,0,0,0,0
11788920,0,0,0,1,0,0,0,0,0,0,0
11790917,0,0,0,1,0,0,0,0,0,0,0
11830590,0,1,0,0,0,0,0,0,0,0,0
11967982,0,0,0,0,0,1,0,0,0,0,0
11969488,0,1,1,1,0,0,0,0,0,0,0
11970548,1,0,1,0,0,1,0,0,0,0,0
11971259,0,1,0,1,0,0,0,0,0,0,0
12009861,1,1,0,0,0,0,0,0,0,0,0
12244492,1,1,0,1,0,0,0,0,0,0,0
12255414,1,1,0,0,0,0,0,0,0,0,0
12284668,0,1,0,0,0,0,0,0,0,0,0
12481804,0,0,0,1,0,0,0,0,0,0,0
12613663,1,0,0,1,0,0,0,0,0,1,1
12651581,1,0,0,1,0,0,0,0,0,1,1
12711594,0,0,0,1,0,0,0,0,0,0,0
12731072,1,1,0,1,0,0,0,0,0,0,1
12738086,0,0,1,0,0,1,0,0,0,0,0
12809178,0,1,1,0,0,0,0,0,0,0,0
12872111,0,0,0,1,0,0,0,0,0,0,0
12936743,1,0,0,1,0,0,0,0,0,0,0
12943526,0,0,0,1,0,0,0,0,0,0,0
12978217,0,1,1,0,0,0,0,0,0,0,0
13097902,0,1,0,0,0,0,0,0,0,0,0
13140453,0,1,0,0,0,0,0,0,0,0,0
13179210,0,1,0,0,0,0,0,0,0,0,0
13182665,1,1,0,0,0,0,0,0,0,0,0
13183557,0,0,1,1,0,0,0,0,0,0,0
13192443,1,0,0,0,0,1,0,0,0,0,0
13227122,0,1,0,0,0,0,0,0,0,0,1
13244981,1,1,0,1,0,1,0,1,0,0,0
13250020,0,0,1,0,1,0,0,0,0,0,0
13327048,0,1,0,0,0,0,0,0,0,0,0
13353282,0,0,0,1,0,0,0,0,0,0,0
13406641,1,1,0,1,0,1,0,0,0,0,0
13447131,0,0,0,1,0,0,0,0,0,0,0
13468584,0,1,0,0,0,0,0,0,0,0,0
13501357,1,1,0,1,0,1,0,0,0,0,0
13614902,1,0,0,1,0,0,0,0,0,0,0
13694693,0,1,0,0,0,0,0,0,0,0,0
13716562,0,1,0,1,0,0,0,0,0,0,0
13774146,1,1,0,0,0,0,0,0,0,0,1
13940628,1,1,0,0,0,0,0,0,0,0,1
13965455,0,1,0,0,0,0,0,0,0,0,0
14116469,0,1,0,1,0,0,0,0,0,0,0
14181799,0,1,0,1,0,0,0,0,0,0,0
14181805,1,1,0,0,0,0,0,0,0,0,0
14249069,0,0,0,1,0,0,0,0,0,0,0
14249070,0,1,0,1,0,0,0,0,0,0,0
14297102,1,1,0,0,0,0,0,0,0,0,0
14400165,1,1,0,0,0,0,0,0,0,0,1
14614417,0,1,1,0,0,0,0,0,0,0,0
14701079,1,0,0,0,0,0,0,0,0,0,0
14745448,0,1,0,1,0,0,0,0,0,1,0
14790534,0,1,0,1,0,0,0,0,0,1,1
14952082,0,1,0,1,0,0,0,0,0,0,0
15141631,0,1,1,0,0,0,0,0,0,0,0
15210716,0,1,0,1,0,0,0,0,0,0,0
15225386,0,1,0,1,0,0,0,1,0,0,0
15289599,0,1,0,1,0,0,0,0,0,0,0
15540144,0,0,0,1,0,0,0,0,0,0,0
15662052,0,0,0,1,0,0,0,0,0,0,0
15667721,0,0,0,1,0,0,0,0,0,0,0
15743318,0,0,0,1,0,0,0,0,0,0,0
16204499,1,0,0,1,0,0,0,0,0,0,0
16204529,0,1,1,0,0,0,0,0,0,0,0
16204532,1,0,0,1,0,0,0,1,0,0,0
16205756,0,1,0,0,0,1,0,0,0,0,0
16205802,0,1,0,1,0,0,0,0,0,0,0
16205868,0,1,0,0,0,1,0,0,0,0,0
16664423,0,0,0,1,0,0,0,0,0,0,0
17822157,0,1,0,1,0,0,0,0,0,0,0
17867063,0,1,0,0,0,1,1,0,0,0,0
17977981,0,0,0,1,0,0,0,0,0,0,1
18363691,1,0,1,0,0,0,0,0,0,0,0
18539813,1,1,0,1,0,1,0,0,0,0,0
18539818,0,1,0,1,0,1,0,0,0,0,0
18696447,0,1,0,0,0,0,0,0,0,0,0
18718393,0,1,0,1,0,0,0,0,0,1,0
18728909,0,1,0,0,0,0,0,0,0,0,0
18757749,0,1,0,0,0,1,0,0,0,1,0
19022215,0,1,0,0,0,0,0,0,0,0,0
19425778,0,1,0,1,0,0,0,0,0,0,0
19737259,0,1,0,0,0,0,0,0,0,0,0
19820742,0,1,0,1,0,0,0,0,0,0,0
19857768,0,0,1,0,0,0,0,0,0,0,0
19876973,1,1,0,0,0,0,0,0,0,0,0
19963983,1,0,0,1,0,0,0,0,0,1,1
19964035,1,0,0,0,0,0,0,0,0,1,1
19964037,0,0,0,0,0,0,0,0,0,1,1
19989124,1,1,0,1,0,0,0,0,0,0,0
20224800,1,1,1,0,0,0,0,0,0,0,1
20332432,0,0,0,1,0,1,0,0,0,0,0
20442793,0,0,0,1,0,0,0,0,0,0,0
20560364,0,1,0,0,0,0,0,0,0,0,0
20981461,1,0,0,0,0,1,0,0,0,0,0
21186827,0,0,0,1,0,0,0,0,0,0,0
21263168,0,0,1,0,0,0,0,0,0,0,0
21304742,1,1,0,1,0,0,0,0,0,0,0
21545434,1,0,0,1,0,0,0,0,0,0,0
21546135,0,0,0,1,0,0,0,0,0,0,0
21660211,0,1,0,1,0,0,0,1,0,0,0
21773712,0,0,0,1,0,0,0,0,0,0,0
21856063,0,0,0,0,0,1,0,0,0,0,1
21885377,0,0,0,1,0,0,0,0,0,0,0
21932488,0,1,1,0,0,0,0,0,1,0,0
21940939,0,0,0,1,0,0,0,0,0,0,0
21972054,0,1,0,0,0,1,0,1,1,0,0
21999737,0,0,0,1,0,1,0,0,0,0,0
22011445,1,0,0,1,0,0,0,0,0,1,0
22011447,1,1,0,0,0,0,0,0,0,1,0
22034852,0,1,0,0,0,0,0,0,0,0,0
22034999,1,1,0,0,0,0,0,0,0,0,0
22150015,1,0,0,1,0,0,0,1,0,0,0
22169177,0,1,0,0,0,1,0,0,0,1,0
22182802,0,0,0,0,0,0,0,0,0,0,1
22182954,1,1,0,0,0,0,0,0,0,0,0
22251515,0,1,0,1,0,0,0,0,0,0,0
22321042,1,1,0,0,0,1,0,0,0,0,0
22472261,0,0,0,1,0,0,0,0,0,0,1
22507249,0,1,0,1,0,0,0,1,0,0,0
22757845,1,1,1,0,0,0,0,0,1,0,0
22928293,0,0,0,1,0,0,0,0,0,0,1
22952976,1,0,0,1,0,0,0,0,0,0,0
22973762,0,1,0,0,0,0,0,0,0,0,0
23037164,1,0,1,1,0,0,0,0,0,0,0
23341028,0,1,0,0,0,0,0,0,0,0,0
23383487,1,0,0,1,0,0,0,0,0,0,0
23572848,0,0,0,1,0,0,0,1,0,0,0
24727453,0,1,0,0,0,0,0,0,0,0,0
24832089,0,0,0,1,0,0,0,0,0,0,0
36689269,0,1,1,0,0,0,0,0,0,0,1
42635449,0,1,0,1,0,0,0,0,0,0,0
44443281,1,1,0,0,0,0,0,0,0,1,0
44630408,1,1,0,1,0,0,0,0,0,0,0
45108274,0,0,0,1,0,0,0,0,0,0,0
45121670,0,0,0,1,0,0,0,0,0,0,0
46195362,0,0,0,1,0,0,0,0,0,0,0
46779102,0,1,0,1,0,0,0,0,0,0,0
46779104,1,0,0,1,0,0,0,0,0,0,0
46941523,0,0,0,1,0,0,0,0,0,0,0
51979789,0,1,0,0,0,0,0,0,0,0,0
53230316,0,0,0,1,0,0,0,0,0,0,0
53401860,1,1,0,0,0,0,0,0,0,0,0
53421444,1,0,0,1,0,0,0,0,0,1,0
53422435,1,0,0,1,0,0,0,0,0,1,1
53422437,1,0,0,1,0,0,0,0,0,1,1
53422438,1,0,0,1,0,0,0,0,0,1,1
53422473,1,1,0,0,0,0,0,0,0,1,1
53423848,1,0,0,1,0,0,0,0,0,0,0
53423849,0,0,0,1,0,0,0,0,0,0,0
53424309,0,1,0,0,0,0,0,0,0,0,1
53424389,0,0,0,1,0,0,0,1,0,0,0
53425122,0,0,0,1,0,0,0,0,0,0,0
53425775,0,1,0,1,0,0,0,0,0,0,0
53427914,1,0,0,1,0,0,0,0,0,1,1
53427962,1,0,0,1,0,0,0,0,0,1,1
53428090,1,0,0,1,0,0,0,0,0,1,1
53428112,1,0,0,1,0,0,0,0,0,1,1
53428150,1,0,0,1,0,0,0,0,0,1,1
53428151,1,0,0,0,0,0,0,0,0,1,1
53436964,0,0,0,1,0,0,0,0,0,0,0
53438915,1,0,0,0,0,0,0,0,0,0,0
53445325,1,1,1,0,0,1,0,1,0,0,0
53471898,1,1,0,1,0,0,0,0,0,0,0
53649670,1,0,0,0,0,1,0,0,1,0,0
53680649,1,1,0,0,0,0,0,0,0,0,0
53683233,1,0,0,0,0,1,0,0,0,0,0
53689298,0,1,0,0,0,1,1,0,0,0,0
53763665,0,1,0,0,0,0,0,0,0,0,0
53830717,0,0,0,1,0,0,0,0,0,0,0
53859205,1,1,0,1,0,0,0,0,0,0,0
53930276,1,1,0,0,0,0,0,1,1,0,0
53953985,0,0,1,1,0,0,0,0,0,0,0
53959463,0,0,1,0,0,0,0,0,0,1,0
54034681,1,1,0,0,0,0,0,0,0,0,0
54142174,1,1,0,0,0,0,0,0,0,0,0
54155447,1,1,0,0,0,0,0,0,0,0,1
54239805,1,1,0,0,0,0,0,0,0,1,1
54383830,0,1,0,0,0,0,0,0,0,0,1
54395009,0,0,0,1,0,0,0,0,0,0,0
54449870,1,1,0,0,0,0,0,0,0,0,1
54531251,1,1,0,0,0,0,0,0,0,0,0
55253565,0,1,0,0,0,0,0,0,0,0,0
55295883,0,0,0,1,0,0,0,0,0,0,0
56618482,0,0,0,0,0,0,1,0,0,0,0
56843050,0,0,0,1,0,0,0,0,0,0,0
57250522,1,0,0,1,0,0,0,1,0,0,0
57347853,1,0,0,1,0,0,0,0,0,1,1
57347944,1,0,0,1,0,0,0,0,0,1,0
57349573,0,0,0,0,0,1,0,0,0,0,0
57353225,0,0,1,0,0,0,0,0,0,0,0
57355543,1,1,0,0,0,0,0,0,0,1,0
57357659,1,0,0,1,0,0,0,0,0,0,0
57370186,0,1,0,0,0,0,0,0,0,0,0
57371062,1,1,0,0,0,1,0,0,0,1,0
57458171,0,1,0,0,0,1,0,0,0,1,0
57509241,1,1,0,1,0,0,0,0,0,0,0
58105461,0,1,0,0,0,0,0,0,0,0,0
58165301,0,1,0,1,0,0,0,0,0,0,0
59744161,1,1,0,1,0,0,0,0,0,0,0
59912546,1,1,0,0,0,0,0,0,0,1,0
62692338,0,1,0,1,0,0,0,0,0,0,0
65130002,0,1,1,0,0,0,0,0,0,0,0
66026407,1,0,0,0,0,1,0,0,1,0,0
66930827,0,1,1,0,0,0,0,0,0,0,0
66963592,0,1,0,0,0,0,0,0,0,0,0
67253664,0,0,1,0,0,1,0,0,0,0,0
67531795,0,1,1,0,0,0,0,0,0,0,0
67890804,0,1,0,0,0,1,0,0,1,0,0
68031543,1,0,0,1,0,0,0,1,0,0,0
68411792,0,1,0,0,0,1,0,0,0,0,0
68968644,0,1,0,1,0,0,0,0,0,0,0
68968648,1,1,0,1,0,0,0,0,0,0,0
70418333,1,1,0,0,0,0,0,0,0,1,0
71349956,0,1,0,0,0,0,0,0,0,0,0
71355598,0,1,0,0,0,1,0,0,0,0,1
71356951,0,1,0,0,0,0,0,0,0,0,0
71364274,0,0,0,0,0,0,0,0,0,1,0
71366249,1,0,0,1,0,0,0,0,0,0,0
71397942,1,0,0,1,0,1,0,0,0,0,0
71406239,0,0,0,1,0,0,0,1,1,0,0
71407321,1,1,0,0,0,0,0,0,0,0,0
71468629,0,0,0,1,0,0,0,0,0,0,0
71586960,1,1,0,0,0,0,0,0,0,0,1
71587144,0,0,0,1,0,0,0,0,0,0,0
71587152,0,0,0,0,0,1,0,0,0,0,0
71587306,1,1,0,0,0,0,0,0,0,0,1
71587372,0,1,0,1,0,0,0,0,0,0,0
71587376,0,0,0,1,0,1,0,0,0,0,0
71587434,0,0,0,1,0,0,0,0,0,0,0
71587572,0,1,0,0,0,0,0,0,0,0,0
71587638,1,1,0,0,0,0,0,0,0,0,1
71587678,0,0,0,1,0,0,0,0,0,0,0
71587703,0,0,0,1,0,0,0,0,0,0,0
71587815,1,1,0,0,0,0,0,0,0,0,0
73456809,0,0,0,1,0,0,0,0,0,0,0
73555259,0,0,0,0,0,0,0,0,1,0,0
73604801,1,0,0,0,0,1,0,0,0,0,0
73811382,0,0,0,1,0,0,0,0,0,0,0
74934545,0,0,1,0,0,0,0,0,0,0,0
75987722,0,1,1,0,0,0,0,0,0,0,0
76852387,0,0,0,1,0,0,0,1,0,0,0
78067165,0,1,0,0,0,1,0,0,0,0,0
78122470,0,0,0,1,0,0,0,0,0,0,0
83043387,0,1,0,0,0,0,0,0,0,0,0
85377469,0,0,1,0,0,1,0,0,0,0,0
85423699,0,1,0,1,0,0,0,0,0,0,0
85431481,1,1,1,0,0,0,1,0,0,0,0
85438801,0,0,1,0,0,0,0,0,0,0,0
85445514,1,1,0,0,0,0,0,0,0,0,1
85517881,0,1,0,0,0,0,0,0,0,0,0
85644846,1,1,0,0,0,0,0,0,0,0,1
86194442,0,1,0,0,0,0,0,0,0,1,0
86250565,0,1,0,1,0,0,0,0,0,1,0
86258204,0,1,0,1,0,0,0,0,0,0,0
86278356,1,0,0,1,0,0,0,0,0,1,0
86280216,1,0,1,0,0,1,0,0,0,0,0
87287812,1,1,0,0,0,0,0,0,0,0,0
87734154,0,1,0,1,0,0,0,0,0,0,0
87786474,0,0,0,1,0,0,0,0,0,0,0
87985826,0,1,0,0,0,0,0,0,0,0,0
87986756,1,1,1,0,0,0,0,0,0,0,0
88090815,0,1,0,1,0,1,0,0,0,0,0
88168807,0,1,0,0,0,1,0,0,0,0,0
88326924,0,0,0,1,0,0,0,0,0,0,0
88572921,0,1,0,0,0,0,0,0,0,0,0
88706933,0,1,0,1,0,0,0,0,0,0,0
89610154,1,0,0,1,0,0,0,0,0,0,0
89886495,0,1,1,0,0,0,0,0,0,0,0
90476041,1,0,0,1,0,0,0,0,0,1,1
91300039,1,1,0,0,0,0,0,0,0,0,0
91753512,1,1,0,0,0,0,0,0,0,0,0
101292526,1,1,1,0,0,0,0,0,0,0,1
101297869,0,1,0,0,0,0,0,0,0,0,0
101588415,1,0,0,1,0,0,0,0,0,1,1
101599349,1,1,0,0,0,0,0,0,0,1,0
101635002,0,1,0,0,0,1,0,0,0,0,0
101653893,0,1,0,0,0,0,0,0,0,0,0
101821981,0,1,0,0,0,0,0,0,0,0,0
101834900,1,1,0,0,0,0,0,0,0,1,0
101834902,1,1,0,0,0,0,0,0,0,0,0
101834904,1,0,0,1,0,0,0,0,0,1,0
101950342,1,0,1,0,0,0,0,0,0,0,0
102283665,1,1,0,0,0,0,0,0,0,0,0
118655907,0,0,0,0,0,0,0,1,0,0,0
119096297,0,0,0,1,0,0,0,0,0,0,0
122423558,0,1,0,1,0,0,0,0,0,0,0
122423559,0,0,0,1,0,0,0,0,0,0,0
122683344,0,1,0,1,0,0,0,0,0,0,0
122715604,0,1,0,1,0,0,0,0,0,0,0
123385408,1,1,0,0,0,0,0,0,0,0,0
124155855,0,1,0,1,0,0,0,0,0,0,0
126696534,0,0,0,1,0,0,0,0,0,0,0
129700071,0,0,0,1,0,0,0,0,0,0,0
129702099,0,1,0,0,0,0,0,0,0,0,0
129717465,1,0,0,0,0,0,0,0,0,0,0
129806554,0,1,0,0,0,1,0,0,0,0,0
129821760,1,1,0,0,0,0,0,0,0,0,0
129847813,0,0,0,0,0,1,0,0,0,0,0
129864017,1,0,1,0,0,0,0,0,0,0,0
129968705,0,0,0,1,0,0,0,0,0,0,0
139559011,0,0,0,1,0,0,0,0,0,0,0
140029897,0,1,0,0,0,0,0,0,0,0,0
140045938,1,1,0,1,0,0,0,0,0,0,0
140045942,1,0,0,1,0,0,0,0,0,1,1
140045945,1,0,0,1,0,0,0,0,0,1,1
140045950,0,1,0,0,0,0,0,0,0,0,0
140045951,0,1,0,1,0,0,0,0,0,0,0
140045955,0,1,0,0,0,0,0,0,0,0,0
140045960,1,0,0,1,0,0,0,0,0,1,0
140045973,1,1,0,0,0,0,0,0,0,1,0
140045980,1,0,0,0,0,0,0,0,0,0,0
140760926,0,1,0,1,0,0,0,0,0,0,0
141217835,0,0,0,1,0,0,0,0,0,0,0
142762796,0,0,0,1,0,0,0,0,0,0,0
142775203,0,1,0,1,0,0,0,0,0,0,0
146677681,1,0,0,1,0,0,0,0,0,1,1
146679225,1,0,0,1,0,0,0,0,0,1,1
146679297,1,0,0,1,0,0,0,0,0,1,0
148244304,0,1,0,1,0,0,0,0,0,1,0
148244548,1,1,0,0,0,0,0,0,0,0,0
148547519,1,1,0,0,0,0,0,0,0,0,0
149252478,0,1,0,1,0,0,0,0,0,1,0
150030476,1,1,0,0,0,0,0,0,0,0,0
150356494,0,1,0,1,0,0,0,0,0,0,0
151211444,0,0,0,1,0,0,0,0,0,0,0
151986522,1,1,0,0,0,0,0,0,0,1,0
153303552,0,1,0,0,0,0,0,0,0,0,0
154236401,1,1,0,1,0,0,0,0,0,0,0
154241350,1,0,0,1,0,0,0,0,0,0,0
155323379,0,0,0,1,0,0,0,0,0,0,0
158699780,0,1,0,1,0,0,0,0,0,0,0
161504856,1,1,0,0,0,0,0,0,0,0,0
162353069,1,1,0,1,0,0,0,0,0,0,0
