CID,cluster_0,cluster_1,cluster_2,cluster_3,cluster_4,cluster_5,cluster_6,cluster_7,cluster_8
4,0,0,0,0,0,1,0,0,0
58,0,0,1,0,0,0,0,0,1
98,0,1,0,0,0,1,0,0,0
101,0,0,1,0,0,0,0,0,1
107,0,0,1,0,0,0,0,1,0
125,0,0,1,0,1,1,0,0,1
126,0,0,0,0,0,1,0,1,1
129,0,1,0,0,1,1,0,0,0
135,0,0,0,0,0,1,0,0,0
176,0,0,0,0,0,1,0,0,1
177,0,0,0,0,0,1,0,0,0
179,0,0,0,0,0,0,0,0,1
180,0,0,0,0,0,0,0,0,1
196,0,0,0,0,0,1,0,0,0
205,0,0,1,0,0,0,0,0,0
240,0,0,0,0,0,0,0,0,1
243,0,0,0,0,0,0,0,1,0
244,0,0,1,0,1,0,0,0,1
261,0,0,0,1,1,1,0,0,0
263,1,0,0,0,0,1,0,0,1
264,0,1,0,0,0,0,0,0,1
284,0,0,0,0,0,1,0,0,0
289,0,0,0,0,0,1,0,0,1
311,0,0,0,0,0,1,0,0,0
325,0,1,0,0,0,0,0,1,0
326,0,0,0,1,0,1,0,0,0
332,0,0,1,0,0,0,0,1,1
335,0,0,0,0,0,0,0,0,1
342,0,0,0,0,0,1,0,0,1
356,0,0,0,0,0,0,0,0,1
379,0,0,0,0,0,0,0,0,1
441,0,1,0,0,1,0,0,0,0
453,0,0,0,0,0,1,0,0,0
454,0,0,0,0,1,0,0,0,0
460,0,0,1,0,0,0,0,0,1
473,0,1,0,0,0,0,0,0,0
525,0,0,0,0,0,1,0,0,0
527,0,0,0,1,0,0,0,0,0
563,1,1,0,1,1,1,0,0,0
594,0,0,0,0,0,1,0,0,0
611,0,0,0,0,0,1,0,0,0
612,0,0,0,0,0,0,0,0,1
650,0,0,0,0,0,0,0,0,1
660,0,0,1,0,0,1,0,0,1
670,0,0,1,0,1,0,0,0,0
674,0,0,0,0,0,1,0,0,0
701,1,0,0,1,1,0,0,0,0
702,1,0,1,0,0,1,0,0,0
757,0,0,0,0,0,1,0,0,0
798,0,1,0,0,0,0,1,0,1
857,0,0,0,0,0,1,0,0,0
875,0,0,0,0,0,1,0,0,0
876,0,1,0,0,0,0,0,0,0
878,0,0,0,0,0,1,0,0,0
880,0,0,0,0,0,1,0,0,1
931,0,0,0,0,0,0,0,0,1
957,0,0,1,0,0,0,0,1,1
964,0,0,0,0,0,1,0,0,1
984,0,0,0,0,0,0,0,0,1
985,0,0,0,0,0,1,0,0,0
989,0,0,1,0,0,1,0,0,1
994,0,0,0,0,0,1,0,0,0
996,0,0,0,0,0,0,0,0,1
997,0,0,0,0,0,1,0,0,1
998,0,0,0,1,0,0,1,1,1
999,0,0,1,0,0,0,0,0,1
1001,0,0,0,0,0,1,0,0,0
1017,0,0,0,0,0,0,0,0,1
1030,0,0,0,0,0,1,0,0,0
1031,0,1,1,0,0,1,0,0,0
1032,0,0,0,0,0,1,0,0,1
1049,0,0,0,0,0,1,0,0,0
1060,0,0,0,0,0,1,0,0,1
1068,0,0,0,0,0,1,0,0,0
1110,0,0,0,0,0,1,0,0,0
1127,0,1,0,0,0,1,0,0,0
1133,0,1,0,0,0,0,0,0,0
1136,0,0,0,0,0,1,0,0,0
1145,0,0,0,0,0,1,0,0,0
1146,0,0,0,0,0,1,0,0,0
1182,0,0,0,0,0,1,0,0,0
1183,0,0,0,0,0,0,0,0,1
1254,0,0,0,0,0,1,0,0,1
1491,0,0,0,0,0,1,0,0,0
1567,0,0,0,0,0,1,0,0,0
2214,0,0,1,0,0,0,0,0,0
2266,0,0,0,0,0,1,0,0,0
2345,0,0,1,0,1,0,0,1,0
2346,0,0,0,0,0,1,0,0,0
2519,0,0,0,0,0,1,0,0,0
2537,0,0,0,0,0,0,0,0,1
2682,0,0,0,0,0,1,0,0,0
2758,0,0,0,0,0,0,0,0,1
2879,0,0,0,0,0,0,0,0,1
2969,0,1,0,0,0,1,0,0,0
2998,0,0,0,0,0,1,0,0,0
3080,0,1,0,0,0,0,0,0,0
3102,0,0,0,0,0,0,0,1,0
3314,0,0,0,0,0,1,0,1,1
3485,1,0,0,1,0,0,0,0,0
3611,0,0,0,0,0,0,0,1,1
3776,0,0,0,0,0,1,0,0,0
3893,0,0,0,0,0,0,0,0,0
4093,0,0,0,0,0,1,0,0,1
4133,0,0,1,0,0,0,0,0,1
4276,0,0,0,0,0,0,0,1,0
4775,0,0,1,0,0,0,1,0,1
4837,0,0,0,0,0,1,0,0,0
4947,0,0,0,0,0,1,0,0,0
5054,0,0,0,0,0,1,0,0,0
5143,0,0,0,0,0,1,0,0,0
5144,0,0,0,0,0,0,0,1,1
5281,0,0,0,0,0,1,0,0,0
5429,0,0,0,0,0,1,0,0,0
5541,1,0,0,0,1,0,0,0,0
5610,0,1,0,0,0,1,0,0,1
5634,0,1,0,0,0,0,0,0,0
5810,0,0,0,0,0,1,0,0,0
5961,0,0,0,0,0,1,0,0,0
5971,0,0,0,0,0,1,0,0,0
5984,0,0,1,0,0,0,0,0,0
5988,0,0,1,0,0,0,0,0,0
6050,0,0,1,0,1,0,0,0,1
6054,0,0,0,0,0,0,1,1,0
6137,0,0,0,0,0,1,0,0,0
6140,0,0,0,0,0,1,0,0,0
6184,0,0,0,1,1,1,0,0,0
6268,0,1,0,0,0,0,0,0,0
6276,0,0,0,0,0,1,0,0,1
6306,0,0,0,0,0,1,0,0,0
6329,0,1,0,0,0,1,0,0,1
6341,0,1,0,0,0,1,0,0,1
6343,1,1,0,0,0,1,0,0,0
6363,0,1,0,0,0,1,0,0,0
6364,0,1,0,0,0,1,0,0,0
6386,1,1,0,0,0,1,0,0,0
6387,1,1,0,0,0,1,0,0,0
6405,1,1,0,0,0,1,0,0,1
6417,0,1,0,0,0,1,0,0,1
6425,1,0,0,0,0,0,0,1,1
6448,0,0,1,0,0,0,0,0,1
6482,0,0,0,0,0,1,0,1,0
6493,0,1,0,1,1,1,0,0,1
6495,1,0,0,0,0,0,0,0,1
6501,0,0,1,0,1,0,0,0,1
6505,1,0,1,0,1,0,0,0,0
6506,1,0,1,0,1,0,0,0,1
6507,0,0,0,0,0,1,0,0,0
6514,0,1,0,0,0,1,0,0,0
6532,0,0,0,0,1,0,1,1,0
6544,0,0,1,1,0,0,0,0,1
6548,0,0,1,0,0,0,1,0,0
6549,0,0,0,0,0,0,1,1,0
6557,0,0,0,0,0,0,0,0,1
6558,0,1,0,0,0,1,0,0,1
6560,0,1,1,0,0,0,0,0,0
6561,0,1,0,1,1,1,0,0,0
6568,1,1,0,0,0,1,0,0,1
6569,0,0,1,0,1,0,0,0,1
6570,1,0,1,0,0,1,0,0,1
6584,1,0,1,0,1,0,0,0,0
6590,0,1,0,0,1,0,0,0,1
6616,0,1,1,0,0,0,0,0,1
6631,0,0,0,0,1,0,0,1,1
6651,0,0,0,0,0,0,0,1,1
6654,0,0,0,0,0,0,0,0,1
6658,1,0,0,0,1,0,0,0,1
6736,0,0,0,0,1,0,1,0,1
6753,0,0,1,0,0,0,1,0,1
6826,0,0,1,0,0,1,1,0,1
6873,0,0,1,0,0,0,1,0,0
6874,0,0,1,1,0,0,1,1,0
6877,0,0,1,1,1,0,0,0,1
6885,0,0,1,0,0,0,0,0,1
6915,0,0,0,0,1,1,0,0,0
6919,0,0,0,0,0,1,0,0,0
6937,0,0,0,0,0,1,0,1,1
6943,0,0,0,0,0,0,0,1,1
6949,0,0,1,0,0,0,0,1,0
6970,0,0,0,0,0,1,0,0,0
6985,0,0,1,0,0,0,1,1,1
6987,0,0,0,0,0,0,0,0,1
6989,0,0,1,0,0,0,0,1,1
6997,0,0,1,0,0,0,0,0,1
6998,0,0,0,0,0,1,0,1,1
7002,0,0,0,1,0,1,0,0,1
7017,0,0,0,0,0,0,0,1,1
7041,0,0,0,0,0,0,0,1,1
7043,0,0,1,0,0,1,0,0,1
7045,0,0,0,0,0,1,0,0,0
7047,0,0,1,0,0,1,0,0,1
7055,0,1,0,0,0,0,0,0,1
7058,0,1,0,0,0,1,0,0,0
7059,0,0,1,0,0,0,1,1,1
7060,0,1,0,0,0,1,0,0,1
7092,0,0,0,0,0,0,0,0,1
7095,0,0,0,0,0,1,0,1,0
7118,0,0,0,0,0,0,0,0,1
7119,0,0,1,0,0,0,1,0,1
7122,0,0,1,0,0,0,0,0,1
7127,0,0,0,0,0,1,0,1,1
7129,0,0,0,0,0,0,1,0,0
7130,0,0,0,0,0,1,0,0,0
7136,0,0,1,0,1,0,0,1,0
7144,0,0,1,0,0,0,0,1,1
7146,0,0,0,1,0,0,1,0,1
7147,0,0,0,0,0,0,1,1,0
7148,0,0,0,0,1,0,1,0,1
7150,0,0,1,0,1,0,1,0,0
7151,0,0,1,0,0,0,0,0,1
7165,0,0,0,0,1,0,1,0,0
7166,0,0,1,0,0,0,0,1,1
7169,0,0,0,1,1,1,1,1,0
7170,0,0,0,0,1,0,0,0,1
7175,0,0,0,0,0,1,0,0,0
7184,0,0,0,0,0,1,0,0,0
7193,0,0,1,1,1,0,0,1,0
7194,0,0,0,0,0,0,1,1,1
7221,0,1,0,0,0,1,0,0,1
7222,0,1,0,0,0,1,0,0,0
7224,0,0,0,0,0,0,0,0,1
7225,0,0,1,0,0,1,1,0,1
7249,0,0,0,0,0,0,0,0,1
7267,0,0,0,0,0,0,0,0,1
7268,1,1,0,0,1,0,0,0,1
7284,0,1,0,1,1,1,0,0,0
7288,1,1,0,0,1,0,0,0,1
7294,0,0,0,0,0,1,0,0,1
7298,1,1,0,0,0,1,0,0,1
7301,0,0,1,0,0,0,0,0,1
7302,0,0,0,0,0,1,0,0,1
7304,0,0,1,0,0,0,0,1,1
7335,0,0,1,1,1,0,0,0,1
7336,0,0,1,0,1,0,0,0,1
7341,0,1,0,0,0,1,0,0,1
7342,1,0,1,0,1,0,0,0,1
7343,1,0,0,0,0,1,0,0,1
7344,1,0,0,0,0,0,0,0,1
7351,1,1,1,0,1,0,0,0,0
7352,0,0,0,0,0,1,0,0,1
7353,0,0,0,0,1,0,0,0,0
7354,1,0,1,0,1,0,0,0,0
7358,0,1,0,0,0,1,0,0,1
7359,0,0,0,1,1,1,0,0,1
7360,0,1,0,0,1,0,0,0,1
7362,0,0,1,0,0,0,0,1,1
7363,0,0,0,0,0,1,0,0,1
7364,0,0,0,0,0,1,0,0,1
7391,0,0,0,0,0,1,0,1,1
7392,0,0,0,0,0,0,0,0,1
7393,0,0,0,0,0,1,0,0,1
7407,0,0,0,0,0,0,0,0,0
7409,0,0,0,1,0,0,1,1,0
7410,0,0,1,0,0,1,0,0,1
7413,0,1,0,0,1,0,0,0,0
7438,0,0,1,0,0,0,0,0,0
7455,0,0,1,0,1,0,1,0,1
7460,0,0,0,0,0,0,0,1,1
7461,0,0,0,0,0,0,0,1,0
7462,0,0,0,0,0,1,0,1,0
7463,0,0,0,0,0,0,0,1,0
7465,0,0,0,0,0,0,0,0,1
7469,0,0,0,0,1,0,1,1,1
7476,0,0,1,0,0,0,1,0,1
7478,0,0,1,0,0,0,0,1,1
7501,0,0,0,0,0,1,0,1,1
7505,0,0,0,0,0,0,0,0,1
7509,0,0,0,0,0,1,0,0,0
7519,0,0,1,0,0,0,0,0,1
7520,0,1,0,0,0,1,0,1,0
7523,0,0,0,1,0,1,0,0,1
7528,0,0,0,0,1,0,0,0,1
7530,0,0,0,0,0,1,1,0,1
7531,0,0,0,0,0,0,1,1,0
7559,0,0,1,0,0,0,1,0,1
7562,0,0,1,1,0,0,0,0,0
7580,0,0,0,0,0,1,0,1,0
7583,0,0,0,1,0,1,1,0,0
7590,0,0,1,0,0,0,0,0,1
7593,0,0,1,0,1,0,1,0,1
7599,0,0,0,0,0,0,0,1,1
7600,0,0,1,0,1,1,1,1,1
7601,0,0,0,0,0,0,1,1,1
7616,0,1,0,0,0,1,0,0,1
7622,0,1,0,0,0,1,0,0,1
7632,0,0,1,1,0,0,1,0,0
7633,0,0,0,1,1,0,1,1,0
7635,0,0,1,0,1,0,0,0,0
7643,0,0,1,0,1,0,1,1,1
7646,0,0,0,0,1,0,1,0,0
7650,0,0,0,0,1,0,1,0,1
7651,1,1,0,0,1,0,0,0,1
7654,0,0,1,0,1,0,0,1,1
7655,0,0,0,0,1,0,1,1,1
7657,0,0,1,0,0,1,0,1,1
7658,0,0,0,1,1,1,1,1,0
7662,0,0,1,0,1,0,0,1,0
7674,0,0,1,0,0,0,0,0,1
7678,0,0,0,1,1,0,0,0,1
7685,0,0,0,0,1,0,0,0,1
7687,0,0,0,1,0,0,1,0,0
7695,0,0,0,0,1,0,1,1,1
7702,0,0,1,0,0,0,0,0,1
7704,0,0,1,0,0,0,0,0,1
7707,0,0,0,1,0,0,1,1,0
7708,0,0,0,0,1,0,0,0,1
7711,0,0,0,1,0,0,0,1,0
7720,0,1,1,0,0,0,0,1,0
7725,0,0,1,0,0,0,0,0,1
7728,0,0,0,1,0,1,0,0,0
7731,0,0,1,1,0,1,1,0,1
7733,1,0,0,0,1,0,0,0,1
7738,0,0,1,0,1,0,1,1,1
7742,0,0,0,0,0,0,0,0,1
7745,1,1,1,0,0,1,0,0,1
7749,1,0,0,0,1,0,0,0,1
7755,0,1,0,0,0,0,0,0,0
7757,1,0,0,1,1,0,0,0,1
7758,1,1,1,0,1,0,0,0,0
7761,1,0,1,1,1,0,0,0,0
7762,1,1,0,0,1,0,0,0,1
7765,0,0,0,1,1,1,0,0,0
7766,1,0,0,0,0,0,0,0,0
7768,0,0,0,0,0,1,0,1,1
7770,0,0,1,0,1,0,0,0,0
7771,0,0,0,0,0,1,0,0,1
7772,1,1,1,0,1,0,0,0,1
7775,1,0,0,0,1,0,0,0,0
7778,0,0,0,1,1,1,0,1,0
7781,0,0,1,0,0,0,1,1,0
7790,0,0,0,0,0,1,0,0,1
7792,0,0,1,0,0,0,0,1,0
7793,0,0,1,1,1,0,1,1,0
7795,0,0,0,0,1,0,0,0,0
7797,1,1,0,0,1,0,0,0,0
7799,1,0,1,0,1,0,0,0,0
7800,0,1,0,0,1,0,1,0,0
7802,0,1,0,1,1,0,0,0,0
7803,1,0,0,0,1,0,0,0,1
7820,1,0,0,1,1,0,0,0,0
7822,0,0,0,0,1,0,0,0,1
7824,1,0,0,0,1,0,0,0,0
7826,1,0,0,1,1,0,0,0,1
7829,1,0,0,0,1,0,0,0,0
7847,0,0,0,0,0,1,0,0,1
7848,0,1,0,0,0,1,0,0,0
7852,0,1,0,0,0,1,0,0,0
7858,0,0,0,0,0,1,0,0,1
7860,0,0,0,0,0,1,0,0,1
7865,1,0,0,0,0,0,0,0,1
7888,0,0,1,0,0,0,1,0,0
7894,0,1,0,0,0,0,0,0,0
7895,1,1,0,0,1,1,0,0,1
7900,1,0,1,0,0,0,0,0,0
7909,1,0,1,1,1,0,0,0,0
7910,1,1,0,1,0,1,0,0,1
7915,1,0,0,0,1,0,0,0,1
7916,1,1,0,0,1,0,0,0,1
7921,0,0,1,0,0,0,0,0,1
7936,0,0,0,1,0,1,0,0,1
7937,0,0,0,1,0,1,0,0,0
7938,0,0,0,0,0,1,0,0,0
7943,1,0,0,1,1,0,0,0,0
7945,1,1,0,0,1,0,0,0,1
7948,0,0,0,0,0,0,0,1,1
7953,0,0,0,1,0,1,0,0,1
7957,1,1,1,1,1,0,0,0,0
7958,0,0,1,0,1,0,0,0,0
7959,1,1,0,0,1,0,0,0,0
7963,0,0,0,1,0,1,0,0,1
7966,0,1,0,0,0,0,0,0,1
7967,0,0,1,0,0,0,0,0,1
7969,0,0,0,0,0,1,0,0,0
7970,0,0,0,1,0,1,0,0,1
7974,0,1,0,0,0,1,0,0,0
7975,0,0,0,0,0,1,0,0,1
7976,0,0,0,1,0,1,0,0,0
7981,1,1,0,0,1,0,0,0,0
7983,1,1,1,0,1,0,0,0,0
7984,0,0,0,0,0,0,0,0,1
7986,0,0,0,0,1,1,0,0,0
7989,1,0,0,0,1,1,1,0,1
7991,0,1,0,0,0,0,0,0,0
7997,1,1,0,0,1,1,0,0,1
8007,0,1,0,0,0,1,0,0,0
8012,0,1,0,0,0,1,0,0,0
8013,0,0,0,0,0,1,0,0,0
8020,1,0,0,0,1,1,0,0,1
8021,0,1,0,0,0,1,0,0,0
8025,1,1,0,0,1,0,0,0,1
8026,1,1,1,0,1,0,0,0,1
8027,0,0,1,0,0,1,0,0,1
8029,0,0,0,0,0,1,0,0,1
8030,0,0,0,0,0,1,0,0,1
8034,0,1,1,0,1,0,0,0,1
8035,0,0,0,0,0,1,0,0,0
8038,1,1,0,0,1,0,0,0,0
8042,0,1,0,0,0,0,0,0,0
8047,0,0,0,0,0,0,0,0,0
8048,1,1,1,0,0,1,0,0,0
8049,1,1,0,0,1,0,0,0,0
8050,1,1,0,0,1,0,0,0,0
8051,0,1,0,0,1,0,0,0,1
8052,1,0,1,1,1,0,0,0,1
8060,0,1,0,0,0,1,0,0,0
8063,0,0,0,0,0,1,0,0,0
8067,1,1,0,1,0,1,0,0,0
8071,1,0,1,0,0,0,0,0,1
8073,1,0,0,0,0,0,0,0,1
8075,1,1,0,0,0,1,0,0,0
8077,1,1,0,0,1,1,0,0,0
8078,0,0,1,0,0,0,0,0,1
8082,0,0,0,0,0,1,1,0,1
8090,0,0,0,0,0,0,0,0,0
8091,1,0,0,0,1,0,0,0,1
8092,1,0,0,1,0,1,0,0,0
8093,1,1,0,1,1,0,0,0,0
8094,0,0,0,0,0,0,0,0,1
8095,0,0,1,0,1,0,0,0,1
8102,0,1,0,0,0,1,0,0,0
8103,1,0,0,0,1,0,0,0,0
8106,0,1,0,0,0,1,0,0,0
8116,0,0,0,0,0,0,0,0,1
8118,0,1,0,1,0,1,0,0,0
8121,1,1,1,0,0,0,0,0,0
8122,0,0,0,0,0,1,0,0,0
8125,0,0,0,0,0,0,0,0,1
8129,0,0,0,1,0,0,0,0,0
8130,0,1,1,1,0,1,0,1,0
8133,1,1,0,0,1,1,0,0,0
8137,0,0,0,1,0,1,0,0,0
8138,1,0,0,0,1,1,0,0,0
8141,0,0,0,0,0,0,0,0,1
8144,0,1,0,0,0,1,0,0,0
8158,0,1,0,0,0,1,0,0,0
8159,0,0,0,0,1,0,1,0,0
8160,1,0,1,0,1,1,0,0,1
8163,0,0,0,0,1,0,0,1,1
8164,0,0,0,1,1,0,1,1,1
8167,1,0,0,0,1,0,0,1,1
8169,1,0,0,0,1,0,0,0,1
8174,0,1,1,0,0,0,1,0,0
8175,0,0,1,0,0,0,0,0,1
8176,0,0,0,1,1,0,0,1,1
8180,0,0,0,0,0,0,0,0,0
8181,0,0,1,0,0,0,0,0,0
8182,0,0,1,0,0,0,0,0,1
8183,0,0,1,0,0,0,0,0,1
8184,0,1,0,0,1,0,1,1,0
8185,0,0,0,1,0,0,1,1,0
8186,0,0,1,0,0,0,1,1,0
8187,0,0,0,0,0,0,0,1,0
8191,0,1,0,1,0,1,0,0,0
8193,0,1,0,0,0,0,1,1,0
8194,0,0,1,0,0,0,1,0,0
8195,0,1,0,0,0,1,0,0,0
8201,0,0,0,0,0,1,0,0,0
8205,0,0,0,0,1,0,0,1,0
8207,0,0,1,0,1,0,0,1,0
8209,0,1,0,0,0,0,0,0,0
8221,0,1,0,0,0,0,0,0,0
8222,0,0,0,0,0,0,0,0,0
8257,1,1,0,0,1,0,0,0,0
8294,0,1,1,0,1,0,1,1,0
8298,0,0,0,0,0,0,0,0,1
8299,1,0,1,1,0,0,0,0,1
8314,0,1,0,0,1,1,0,0,0
8347,0,0,1,0,0,0,0,1,1
8361,0,0,0,0,1,0,1,1,1
8362,0,0,0,0,0,1,0,0,1
8363,0,0,1,0,0,0,0,1,0
8364,0,0,0,0,1,0,1,1,0
8365,0,0,1,0,1,0,1,0,0
8369,0,0,1,0,1,0,0,0,1
8375,0,0,0,0,0,0,0,0,1
8400,0,0,1,0,0,0,0,1,1
8405,0,0,1,0,0,0,0,1,1
8419,0,0,1,0,0,0,0,1,1
8432,0,0,1,1,1,0,1,0,0
8438,0,0,1,0,0,0,1,0,1
8446,0,1,0,0,0,1,0,0,0
8452,0,0,0,0,0,1,0,1,1
8454,0,1,0,0,0,1,0,0,1
8467,0,0,1,0,0,0,0,0,1
8468,0,0,0,0,0,1,0,0,0
8469,0,0,1,0,1,0,0,0,1
8471,0,1,0,0,0,1,0,0,1
8499,0,0,1,0,0,0,0,0,1
8500,0,0,1,0,1,0,1,0,1
8635,0,0,0,0,0,1,0,0,1
8655,0,0,1,0,0,0,1,1,1
8658,0,0,1,0,0,0,0,1,1
8697,0,1,0,0,1,1,0,0,1
8698,0,0,0,0,1,0,0,1,0
8712,0,0,0,0,0,1,0,0,1
8723,1,1,0,0,0,1,0,0,1
8738,0,0,1,0,0,0,0,0,1
8748,0,0,1,0,0,0,0,1,1
8763,0,0,0,0,1,0,0,0,1
8767,0,0,1,0,0,0,0,1,1
8768,0,0,0,0,0,1,0,0,1
8785,0,0,1,0,1,0,1,0,1
8791,0,0,0,0,0,0,0,0,0
8792,0,0,0,0,1,0,0,1,0
8797,0,0,0,0,0,0,1,0,1
8815,0,0,1,0,0,0,0,0,1
8821,0,0,0,0,0,0,0,0,1
8830,1,1,0,0,1,0,0,0,0
8831,0,0,0,0,0,1,0,0,0
8833,0,0,0,0,1,0,0,1,0
8834,0,0,1,0,1,0,0,1,0
8835,1,0,1,0,1,1,0,1,1
8844,1,1,0,0,1,0,0,0,0
8857,1,0,0,0,0,0,0,0,1
8858,0,0,0,0,0,1,0,0,1
8863,0,1,0,1,0,0,1,0,0
8868,1,0,0,1,1,0,0,0,1
8871,0,0,0,0,0,1,0,0,1
8878,1,1,1,0,1,0,0,0,0
8892,0,1,0,0,0,0,0,0,0
8907,0,0,0,0,0,1,0,0,0
8908,1,1,1,0,1,0,0,0,0
8909,1,0,1,0,1,0,0,0,0
8914,0,0,0,0,0,0,1,1,1
8918,0,0,0,1,1,1,1,0,0
8991,0,0,1,0,0,1,0,0,1
9007,0,0,1,0,0,0,0,0,1
9012,0,1,0,1,0,1,0,0,1
9015,0,0,1,0,0,0,0,0,1
9016,0,0,1,0,0,1,0,0,1
9017,0,0,0,0,1,0,0,1,0
9024,0,0,0,0,1,0,1,1,1
9025,0,0,1,0,0,1,0,0,0
9027,0,0,1,0,0,0,1,0,0
9256,0,0,0,0,0,1,0,0,0
9258,0,1,0,0,0,1,0,0,0
9261,0,0,0,0,0,1,0,0,0
9473,0,0,1,0,0,0,1,0,1
9589,0,0,0,0,0,1,0,0,1
9609,0,1,0,0,0,1,0,0,0
9862,0,1,0,1,0,0,0,0,0
9865,0,1,0,0,0,1,0,0,0
9895,0,0,1,1,1,1,1,0,1
10024,1,0,1,0,0,0,0,0,0
10045,0,1,0,0,0,0,0,0,1
10106,0,0,0,0,0,0,0,0,1
10223,0,0,0,0,0,1,0,1,1
10248,0,0,1,0,0,0,1,1,0
10282,0,0,0,0,0,1,0,0,1
10285,0,1,0,1,0,1,1,0,1
10296,0,0,1,0,0,0,1,0,1
10315,0,0,1,0,1,1,1,0,1
10322,0,0,1,0,0,0,0,0,1
10329,0,0,1,0,0,0,0,0,1
10341,1,0,1,0,0,1,0,0,1
10353,0,0,0,0,0,0,1,0,1
10362,0,0,0,0,0,0,0,0,1
10364,0,0,0,0,0,0,0,0,1
10393,0,0,1,0,1,0,1,1,0
10396,0,0,0,0,0,0,0,0,0
10400,0,0,0,0,0,0,0,0,1
10402,0,0,0,1,0,0,1,0,0
10405,0,0,0,1,0,0,1,1,0
10408,0,0,1,0,0,0,1,0,1
10430,0,1,0,0,1,0,0,0,1
10448,0,0,0,0,0,1,0,0,0
10452,0,0,0,0,0,1,0,0,0
10453,0,0,1,0,0,1,0,0,1
10460,0,0,0,1,0,1,0,0,0
10465,0,0,0,0,0,1,0,0,0
10484,1,1,0,0,1,1,0,0,0
10558,0,0,0,0,0,1,0,0,0
10560,0,1,0,0,0,1,0,0,0
10582,0,0,0,0,0,0,0,1,0
10583,0,0,0,0,0,0,0,1,0
10659,0,0,0,0,0,0,0,1,1
10687,0,0,0,0,0,1,0,1,1
10698,0,0,0,0,0,1,0,1,1
10722,0,0,1,0,0,0,0,0,1
10741,0,0,0,0,0,0,1,1,0
10742,0,0,0,0,0,0,0,1,0
10778,0,0,0,0,1,0,1,0,1
10795,0,0,0,1,0,1,0,0,0
10797,0,0,1,0,0,1,0,0,1
10817,0,0,0,0,0,1,1,0,1
10819,0,0,0,0,0,0,1,1,0
10822,0,0,1,1,0,0,0,0,0
10823,0,0,0,0,0,1,0,0,1
10869,0,0,0,0,1,1,0,1,0
10873,0,0,0,0,1,0,0,0,1
10874,0,0,0,1,0,1,0,0,1
10882,1,0,0,0,1,0,0,0,0
10883,1,0,1,1,1,0,0,0,1
10885,1,1,1,0,1,0,0,0,1
10886,1,1,0,1,1,0,0,0,0
10895,1,0,0,0,1,0,0,0,1
10902,0,1,0,0,0,1,0,0,0
10925,0,1,0,0,0,1,0,0,0
10931,0,0,0,0,0,1,0,1,1
10934,0,0,0,0,0,1,0,0,0
10947,0,0,1,0,0,0,0,0,1
10953,0,0,0,0,1,0,0,0,1
10957,1,0,0,0,1,0,0,0,1
10966,0,0,0,0,0,1,0,0,0
10975,0,0,0,0,0,0,1,1,0
10976,0,0,0,1,0,1,0,0,0
10989,1,0,0,1,1,0,0,0,0
11002,0,0,0,1,0,1,1,0,0
11005,0,1,0,0,0,1,0,0,0
11006,0,0,0,0,0,0,0,0,1
11038,0,0,0,0,0,0,0,1,1
11039,1,0,0,0,1,0,0,0,1
11086,0,0,0,0,0,0,0,0,1
11124,1,0,0,0,1,0,0,0,1
11126,0,1,0,1,0,1,0,0,0
11160,1,0,0,0,1,0,0,0,0
11167,0,0,0,0,0,1,0,0,0
11173,0,0,0,1,1,0,0,0,0
11176,1,0,0,0,1,0,0,0,0
11191,1,0,0,0,0,0,0,0,1
11230,0,0,1,1,0,1,0,1,0
11251,1,0,0,0,0,0,0,0,1
11261,1,0,0,1,1,1,0,0,1
11262,0,1,0,0,1,0,0,0,1
11265,1,0,0,0,1,0,0,0,1
11271,1,1,0,0,1,0,0,0,1
11335,0,0,1,0,0,0,0,0,1
11340,0,0,1,0,0,0,0,0,1
11363,0,0,1,0,0,1,0,1,1
11370,0,0,0,0,0,1,0,0,0
11406,0,0,0,0,1,0,1,0,1
11409,0,0,0,0,1,0,0,0,1
11419,0,0,0,0,0,0,0,0,1
11420,0,0,0,0,0,1,0,0,0
11428,1,1,0,0,1,0,0,0,0
11449,0,1,1,0,0,0,0,0,1
11450,0,0,0,0,0,1,0,1,1
11463,0,0,1,0,0,0,0,1,1
11468,0,0,0,0,0,1,0,1,1
11505,0,0,1,1,0,1,0,1,0
11507,0,0,0,0,0,0,0,0,1
11508,1,1,0,1,1,0,0,0,0
11509,1,0,0,0,0,0,0,0,1
11511,0,0,0,0,0,0,0,0,1
11513,0,0,0,1,1,1,0,0,0
11514,1,0,0,0,1,0,0,0,0
11517,0,1,0,1,1,0,1,0,0
11520,0,1,1,1,1,1,0,0,0
11525,0,0,0,0,0,1,0,0,1
11527,0,1,0,0,0,1,0,0,0
11529,1,1,0,0,1,0,0,0,1
11543,0,1,0,0,0,1,0,0,1
11551,0,0,0,0,0,0,0,0,1
11552,0,1,0,1,1,1,0,0,0
11558,0,0,1,0,0,1,0,0,1
11559,0,0,1,0,0,0,0,0,1
11565,0,0,0,1,0,0,0,0,0
11567,1,0,0,0,0,0,0,0,1
11569,0,0,1,0,0,0,1,1,1
11576,1,1,1,0,1,0,0,0,1
11579,0,0,0,0,0,0,0,0,1
11583,0,1,0,0,1,1,0,0,1
11584,1,0,0,0,1,1,0,0,1
11593,0,1,0,0,1,0,0,0,1
11613,0,0,0,1,0,1,0,0,0
11614,1,0,0,0,0,0,0,0,1
11617,0,0,1,0,0,1,0,0,0
11622,0,0,0,0,0,0,0,1,1
11635,0,0,0,0,0,0,0,0,1
11716,0,1,0,1,0,0,0,0,1
11732,1,1,0,0,0,1,0,0,1
11747,0,1,0,0,0,0,0,0,1
11748,0,0,1,0,1,0,0,1,1
11752,0,0,1,0,0,1,0,0,1
11838,0,0,1,0,1,0,0,0,0
11902,1,0,0,0,1,0,0,0,1
11950,0,0,1,0,0,0,0,1,1
11962,0,0,0,0,0,0,1,0,1
11980,0,0,0,0,1,1,1,0,0
11982,0,0,1,0,1,1,0,0,0
11989,0,1,0,0,0,1,0,0,0
12020,0,0,0,0,0,1,0,0,0
12021,1,0,0,0,0,0,0,0,0
12024,0,1,0,0,0,1,0,0,0
12038,0,0,1,0,0,0,1,1,1
12040,0,0,0,1,0,1,1,0,1
12041,0,0,1,0,1,0,0,0,1
12044,1,1,0,0,1,0,0,0,0
12053,0,0,0,1,0,0,1,1,0
12059,0,0,0,0,0,1,0,0,1
12072,0,0,1,0,0,0,1,1,0
12097,0,0,1,0,0,1,0,1,1
12101,0,0,0,0,0,0,0,0,1
12105,0,0,1,0,0,0,0,0,1
12127,0,0,0,0,0,0,1,0,1
12146,1,1,1,0,1,0,0,0,1
12150,0,0,1,0,0,0,0,0,1
12170,1,1,0,0,1,0,1,0,0
12178,0,1,0,0,0,1,0,0,1
12180,1,1,0,0,1,0,0,0,1
12185,0,1,0,1,1,1,0,0,0
12198,0,0,0,0,1,0,0,0,0
12204,0,1,0,0,1,0,0,0,0
12206,1,0,0,1,1,0,0,0,0
12209,1,1,0,0,1,0,0,0,0
12210,0,0,0,0,1,0,0,0,1
12216,0,0,0,0,0,0,0,1,0
12217,1,1,1,0,1,0,0,0,0
12230,0,1,0,0,0,1,0,0,0
12232,0,0,0,0,0,1,0,0,0
12238,0,1,0,0,1,0,0,0,1
12257,1,0,1,0,1,0,0,0,0
12264,0,1,0,0,0,1,0,0,0
12265,0,0,0,1,0,1,0,0,1
12266,1,1,0,0,0,0,0,0,1
12278,0,0,0,0,1,0,0,0,1
12293,1,0,1,1,0,0,0,0,0
12294,1,1,0,1,1,0,0,0,1
12296,0,1,0,1,1,0,0,0,0
12297,0,1,0,0,1,1,0,0,1
12327,0,1,0,0,1,0,0,0,1
12329,1,0,1,0,1,0,0,0,0
12331,0,1,0,0,0,1,0,0,1
12339,0,1,0,1,0,1,0,0,0
12344,0,1,0,0,1,0,0,0,1
12348,1,1,0,0,1,0,0,0,0
12366,0,0,1,0,0,0,0,0,0
12367,0,0,0,1,1,1,0,0,0
12377,0,0,0,1,0,1,0,0,0
12386,0,1,0,1,0,1,0,0,0
12388,0,0,0,0,0,0,0,0,1
12389,0,0,0,0,0,0,0,0,1
12391,0,0,0,0,0,0,0,0,1
12393,0,0,1,0,0,0,0,0,0
12397,0,0,0,0,0,0,1,0,0
12398,0,0,0,0,0,0,0,0,1
12462,0,0,0,0,0,1,0,1,1
12497,0,0,0,0,0,0,1,0,1
12506,1,0,0,0,1,0,0,0,1
12507,0,0,0,0,0,0,0,1,0
12508,1,0,0,0,1,0,0,0,1
12514,0,0,0,1,0,1,0,0,0
12516,1,0,1,0,1,0,0,0,1
12518,0,0,0,0,0,1,0,0,0
12528,0,1,0,1,0,1,0,0,0
12529,1,0,1,1,1,0,0,0,0
12530,0,0,0,0,0,0,0,0,0
12566,0,0,0,0,0,0,0,0,1
12570,0,0,0,0,0,0,0,1,1
12571,1,0,0,0,1,0,0,0,0
12578,0,0,0,0,0,0,0,1,1
12580,0,0,0,0,0,0,0,0,1
12587,0,1,0,0,0,1,0,0,1
12588,0,0,0,0,0,1,0,0,0
12613,1,1,0,1,1,0,0,0,1
12729,1,0,0,1,1,0,0,0,0
12741,0,0,0,0,0,0,1,0,1
12748,0,0,0,1,0,1,0,0,0
12756,0,0,1,0,0,0,0,0,1
12777,0,0,0,0,0,0,0,0,1
12779,0,1,0,1,0,1,0,0,0
12780,0,0,0,0,1,0,0,1,1
12810,0,0,1,0,0,1,0,0,1
12813,0,0,0,0,0,0,0,0,1
12844,0,0,0,0,1,0,0,0,1
12988,0,0,1,1,1,0,0,0,0
13016,0,1,0,0,0,1,0,0,0
13143,0,0,0,0,0,1,0,0,0
13163,1,0,0,0,1,0,0,0,0
13174,1,1,1,0,1,0,0,0,1
13181,0,1,0,1,1,0,0,0,0
13187,0,1,0,0,1,0,0,0,1
13204,0,0,1,0,0,1,0,0,1
13233,1,1,0,0,0,1,0,0,0
13357,1,0,1,0,1,0,0,0,1
13367,0,0,1,0,0,1,0,0,0
13382,0,1,0,1,0,1,0,0,0
13388,0,0,0,1,0,0,0,0,0
13398,0,0,1,0,0,0,0,0,1
13436,0,1,0,0,0,1,0,0,0
13546,1,0,1,0,1,0,0,0,1
13549,1,0,0,0,1,0,0,0,0
13561,0,1,0,0,0,1,0,0,1
13572,0,0,0,0,0,0,0,1,1
13576,0,0,0,1,1,0,1,1,1
13594,0,0,0,1,0,1,0,0,1
13642,0,0,1,0,0,1,1,1,1
13654,0,0,1,0,1,0,1,0,0
13663,0,0,0,0,0,0,0,0,1
13669,0,0,1,0,0,0,1,1,0
13849,0,0,0,0,0,0,0,0,0
13852,0,1,0,0,0,1,0,0,0
13854,0,0,0,0,0,1,0,0,0
13855,1,0,1,0,0,0,0,0,1
13861,0,0,1,1,0,0,0,0,1
14079,0,0,0,0,0,1,0,0,1
14104,0,0,0,0,0,0,0,1,0
14228,0,0,0,1,1,0,0,0,0
14234,0,0,1,0,1,0,0,0,0
14235,0,1,1,0,0,0,0,1,0
14257,0,0,0,0,0,0,0,0,1
14270,0,0,0,0,1,1,0,0,1
14286,0,0,0,0,0,1,0,0,0
14295,0,0,1,0,0,0,1,0,0
14296,0,0,0,0,0,1,0,0,0
14328,0,0,1,0,0,0,0,1,1
14350,0,0,0,0,0,0,0,1,1
14475,0,1,0,0,0,0,0,0,1
14489,1,1,0,1,1,0,0,0,0
14491,0,1,0,0,0,1,0,0,0
14493,0,1,0,0,0,1,0,0,0
14504,0,0,0,0,0,1,0,0,0
14505,0,0,1,0,0,1,0,1,1
14508,0,0,0,0,0,0,0,1,1
14511,0,0,0,0,0,1,0,0,1
14514,0,0,0,0,0,1,0,0,1
14519,0,0,1,0,0,0,0,0,1
14525,0,0,1,0,0,0,0,0,1
14529,0,0,0,0,0,1,0,0,1
14860,0,0,1,0,0,0,0,0,0
14878,0,0,0,0,0,1,0,0,0
14896,0,0,0,0,0,0,0,1,1
14928,0,1,0,0,0,0,0,0,0
15037,0,0,0,0,0,1,0,0,1
15068,0,0,0,0,0,0,0,1,1
15076,0,0,0,0,0,1,0,0,0
15146,1,0,0,1,1,0,0,0,1
15271,0,1,0,0,1,0,0,0,1
15290,0,0,0,0,0,1,0,0,0
15302,1,0,0,0,1,1,0,0,1
15336,0,0,0,1,1,0,0,0,0
15380,0,0,0,0,0,1,0,0,0
15394,0,0,0,0,0,1,0,0,0
15395,0,0,0,1,0,1,0,0,0
15413,1,0,0,0,0,0,0,0,1
15422,0,1,0,0,0,1,0,0,0
15448,0,1,0,0,1,0,0,0,0
15510,0,0,0,0,0,1,0,0,0
15511,0,1,0,0,0,1,0,0,0
15538,0,1,0,0,1,0,0,0,1
15595,0,0,0,0,0,0,0,1,1
15600,0,0,0,0,0,0,0,0,1
15605,0,1,0,0,0,0,0,1,0
15606,1,0,0,1,1,1,0,0,1
15607,1,1,1,0,0,0,0,0,0
15608,0,1,0,0,0,0,0,0,0
15613,0,0,1,1,0,0,0,0,1
15619,1,1,0,0,1,1,0,0,0
15711,0,1,0,0,0,1,0,0,0
15717,1,0,1,0,1,0,0,0,1
15877,0,1,0,0,0,0,0,0,0
15979,0,1,0,0,0,1,0,0,0
16237,0,0,1,0,1,0,1,0,1
16255,1,1,0,1,1,0,0,0,0
16296,0,0,1,0,1,0,1,1,0
16299,0,0,1,0,0,0,1,1,0
16315,0,0,0,0,0,1,0,0,0
16324,1,0,0,1,1,0,0,0,1
16331,0,0,1,0,1,1,0,0,1
16418,0,0,0,1,0,1,0,0,1
16441,0,0,0,0,0,0,0,1,0
16537,0,0,0,0,0,0,1,1,0
16582,0,0,1,0,1,0,0,0,1
16590,0,0,0,0,0,1,0,0,0
16591,0,0,0,0,0,1,0,0,0
16592,0,0,0,0,0,1,0,0,0
16617,1,1,0,0,1,0,0,0,0
16666,0,0,0,0,0,0,0,0,1
16668,0,0,0,0,0,0,0,0,1
16670,1,0,0,0,1,0,0,0,0
16741,0,0,0,0,0,1,0,1,0
16800,0,0,0,1,0,1,0,0,0
16821,0,0,0,0,1,0,0,0,1
16832,1,0,1,0,1,0,0,0,0
16833,0,1,0,1,1,0,0,1,0
16846,0,0,0,0,0,1,0,1,0
16867,0,0,0,1,0,1,0,0,0
16872,1,1,1,1,1,0,0,0,0
16899,0,1,0,0,0,0,0,0,0
16907,0,1,0,1,1,1,0,0,0
16925,0,0,0,0,0,1,0,0,0
16997,0,0,0,0,1,0,0,1,1
17000,0,0,0,0,0,0,0,0,1
17008,0,0,0,0,1,0,0,0,0
17016,0,0,0,0,0,1,0,1,1
17100,0,0,1,0,0,0,1,0,0
17121,0,0,0,0,1,1,0,0,0
17129,1,0,0,1,1,0,0,0,1
17166,0,1,0,1,0,1,0,0,0
17198,0,0,1,0,0,0,0,1,1
17355,0,0,0,1,0,0,1,0,1
17356,0,0,0,1,0,1,0,0,1
17525,0,0,0,0,1,0,0,0,0
17586,1,0,0,0,1,0,0,0,1
17617,1,0,1,0,1,0,0,0,0
17623,0,0,0,0,0,0,0,0,1
17691,0,0,1,0,0,0,0,0,1
17696,0,1,0,0,0,1,0,0,1
17739,0,0,1,0,0,0,0,1,0
17816,1,0,0,0,1,0,0,0,1
17898,0,0,0,0,0,1,0,0,0
18015,0,1,0,0,0,1,0,0,0
18027,0,0,0,0,0,1,0,0,0
18064,0,0,0,0,0,1,0,0,0
18280,0,0,0,0,0,0,0,0,1
18467,1,0,1,1,0,1,0,0,0
18522,0,0,1,0,0,1,0,0,1
18554,1,0,1,0,0,1,0,0,0
18635,0,0,0,0,0,1,0,0,0
18686,1,1,0,0,1,0,0,0,1
18698,0,1,1,0,0,0,0,0,1
18818,0,0,0,0,0,0,0,1,0
18827,0,0,1,0,0,1,0,0,0
18938,0,1,0,1,0,0,0,0,1
19089,0,0,0,1,0,0,1,1,1
19137,0,0,0,0,1,0,0,1,1
19188,0,0,0,0,0,0,0,0,1
19223,0,0,1,0,0,0,1,0,0
19243,0,0,0,0,0,1,0,0,1
19309,1,0,0,0,1,1,0,0,1
19310,0,0,0,0,0,1,0,0,0
19315,0,1,0,0,0,0,0,0,0
19543,0,0,1,0,0,1,0,0,1
19602,0,0,0,1,1,0,0,0,0
19603,1,1,0,1,0,1,0,0,0
19633,0,0,0,1,1,1,1,1,0
19695,1,1,0,1,1,1,0,0,0
19707,0,0,1,0,0,0,0,0,1
19754,0,0,0,1,0,1,0,0,0
19838,1,0,0,0,1,0,0,0,1
19844,0,0,1,1,0,0,1,1,1
19878,0,0,0,1,0,1,0,1,1
20063,0,0,0,0,0,1,0,0,0
20083,0,0,0,1,0,1,1,0,0
20200,0,1,0,0,1,0,0,0,0
20219,1,1,0,0,1,0,0,0,0
20263,0,0,0,0,0,0,0,0,1
20354,0,0,1,0,1,0,1,0,1
20357,0,0,0,1,1,0,0,0,0
20358,0,0,1,0,1,0,0,0,0
20487,0,0,1,0,0,0,0,1,1
20499,0,1,0,0,0,1,0,0,0
20508,0,0,0,0,0,0,1,0,0
20534,0,0,0,0,0,1,0,1,0
20590,0,0,1,0,0,0,0,1,1
20739,0,0,0,0,0,0,1,1,0
20745,0,0,1,1,0,0,1,1,0
20748,0,0,1,0,1,0,1,0,1
20797,0,0,0,0,0,1,0,1,0
20858,1,1,0,0,1,0,0,0,1
20859,1,1,0,0,1,0,0,0,1
20861,0,0,0,1,0,0,0,0,1
20928,1,0,0,0,0,0,0,0,1
20995,1,1,0,0,1,1,0,0,0
21003,0,0,0,1,1,0,0,0,1
21006,0,1,1,1,1,0,0,0,0
21057,0,1,1,1,1,1,0,0,1
21059,0,0,1,0,1,0,0,0,1
21108,0,1,0,0,0,0,0,0,0
21265,0,0,1,0,0,0,1,1,1
21363,0,1,0,0,0,0,0,0,1
21503,1,1,0,1,1,0,0,0,0
21574,0,0,0,1,0,0,0,1,0
21596,1,0,0,1,1,0,0,0,0
21606,1,0,0,0,1,0,0,0,0
21625,1,0,0,0,1,0,0,0,1
21648,0,0,1,0,1,0,0,0,0
21813,0,0,0,0,0,0,0,0,0
21895,0,0,1,0,0,0,1,1,0
22201,0,0,0,1,0,1,0,0,1
22310,0,0,1,0,0,1,1,0,1
22311,0,0,0,0,0,0,0,1,1
22383,0,0,0,1,0,1,0,0,0
22386,1,0,0,0,0,1,0,0,1
22556,0,0,0,0,1,0,1,1,0
22568,0,0,0,0,1,0,1,0,0
22629,0,0,0,0,1,0,1,1,1
22692,0,1,0,0,1,1,0,0,0
22873,1,0,1,1,1,0,0,0,1
23110,0,1,0,0,0,1,0,0,0
23203,0,0,0,1,0,1,0,0,0
23235,0,0,0,1,0,0,1,1,0
23347,0,0,0,0,0,1,0,0,0
23367,1,0,1,1,1,0,1,0,1
23368,0,0,0,0,1,0,0,0,0
23376,0,0,1,0,1,0,0,0,1
23518,0,1,0,0,0,0,0,0,0
23534,0,0,0,1,0,0,1,0,0
23535,0,0,0,1,0,0,1,0,1
23642,0,0,0,0,0,1,0,0,1
23726,1,1,0,1,1,0,0,0,1
24020,1,0,0,1,1,0,0,0,1
24114,0,0,1,0,1,0,0,0,1
24115,0,0,1,0,1,0,0,0,1
24117,1,0,1,0,1,0,0,0,1
24197,1,0,0,0,1,0,0,0,0
24433,1,0,1,0,1,0,0,0,1
24473,0,0,0,0,0,0,0,0,1
24510,0,0,0,0,1,0,1,0,1
24513,0,0,0,1,1,0,0,1,1
24515,0,0,1,0,1,0,0,0,1
24516,1,1,0,1,1,0,0,0,0
24583,0,0,0,0,0,0,1,1,1
24585,0,0,0,0,0,0,0,0,1
24624,1,1,0,0,1,1,0,0,0
24834,0,0,1,0,0,0,0,0,1
24835,0,0,1,0,0,0,0,1,1
24838,1,0,0,1,1,0,0,0,0
24874,0,1,0,0,0,1,0,0,1
24915,0,0,0,0,1,0,0,0,1
24986,0,0,0,1,1,0,0,0,1
25045,1,1,0,0,1,0,0,0,0
25068,0,1,0,1,1,1,1,0,1
25238,0,0,1,0,0,0,0,1,1
25298,1,0,0,1,0,1,0,0,0
25311,0,0,0,0,0,0,0,1,1
25404,0,1,0,0,1,0,0,0,0
25611,0,1,0,1,1,1,0,0,0
25612,0,0,0,0,0,1,0,1,0
25797,0,0,0,0,0,1,0,0,0
25915,0,0,0,1,0,1,0,0,0
25916,0,0,0,0,0,1,0,0,1
26049,0,0,1,0,0,0,0,0,0
26068,0,0,0,0,0,0,0,0,1
26204,0,1,0,0,0,0,0,0,1
26331,0,0,0,0,0,1,0,0,1
26332,0,0,0,0,0,1,0,0,0
26333,0,0,0,0,0,0,0,0,0
26334,0,0,0,0,0,1,0,0,1
26335,0,0,0,0,0,1,0,0,0
26396,0,0,0,0,0,0,1,0,1
26397,0,1,0,0,0,0,0,0,0
26630,0,0,1,0,1,1,0,0,0
26808,0,0,0,0,0,1,0,0,0
27209,0,0,1,0,1,0,1,0,1
27440,0,0,0,0,0,1,0,0,0
27457,0,0,0,1,0,1,0,0,0
27458,0,0,0,0,0,1,0,0,0
27460,0,0,0,0,0,1,0,0,1
27866,0,0,0,1,0,0,0,1,0
27867,0,0,1,0,1,0,0,0,1
27868,0,0,1,0,1,0,1,0,1
27892,0,0,0,0,0,1,0,0,1
27941,0,0,0,0,0,0,0,1,1
28905,0,0,0,0,0,1,0,0,0
28906,0,0,0,1,0,1,0,0,0
29008,0,0,0,0,0,1,0,0,0
29096,0,0,0,0,0,0,1,1,0
29381,0,0,0,1,0,0,0,1,1
29644,0,0,0,1,0,0,0,0,0
29746,0,0,0,1,0,1,0,0,0
29950,0,0,0,0,1,0,0,0,1
30181,0,0,0,0,0,0,0,0,1
30215,0,0,1,1,1,1,0,0,0
30220,1,1,0,1,0,1,0,0,0
30247,0,0,1,0,1,0,0,1,1
30248,0,0,1,0,0,0,1,1,1
30249,0,0,0,0,1,0,1,0,1
30748,0,0,0,0,0,1,0,0,0
30771,0,0,1,0,1,0,0,1,1
30914,0,0,0,0,0,1,0,0,1
30915,0,0,0,0,0,1,0,0,1
31210,0,0,1,0,0,0,0,1,1
31211,0,0,1,0,0,0,0,1,1
31214,0,0,0,0,0,0,0,0,1
31219,0,0,0,0,1,0,1,0,1
31225,0,0,0,0,1,0,0,1,0
31226,0,0,0,0,0,0,1,1,1
31229,0,0,0,0,0,1,0,0,1
31231,0,0,0,0,0,0,0,0,1
31234,0,0,0,0,0,0,1,1,0
31236,0,0,0,0,0,0,1,1,0
31241,0,0,0,1,1,0,0,0,0
31242,0,0,0,0,0,0,0,1,1
31244,0,0,1,0,1,0,1,0,1
31245,0,1,0,1,1,1,0,0,0
31246,0,0,0,1,1,1,0,0,0
31249,1,0,0,1,0,0,0,0,1
31251,0,1,0,0,0,1,0,0,1
31252,0,0,0,0,0,1,0,0,0
31256,0,0,0,0,1,0,0,0,1
31260,0,0,0,0,0,1,0,0,0
31264,0,0,1,0,1,1,0,0,1
31265,1,1,0,0,1,0,0,0,1
31266,1,0,0,0,1,0,0,0,0
31271,0,0,0,0,0,1,0,0,0
31272,1,1,1,0,1,0,0,0,0
31276,0,1,1,0,1,0,0,0,0
31278,0,0,0,0,1,1,0,0,0
31283,0,0,1,0,0,0,0,0,0
31284,0,1,0,0,0,0,0,0,1
31285,0,0,0,0,0,0,0,0,1
31289,0,0,0,0,0,0,1,1,0
31291,0,0,0,0,0,0,0,1,0
31353,0,0,0,0,1,0,1,1,0
31408,0,0,0,0,0,0,0,1,1
31954,0,0,0,0,1,0,0,0,0
32033,0,0,0,0,0,1,0,0,0
32093,0,0,0,0,0,1,0,0,0
32196,0,0,1,0,0,1,0,0,0
32594,0,0,0,1,0,0,0,0,0
32967,1,1,0,0,1,0,0,0,0
33032,0,0,0,0,0,1,0,0,0
33135,0,0,0,1,0,1,0,0,0
33166,0,0,0,0,0,1,0,0,0
33637,0,0,0,0,0,0,0,0,1
33645,0,1,0,0,0,1,0,0,0
33960,0,0,0,0,0,1,0,0,1
34134,0,1,0,0,0,1,0,0,0
34286,0,0,1,0,0,1,0,0,0
34295,0,0,1,0,0,1,0,0,0
34590,0,0,0,1,0,1,0,0,0
34645,0,0,0,1,0,0,0,1,1
35349,0,1,0,1,0,1,0,0,0
35408,0,1,1,0,1,0,0,0,1
35785,0,0,0,1,0,1,0,1,0
35821,0,0,0,0,1,1,1,1,1
35960,0,0,0,0,0,0,0,1,1
36081,0,0,0,0,0,0,1,1,1
36098,0,0,0,0,0,1,0,0,0
36225,0,0,0,0,0,1,0,0,0
36822,0,0,0,0,0,1,0,0,0
37065,1,0,0,1,1,0,0,0,0
37098,0,0,0,0,0,1,0,0,0
38679,0,0,0,0,0,1,0,0,0
38762,0,1,0,0,0,0,0,0,0
39071,0,0,0,1,0,0,0,0,0
39742,1,1,0,0,1,0,0,1,0
39801,0,0,0,0,0,0,0,1,0
39914,0,0,0,0,0,0,0,0,1
40380,0,0,0,1,0,1,0,0,0
40787,0,0,0,0,0,1,0,0,0
41569,0,0,0,0,0,1,0,0,0
41570,0,0,0,0,0,1,0,0,1
41923,0,0,0,0,0,0,0,0,0
41971,0,0,0,0,0,0,0,0,1
42745,0,0,0,0,1,0,0,1,1
43045,0,0,0,0,1,0,1,0,1
43046,0,1,0,0,0,0,1,0,1
43263,1,1,1,1,1,0,0,0,1
43579,0,0,0,0,0,1,0,0,0
47649,0,1,0,0,0,1,0,0,0
49988,0,0,0,0,1,0,1,1,0
50006,0,0,1,0,1,0,0,0,0
50216,0,0,1,0,0,0,1,1,0
50608,0,1,0,1,1,0,0,0,0
51381,0,0,1,0,0,0,0,0,1
53517,0,1,0,1,0,1,0,0,0
53654,0,0,0,0,0,1,0,0,0
60968,0,0,0,1,1,0,0,1,1
60979,0,0,1,0,0,0,1,0,1
60983,0,1,1,0,0,0,0,0,1
60985,0,0,1,0,1,0,0,1,0
60990,0,0,1,1,0,0,1,1,0
60995,0,0,0,1,0,0,1,0,0
60997,0,0,0,0,0,0,0,0,1
60998,0,0,1,0,0,0,1,1,0
60999,0,0,1,0,0,0,1,0,0
61005,0,0,0,0,1,0,1,0,1
61006,0,1,1,1,1,1,0,0,1
61007,0,0,1,0,1,0,1,0,1
61010,0,0,1,1,0,0,1,0,1
61014,0,1,1,0,0,0,0,0,1
61015,0,1,0,0,1,0,0,0,0
61016,0,1,0,1,0,0,0,0,0
61020,0,0,0,0,1,1,0,1,1
61024,0,0,0,1,1,0,0,0,0
61027,1,0,0,0,0,0,0,0,1
61030,0,0,0,1,1,0,1,0,0
61031,0,0,0,0,1,0,0,0,1
61035,0,0,0,0,0,0,1,1,1
61040,0,0,0,0,0,0,0,1,0
61041,0,0,0,0,0,0,0,0,1
61045,0,1,0,0,0,1,0,0,1
61048,0,0,0,1,1,1,1,1,0
61050,0,0,1,0,1,0,1,1,0
61052,0,0,0,0,0,0,1,1,0
61054,0,0,1,1,0,0,1,1,1
61060,0,0,0,0,0,0,0,0,1
61085,0,0,1,0,1,0,1,1,0
61092,0,0,0,1,1,1,0,1,0
61093,0,0,1,0,1,0,0,1,0
61096,0,0,1,0,1,0,0,0,0
61098,0,0,1,0,1,0,1,1,0
61124,0,0,1,0,1,0,0,0,1
61125,0,0,0,0,0,0,0,1,1
61126,0,0,1,0,0,0,0,1,1
61129,0,0,0,0,0,0,0,0,1
61130,0,0,0,0,0,0,0,1,1
61134,0,0,1,0,1,0,1,1,1
61137,1,0,0,0,1,0,0,0,0
61138,0,1,0,0,0,0,0,0,1
61151,1,0,0,0,0,1,0,0,1
61153,0,0,0,0,0,1,0,1,1
61155,0,0,1,0,0,0,0,0,1
61159,0,0,1,0,0,0,0,0,1
61160,0,0,0,0,1,0,0,0,1
61166,0,1,0,1,1,0,0,0,0
61167,0,0,0,1,1,0,0,0,1
61171,0,1,0,0,0,1,0,0,0
61177,1,0,1,1,1,0,0,0,0
61183,0,1,1,0,1,0,0,0,1
61184,1,0,0,0,0,0,0,0,1
61185,0,1,1,0,1,0,1,0,0
61192,0,0,0,0,0,1,0,0,1
61199,0,0,0,0,0,0,0,0,1
61200,0,0,1,0,0,1,0,0,1
61202,0,0,1,1,0,0,0,0,0
61204,0,0,0,0,0,0,0,0,1
61209,0,0,0,0,0,0,0,0,1
61217,0,1,0,0,0,1,0,0,0
61229,0,0,1,0,0,0,1,0,1
61235,0,0,0,1,1,1,0,0,0
61240,0,0,1,0,0,1,1,0,0
61243,0,0,0,0,0,1,1,0,0
61252,0,0,0,0,0,1,0,0,1
61260,0,0,0,1,0,1,0,0,0
61261,0,1,0,0,0,1,0,0,1
61262,0,0,1,0,0,0,1,1,0
61275,0,0,0,1,0,0,1,0,0
61278,1,0,0,0,1,1,0,0,0
61282,0,0,0,0,0,1,0,0,0
61284,0,0,1,0,0,0,0,1,1
61290,1,0,0,1,0,0,1,0,1
61293,1,0,0,1,1,0,0,1,1
61294,0,0,1,0,0,0,0,0,1
61295,0,1,0,1,0,1,0,0,0
61296,1,0,1,0,1,0,0,0,0
61302,0,0,0,0,1,0,1,0,0
61303,0,0,0,0,1,1,0,0,0
61304,1,0,0,0,1,0,0,0,0
61310,1,0,0,1,1,0,0,0,0
61319,1,1,0,0,1,1,0,0,1
61325,1,0,1,0,1,0,0,0,1
61331,0,0,0,0,0,0,0,1,1
61334,0,0,0,0,1,0,0,0,1
61337,0,0,0,0,1,1,0,0,1
61341,0,0,1,0,0,0,0,0,1
61342,1,1,0,1,0,1,0,0,0
61346,0,0,0,0,0,1,0,0,0
61351,1,0,0,0,1,1,0,0,1
61359,0,0,0,1,0,0,0,1,0
61361,0,0,0,0,0,0,0,0,0
61362,0,0,0,0,0,0,0,0,1
61375,1,1,1,1,1,0,0,0,0
61384,0,0,0,0,1,0,0,1,1
61386,1,1,0,0,0,0,0,0,0
61400,0,0,1,0,0,0,0,0,1
61401,0,1,0,0,0,0,1,1,0
61402,0,0,0,0,1,0,0,1,0
61403,0,0,0,1,0,1,1,0,0
61404,0,0,1,0,0,1,0,0,1
61405,1,0,1,0,1,0,0,0,0
61406,0,0,0,0,1,0,0,0,0
61407,0,0,1,0,1,0,0,0,0
61408,0,1,0,0,1,0,0,0,0
61410,1,1,0,0,1,1,0,0,0
61412,1,0,1,0,0,1,0,0,1
61415,1,1,0,1,1,0,0,0,1
61416,0,0,0,0,1,0,0,1,1
61417,0,0,1,0,1,0,1,0,1
61418,0,0,0,0,1,0,0,1,1
61431,0,1,0,1,0,0,0,1,1
61434,0,0,1,0,0,0,1,1,0
61435,0,0,0,0,1,0,0,0,1
61446,1,0,0,0,1,0,0,0,1
61447,0,0,1,0,1,0,1,0,0
61448,0,1,0,0,1,1,0,0,0
61450,1,0,0,1,1,0,0,1,1
61451,0,0,0,1,0,1,0,0,0
61452,0,0,1,0,1,0,0,0,1
61453,0,0,0,1,0,0,0,0,0
61455,1,0,1,1,0,0,0,0,0
61457,0,0,1,0,1,0,1,0,0
61464,0,0,0,1,0,0,0,0,1
61466,1,0,1,0,1,0,0,0,0
61502,0,0,0,0,0,1,0,0,1
61516,0,0,0,0,1,0,1,1,0
61517,0,0,1,1,1,0,0,0,0
61521,0,0,1,0,0,0,0,1,1
61523,0,0,1,0,0,0,1,1,0
61524,0,0,0,1,0,1,1,0,0
61527,0,0,1,0,0,1,0,0,0
61586,0,0,1,0,0,0,0,0,1
61590,0,0,0,0,1,1,1,0,1
61592,1,0,0,0,1,0,0,0,1
61633,0,0,0,0,0,1,0,0,1
61634,0,0,0,0,0,1,0,0,1
61641,1,0,0,1,1,1,0,0,0
61653,0,0,0,0,0,1,0,0,0
61656,0,0,0,0,0,1,0,0,0
61657,0,1,0,0,0,1,0,0,0
61658,0,0,0,0,1,0,0,0,1
61659,0,0,0,0,0,1,0,0,0
61660,0,0,0,0,0,1,0,0,0
61661,0,0,0,0,0,1,0,0,0
61662,0,1,0,0,0,1,0,0,0
61663,0,0,0,0,0,0,0,0,1
61664,0,1,0,0,1,1,0,0,1
61665,0,0,0,0,0,0,0,0,1
61670,0,0,0,0,0,1,0,0,0
61696,0,0,1,0,0,0,0,0,0
61700,0,0,0,1,0,1,0,0,0
61712,0,0,0,0,0,1,0,1,1
61715,0,0,0,1,0,0,0,0,0
61738,0,0,0,1,1,0,0,0,1
61743,0,1,0,0,1,0,0,0,1
61746,0,0,1,0,1,1,1,0,0
61771,0,0,0,0,0,0,0,0,1
61780,0,0,0,0,1,0,1,1,0
61781,0,0,1,0,1,0,0,1,0
61808,1,0,0,1,0,1,0,0,1
61809,0,0,1,0,0,1,0,0,1
61812,1,0,0,0,1,0,0,0,0
61814,0,0,1,0,0,0,0,0,1
61829,0,1,0,0,0,1,0,0,0
61834,0,0,0,0,0,1,0,0,1
61835,0,0,0,0,0,0,0,0,1
61845,0,1,0,1,0,1,0,0,0
61875,0,0,0,0,1,0,1,1,1
61897,0,0,0,1,1,1,0,0,0
61914,1,1,0,0,1,0,0,0,1
61918,0,0,0,0,0,1,0,0,0
61922,0,1,0,0,0,1,0,0,0
61926,0,0,0,0,0,1,0,0,0
61935,0,0,0,0,1,0,0,0,1
61936,0,0,0,0,0,1,0,0,0
61942,1,0,0,0,0,0,0,0,1
61945,0,1,0,0,0,1,0,0,0
61951,0,0,0,0,0,1,0,0,0
61953,0,0,1,0,1,0,0,1,1
61954,0,0,0,0,1,0,0,0,1
61955,1,0,0,0,1,0,0,0,1
61967,0,0,0,0,0,1,0,1,0
61976,0,1,0,1,0,1,0,0,0
61979,0,0,0,0,0,1,0,0,0
61980,1,0,0,0,0,0,0,0,1
61982,0,0,0,0,0,1,0,0,0
61984,1,1,0,1,1,0,1,0,0
61985,0,0,1,0,0,0,0,0,1
61988,0,0,0,0,0,1,0,0,0
61989,0,1,0,0,0,1,0,0,0
61990,0,0,1,1,1,1,0,1,1
61995,0,0,1,0,0,1,0,0,0
61997,1,0,0,1,0,0,0,0,0
62000,0,0,0,0,0,1,0,0,0
62007,1,0,1,0,1,0,0,0,1
62017,0,0,0,0,1,1,1,0,1
62024,1,0,0,0,1,0,0,0,0
62069,0,0,0,1,0,1,0,0,0
62087,0,0,0,0,0,1,0,0,0
62090,0,1,0,0,0,1,0,0,0
62092,0,0,1,0,0,0,0,0,1
62095,0,0,0,1,1,0,0,1,1
62098,0,0,1,0,0,0,1,1,1
62105,0,0,1,0,0,1,0,0,0
62117,0,0,0,0,0,0,0,1,0
62126,0,0,0,1,0,1,0,0,1
62127,0,0,0,0,1,0,0,1,0
62128,0,0,0,0,0,1,0,0,0
62131,0,0,0,0,0,1,0,0,1
62143,0,0,0,0,0,1,0,0,0
62144,0,0,0,0,0,1,0,0,0
62145,0,1,0,0,0,1,0,0,0
62148,0,0,1,0,0,1,0,0,0
62166,1,1,0,0,1,0,0,0,1
62182,0,0,0,0,0,1,0,0,0
62183,0,0,0,0,0,1,0,0,0
62218,0,0,0,0,1,1,0,0,0
62220,0,1,0,1,0,0,0,0,0
62237,0,0,0,0,0,1,0,0,0
62321,0,1,1,0,1,0,0,0,1
62326,0,1,0,0,0,1,0,0,0
62328,0,0,1,0,1,0,0,1,0
62332,0,0,1,0,0,0,1,1,0
62333,1,0,0,0,1,0,0,0,0
62334,1,0,0,0,1,0,0,1,0
62336,0,0,0,1,0,1,1,1,0
62348,0,0,1,0,0,0,0,1,1
62349,0,0,0,0,0,0,0,0,1
62350,0,0,0,0,0,0,0,0,1
62351,0,0,0,0,0,1,0,0,0
62362,0,0,0,0,0,0,0,1,1
62374,0,0,0,0,0,0,0,0,1
62375,0,0,1,1,0,1,0,0,1
62378,0,0,0,0,1,0,1,1,1
62384,0,0,0,1,1,1,0,0,0
62385,0,0,0,0,0,1,0,1,1
62387,0,0,0,1,0,0,0,0,1
62424,0,1,0,0,0,0,0,0,0
62433,1,0,0,0,1,0,0,0,0
62434,0,1,0,0,0,1,0,0,0
62444,0,1,1,0,1,1,0,0,1
62445,1,0,0,0,1,0,0,0,0
62447,0,0,0,1,0,1,1,1,0
62453,0,0,0,0,0,0,0,1,1
62465,0,0,0,0,0,0,0,1,1
62469,0,0,1,1,1,0,1,0,0
62477,0,0,0,1,1,1,0,0,1
62484,0,0,0,0,0,0,0,0,1
62490,0,0,1,0,1,0,0,0,1
62510,0,0,0,1,0,1,0,0,0
62539,0,0,0,0,0,1,0,0,1
62553,1,0,1,0,0,1,1,1,1
62571,1,1,0,0,0,0,0,0,0
62572,0,0,0,0,1,0,0,0,1
62575,1,1,0,1,1,0,0,0,0
62578,0,0,0,0,1,0,0,0,1
62580,0,0,1,0,1,0,0,0,1
62583,0,0,0,0,1,1,0,0,1
62592,1,0,1,1,1,0,0,0,1
62624,0,0,0,0,0,0,1,1,0
62654,0,0,1,1,0,0,1,0,0
62661,0,0,0,0,0,0,1,0,0
62725,0,0,0,1,0,1,0,0,0
62752,0,0,1,0,0,0,0,0,1
62835,0,0,0,0,0,0,0,0,1
62876,0,0,0,1,0,0,0,0,0
62897,0,0,0,0,0,1,0,0,0
62900,0,0,0,0,0,0,0,1,1
62901,0,0,0,1,0,1,0,0,0
62902,1,1,0,1,1,0,0,0,0
62908,1,0,1,0,1,1,0,0,1
62911,0,0,1,0,0,1,1,0,0
62913,0,0,1,0,0,0,0,0,1
64685,0,0,0,0,0,0,0,1,1
64805,0,1,0,1,0,0,1,0,1
65288,0,0,0,0,0,1,0,0,0
65289,0,0,0,0,1,0,0,0,1
65290,0,0,0,0,0,1,0,0,0
65413,0,0,0,1,0,0,0,0,0
65425,0,0,1,0,1,1,0,0,0
65427,0,0,0,0,0,1,0,0,1
65575,0,0,0,0,0,0,0,1,0
65724,0,0,0,0,1,0,0,1,1
66165,1,1,0,0,1,0,0,0,0
66193,0,0,0,0,0,0,0,0,1
66282,0,1,0,0,0,1,0,0,0
66356,1,0,0,0,1,0,0,0,0
66581,0,0,1,0,0,0,0,1,1
66595,0,0,0,0,0,0,0,0,1
66600,0,0,0,0,0,1,0,0,1
66678,0,0,1,0,0,1,0,0,1
66751,0,1,0,0,0,0,0,1,0
66768,0,0,1,0,1,0,0,0,1
66774,1,0,0,0,0,1,0,0,1
66929,1,0,0,1,1,1,0,0,0
66955,1,1,0,1,1,0,0,0,0
66967,0,0,0,0,0,1,0,0,0
67116,0,0,1,0,0,0,0,1,1
67146,0,0,0,0,0,0,0,0,1
67328,1,0,0,0,1,0,0,0,0
67521,0,1,0,0,0,1,0,0,0
68057,0,0,0,0,0,0,0,1,1
68128,1,0,1,0,0,0,1,1,0
68130,0,0,0,0,1,0,0,0,1
68135,0,0,0,0,0,1,0,0,1
68148,0,0,0,0,0,0,0,1,1
68252,0,0,0,0,0,0,0,1,1
68289,0,0,0,0,0,0,0,1,1
68329,1,1,0,0,1,0,0,0,1
68346,0,0,0,1,0,0,0,0,1
68379,0,0,0,0,1,0,1,0,1
68470,0,0,0,0,0,0,0,1,1
68481,0,0,1,0,0,1,0,0,1
68482,0,0,0,0,1,0,0,0,0
68960,0,0,1,0,0,1,0,0,0
69027,1,0,0,0,1,0,0,0,0
69092,0,0,1,0,1,0,1,0,1
69154,0,0,1,0,0,0,0,0,1
69188,0,0,0,0,1,0,1,0,1
69203,0,0,0,0,0,1,0,0,0
69220,0,1,0,0,0,1,0,0,1
69278,0,0,0,0,0,0,0,1,1
69320,0,0,0,1,0,1,0,0,1
69346,0,0,0,0,0,0,0,0,1
69350,1,1,0,1,1,0,0,0,0
69351,1,1,0,0,1,0,0,0,0
69354,0,0,0,1,1,1,0,0,1
69396,0,0,0,0,1,0,0,0,0
69410,1,0,1,0,1,0,0,0,1
69415,0,0,0,0,0,1,0,0,0
69467,1,1,0,0,0,1,0,0,0
69523,0,0,0,1,0,0,0,0,0
69600,0,0,0,0,0,0,0,0,1
69644,1,0,0,1,0,1,0,1,0
69674,0,0,1,1,0,0,0,0,1
69702,0,0,0,0,0,0,0,1,0
69884,0,0,1,1,0,0,0,1,1
69949,0,0,0,0,1,1,0,0,1
69951,1,0,0,0,1,0,0,0,0
69953,1,0,1,0,1,0,0,0,1
69956,1,0,0,0,1,0,0,0,1
69963,1,0,0,1,0,0,0,0,0
69968,0,1,0,0,0,0,0,0,0
70153,0,1,0,0,0,0,0,0,0
70273,1,1,0,0,1,0,0,0,0
70324,0,0,0,0,0,0,0,1,1
70520,0,0,0,0,0,1,1,0,0
70694,1,0,1,1,1,0,0,0,1
70701,1,0,0,0,1,0,0,0,0
70792,1,1,1,0,1,0,0,0,0
70797,0,0,0,1,0,1,0,0,0
70960,0,0,0,0,1,0,0,0,1
70968,0,0,0,0,0,1,0,0,1
71544,0,0,1,1,0,0,1,0,0
72872,0,0,0,0,0,0,1,0,1
73114,0,0,0,0,0,1,0,0,0
73689,0,0,0,0,0,0,1,0,1
73690,0,0,0,0,0,1,0,0,1
73750,0,0,0,0,0,1,0,0,0
73771,0,0,0,0,0,1,0,0,1
73772,0,0,0,0,1,0,0,0,1
73818,0,0,0,0,0,1,0,0,0
73955,0,0,1,0,0,1,0,0,0
74008,1,1,1,0,1,0,0,0,1
74096,0,0,0,1,1,0,0,0,0
74137,1,0,1,1,0,1,0,0,0
74174,1,0,0,1,1,0,0,0,0
74201,0,0,0,0,0,1,0,0,1
74213,0,1,0,0,0,1,0,0,0
74279,1,1,0,0,1,1,0,0,1
74346,1,0,0,0,0,1,0,0,1
74351,0,0,0,1,0,1,0,1,0
74361,0,0,0,0,0,1,0,0,0
74507,1,1,0,0,1,0,0,0,1
74690,0,1,0,0,0,0,0,0,0
74786,1,0,0,0,1,0,0,0,0
74901,1,1,0,0,1,0,0,0,1
74904,0,0,1,0,0,0,0,0,1
74915,0,1,0,1,0,1,0,0,0
75024,0,0,0,0,1,1,0,0,1
75033,0,0,1,1,0,1,1,1,0
75140,0,0,0,1,0,0,1,1,1
75187,0,0,1,0,1,0,1,0,1
75232,0,0,0,0,0,1,0,0,0
75263,0,0,0,0,0,1,0,0,0
75319,1,1,0,0,1,0,1,1,0
75320,1,1,0,1,1,0,0,0,0
75321,0,1,0,0,1,0,0,0,0
75364,0,1,0,0,0,0,0,1,1
75427,0,0,0,1,0,1,0,1,0
75468,0,0,1,0,0,0,1,1,1
75469,0,0,1,0,0,0,1,0,1
75486,0,0,0,0,1,0,1,1,0
75513,1,1,0,1,0,0,0,0,0
75552,0,1,0,0,0,1,0,0,0
75554,1,0,0,0,1,0,0,0,1
75664,0,0,0,0,0,1,0,0,0
75836,0,0,1,0,1,0,0,1,1
76152,0,0,0,0,0,1,0,0,0
76153,0,0,0,0,0,1,0,0,0
76326,1,0,0,0,1,0,0,0,1
76662,0,0,1,0,1,0,0,0,0
76674,0,0,1,0,0,0,0,0,1
76889,0,0,1,0,0,0,0,1,1
76922,0,0,0,1,0,1,0,0,0
76963,0,0,0,0,1,0,1,0,0
77129,0,0,0,1,0,0,0,0,0
77151,0,0,0,0,0,1,0,0,0
77153,0,0,0,0,0,0,0,0,1
77223,1,1,0,1,1,0,0,0,0
77224,1,1,0,1,1,0,1,0,0
77225,1,1,0,1,1,0,0,0,0
77255,0,1,0,0,1,1,1,0,1
77289,1,1,0,1,1,1,0,0,0
77366,0,1,0,0,1,0,0,0,1
77544,0,0,0,0,1,0,0,0,1
77652,0,1,0,0,0,1,0,0,0
77743,0,1,0,0,0,1,0,0,1
77775,0,1,0,0,0,1,0,0,1
77837,0,0,0,0,0,1,0,0,0
77840,0,0,0,1,0,1,0,0,0
77845,0,1,0,0,0,0,0,0,0
77907,1,0,0,1,0,1,0,0,1
77932,1,1,0,0,0,1,0,0,0
78120,0,0,0,1,0,1,0,0,0
78126,1,1,0,0,0,1,0,0,0
78151,0,0,0,0,0,1,0,0,0
78160,0,0,0,0,0,1,0,0,0
78199,1,1,0,1,1,1,0,0,0
78236,0,1,0,1,1,1,0,0,0
78245,0,1,0,0,1,0,0,0,0
78252,0,1,0,0,0,1,0,0,0
78405,0,0,1,0,0,1,0,1,0
78435,0,0,0,0,0,0,0,1,0
78484,0,1,1,1,0,0,1,0,0
78750,0,0,1,1,0,0,0,0,0
78760,0,0,1,0,0,1,0,0,1
78879,1,1,0,1,0,0,0,0,0
78925,0,1,0,0,0,1,0,0,0
78941,0,0,1,0,1,0,0,1,1
79023,0,0,0,0,0,0,0,0,1
79035,0,0,0,0,0,0,0,1,0
79049,0,0,0,0,1,0,0,0,1
79065,1,0,1,0,1,0,0,0,1
79086,0,0,0,0,0,1,0,0,0
79089,0,0,0,0,0,1,0,0,0
79098,1,0,0,0,0,0,0,0,0
79117,1,0,0,1,1,1,0,0,1
79148,0,1,0,0,0,1,0,0,0
79187,0,1,0,0,1,0,1,1,0
79298,0,0,1,0,0,0,1,1,0
79310,0,0,1,1,0,0,0,0,1
79406,0,0,0,0,0,0,1,1,1
79409,0,0,1,0,0,0,0,1,1
79457,1,0,0,0,1,0,0,0,1
79487,0,0,1,0,0,0,0,0,1
79541,0,0,0,0,1,0,1,0,0
79544,1,1,0,0,1,0,0,0,0
79546,0,0,1,0,1,0,0,1,0
79552,1,1,0,0,0,0,0,1,1
79555,0,1,0,0,0,0,0,0,0
79581,0,1,0,0,1,0,0,0,0
79582,1,1,0,0,1,0,0,0,0
79735,0,0,1,0,1,0,1,1,1
79738,0,0,1,0,1,0,0,0,1
79753,1,1,0,1,0,1,0,0,0
79782,0,0,1,1,0,0,1,1,0
79803,0,1,0,0,0,1,0,0,1
79813,0,0,1,0,0,0,1,0,1
79828,0,1,0,0,0,1,0,0,0
79911,0,0,1,0,0,1,0,0,0
80018,0,1,0,1,1,0,0,0,0
80024,0,1,0,0,1,0,0,0,1
80046,0,1,0,1,0,1,0,0,0
80284,0,1,0,1,0,1,0,0,0
80345,0,0,1,0,0,0,0,0,1
80353,0,0,0,0,1,0,0,1,0
80354,1,0,0,0,1,0,0,0,0
80388,1,0,0,0,1,1,0,0,0
80408,0,1,0,0,0,1,0,0,0
80454,0,0,0,0,1,0,0,0,0
80455,1,1,1,0,0,0,0,1,1
80584,0,0,1,1,0,1,1,0,0
80606,1,1,0,0,1,0,0,0,0
80790,0,0,0,1,0,0,0,1,1
80792,0,0,0,0,1,0,0,1,0
80800,0,0,0,1,1,0,1,0,0
80865,1,0,1,0,1,0,0,1,1
80960,0,0,1,0,0,0,1,1,0
81006,1,1,0,0,1,0,0,0,0
81045,1,1,0,1,0,1,0,0,0
81102,0,0,1,0,1,0,0,0,1
81221,0,0,0,0,0,1,0,1,0
81263,0,0,1,0,0,0,1,1,0
81359,0,0,1,0,1,0,0,0,1
81464,1,1,1,1,1,1,0,0,0
81784,0,0,1,0,1,0,1,0,1
81834,1,1,0,1,1,0,0,0,0
81894,0,0,1,0,1,0,0,1,0
81898,0,0,0,0,0,0,1,1,0
81964,1,0,0,0,1,0,1,1,1
82202,0,1,0,0,0,1,0,0,0
82229,0,0,1,0,0,0,0,0,1
82336,0,0,0,0,0,0,0,0,1
82397,1,0,1,0,1,0,0,0,0
82493,0,0,0,0,0,0,1,0,0
82511,0,0,0,0,1,0,1,0,1
82584,1,0,0,0,1,0,0,0,1
82610,0,0,0,0,1,0,0,1,0
82613,0,0,0,0,0,0,1,0,1
82635,1,1,0,1,1,0,0,0,0
82650,0,0,0,0,0,1,0,0,0
82664,0,0,1,0,1,0,1,0,1
82757,0,0,0,1,0,1,0,0,1
83035,1,1,0,1,0,1,0,0,0
83036,1,1,0,1,0,1,0,0,0
83084,1,0,1,0,1,0,0,0,1
83268,0,0,0,0,0,0,1,1,0
83453,0,1,0,1,0,1,0,0,0
83466,1,1,0,1,0,1,0,0,0
83553,0,0,0,0,1,1,0,0,1
83653,0,0,1,0,0,1,0,0,1
83655,0,0,1,0,0,1,0,0,1
84216,0,0,0,0,0,0,0,0,1
84234,0,1,0,0,0,1,0,0,0
84338,0,1,0,0,0,0,0,0,0
84556,0,0,0,0,1,0,1,0,1
84559,1,1,0,1,0,0,0,1,0
84825,0,0,0,0,0,1,0,1,0
85053,0,0,0,1,0,1,0,0,0
85071,1,0,0,1,1,0,0,0,1
85073,0,0,0,0,0,1,0,0,0
85224,0,0,0,0,0,1,0,0,0
85418,0,1,0,0,1,0,0,0,1
85519,0,0,0,1,0,1,0,0,0
85520,1,1,0,0,1,1,0,0,0
85521,0,1,0,0,0,1,0,0,0
85522,1,1,0,0,1,1,0,0,0
85730,0,0,1,0,0,1,0,0,1
85755,0,0,0,0,0,1,1,1,0
85826,0,0,0,1,0,1,1,0,0
85994,0,0,0,0,1,0,0,0,0
86043,1,1,0,0,1,0,0,0,1
86044,0,0,1,1,1,0,0,0,1
86558,0,0,0,0,1,1,0,0,1
86573,0,1,0,1,0,0,0,0,0
86579,0,0,0,0,0,0,0,0,0
86707,0,0,0,0,0,0,0,0,1
86733,1,1,0,0,1,1,0,0,1
86741,0,0,1,0,1,1,0,0,1
86749,0,0,0,0,0,0,1,1,0
86751,0,0,0,0,0,0,1,1,0
86753,0,0,0,0,1,0,0,0,0
86782,0,1,0,0,1,1,1,0,0
86783,0,1,0,0,0,0,1,0,0
86799,0,0,1,0,0,0,1,0,1
86834,0,0,1,0,1,0,0,0,1
86851,1,1,0,0,1,0,0,0,1
87083,0,0,1,0,1,0,0,0,1
87085,0,0,1,0,1,0,1,0,1
87170,0,0,1,0,0,1,0,0,1
87198,0,0,0,1,0,1,0,0,0
87436,0,0,0,1,0,1,0,0,0
87466,0,0,0,1,0,1,0,0,0
87598,1,0,0,0,1,0,0,0,1
87630,0,0,0,0,0,0,1,1,0
87762,0,1,0,0,0,1,0,0,0
87793,1,1,0,1,0,1,0,0,0
87813,0,1,0,1,0,0,1,1,0
87927,0,0,0,1,0,0,0,0,0
87947,0,0,0,1,1,0,1,0,0
88290,1,0,0,0,1,1,0,0,1
88332,0,0,0,0,0,0,0,0,1
88362,1,0,0,0,1,0,0,0,1
88453,1,1,0,0,1,0,0,0,1
88454,0,1,0,0,1,0,0,0,1
88561,0,0,0,0,1,0,0,0,1
88667,1,0,1,0,1,0,0,0,1
89084,0,1,1,0,1,0,0,0,0
89307,0,0,0,0,1,0,0,0,0
89316,0,0,0,0,0,0,0,1,0
89463,0,0,0,1,1,0,0,0,0
89464,0,0,0,1,1,0,0,0,0
89559,0,0,0,0,0,0,0,0,1
89560,0,1,1,0,0,1,0,0,0
89734,0,1,1,0,1,0,0,0,0
90136,0,0,0,0,1,0,1,0,1
90160,0,0,1,1,1,0,0,0,0
90245,0,0,0,0,0,1,0,0,1
90246,0,1,0,0,0,1,0,0,1
90607,0,0,1,0,0,0,1,1,0
90927,0,0,0,0,0,1,0,0,0
90960,0,0,0,0,0,0,0,0,1
90972,1,1,0,1,1,1,0,0,0
90984,1,1,0,1,1,0,0,0,0
91162,1,0,0,1,1,0,1,0,0
91163,0,0,0,0,1,0,1,0,0
91361,0,0,0,0,0,0,0,0,0
91388,0,0,0,0,0,0,0,1,1
91409,1,1,0,1,0,1,0,0,0
91496,0,0,1,0,1,0,0,1,0
91508,0,0,1,0,0,0,0,0,1
91604,0,0,0,0,0,1,1,1,0
91849,1,0,0,0,1,0,0,0,0
91850,0,0,0,1,1,0,0,0,0
91978,1,0,1,1,0,0,0,0,0
92018,0,0,0,0,1,0,0,1,0
92083,0,0,1,0,0,0,0,0,0
92138,0,0,1,1,0,0,1,1,0
92210,1,0,0,1,1,1,0,0,0
92595,0,0,0,0,1,0,1,0,1
92640,1,1,0,0,1,1,0,0,0
92779,0,1,0,0,1,1,0,0,1
92780,0,0,0,0,0,0,0,1,1
92814,0,0,0,0,1,0,0,0,1
92821,0,0,1,0,0,0,0,0,1
92972,0,0,0,0,0,1,0,0,0
93009,0,0,1,0,0,0,0,1,1
93046,0,0,0,0,0,0,0,0,1
93081,0,0,0,1,1,0,0,1,0
93111,0,0,1,0,1,0,0,0,1
93199,0,0,0,0,0,1,1,1,0
93236,0,1,0,0,0,1,0,0,0
93375,0,0,0,1,0,1,1,1,0
93649,0,0,0,0,0,0,0,1,1
93661,1,0,1,0,1,0,0,0,0
93769,0,0,1,0,0,1,0,0,1
93781,0,0,1,0,0,0,1,0,1
93831,1,0,1,0,1,0,0,0,0
93838,0,0,0,0,1,0,1,1,0
93869,0,0,0,0,0,1,0,0,1
93896,0,1,1,0,0,0,0,1,0
94001,0,0,0,0,0,0,0,0,1
94077,0,0,0,0,1,0,0,1,1
94143,0,0,0,0,0,1,1,1,1
94164,0,0,1,0,0,0,0,1,0
94174,0,0,1,1,0,0,1,1,0
94182,1,0,0,0,1,0,0,0,0
94206,0,0,0,0,0,1,0,0,0
94217,0,0,0,0,0,1,0,0,0
94282,0,0,0,1,0,0,0,0,1
94292,0,1,0,0,1,0,0,0,0
94310,1,0,0,0,0,0,0,1,0
94339,0,1,0,0,1,0,0,0,0
94349,0,0,1,0,0,0,0,0,1
94378,0,0,0,0,0,0,0,1,0
94386,1,0,0,0,0,0,0,0,1
94454,0,1,0,0,0,0,0,0,1
94579,0,0,0,1,1,0,0,0,1
94602,0,0,1,0,1,0,1,0,0
94608,0,0,1,0,1,0,0,0,0
94886,0,0,0,1,1,1,0,0,1
95007,0,0,0,0,1,1,0,0,1
95016,1,0,0,0,0,0,0,0,1
95086,0,0,0,0,0,0,0,0,1
95136,0,0,1,0,0,0,1,1,0
95266,0,0,0,1,0,0,1,1,0
95269,1,0,0,1,1,0,0,0,0
95315,0,1,0,0,1,0,0,0,1
95385,0,1,0,0,1,0,0,0,0
95392,1,0,1,0,1,0,0,0,1
95395,0,0,1,0,1,1,0,0,1
95397,0,0,0,1,1,0,1,1,0
95425,0,1,0,0,1,0,0,0,0
95466,1,0,0,1,1,0,1,0,0
95495,0,0,1,0,1,0,1,1,1
95539,0,0,0,0,1,0,0,0,1
95540,0,1,0,0,1,0,1,0,0
95568,0,0,0,0,1,0,0,0,0
95572,0,0,0,1,1,0,1,1,0
95594,0,1,1,1,1,0,1,1,1
95609,0,0,0,0,0,1,0,0,1
95633,0,0,1,1,0,0,1,1,0
95644,0,0,0,1,0,1,0,1,0
95950,0,0,0,0,0,0,0,0,0
95978,1,1,0,0,1,1,0,0,0
95979,0,0,0,1,1,0,1,0,0
96204,0,0,0,1,0,1,0,0,1
96325,0,0,1,0,1,0,0,0,1
96461,0,0,1,0,1,0,0,0,1
97707,0,0,0,0,0,0,0,0,1
97730,0,0,0,1,1,1,0,0,0
97747,0,0,0,0,0,0,0,0,1
97785,0,0,0,1,0,1,1,0,0
97881,1,0,1,1,1,0,0,0,0
97883,0,0,0,0,1,0,0,0,0
97895,1,0,0,0,1,0,0,0,0
97987,0,0,0,0,1,0,1,0,0
98004,0,0,0,0,0,0,0,1,1
98054,0,0,1,0,1,1,0,0,1
98081,0,0,1,0,0,0,1,0,1
98083,1,0,0,0,1,0,0,0,1
98118,0,0,0,0,0,0,1,0,0
98218,1,1,0,1,1,0,0,0,0
98280,0,0,0,0,0,1,0,0,0
98323,0,0,0,0,0,0,0,0,1
98330,0,1,0,0,0,1,0,0,1
98403,0,0,0,0,0,1,1,1,0
98461,1,1,0,1,1,1,0,0,0
98471,0,0,0,0,1,1,0,0,1
98478,0,0,1,1,0,0,0,1,1
98492,1,0,1,0,1,0,0,1,1
98781,0,1,0,0,0,1,0,0,0
99611,0,0,0,1,0,1,0,1,1
99643,0,0,1,0,1,0,1,1,1
100031,0,0,0,0,0,0,0,0,1
100240,0,0,0,1,0,0,0,1,0
100495,0,0,1,0,1,0,1,0,1
100851,1,1,0,1,1,0,0,0,0
100927,0,1,0,0,0,1,0,0,0
100936,0,0,0,0,1,0,1,1,1
100990,0,0,1,0,1,0,0,0,0
101003,0,0,0,0,0,1,0,0,1
101004,0,0,0,0,0,1,0,0,0
101005,0,0,0,0,0,1,0,0,0
101010,1,1,0,1,1,0,0,0,1
101023,0,0,0,0,1,0,1,0,1
101080,0,0,1,0,1,0,0,0,0
101115,0,0,0,0,0,0,0,0,1
101144,0,0,1,0,0,0,1,0,1
101145,0,0,0,0,1,0,0,0,1
101285,0,0,1,0,0,0,1,0,1
101330,0,0,0,0,0,0,1,1,1
101338,1,1,0,0,0,0,0,0,0
101363,1,1,0,0,1,0,0,1,1
101364,0,0,0,1,0,0,1,1,1
101365,0,0,0,0,0,0,0,0,1
101536,0,0,0,0,1,1,0,0,1
101549,0,0,0,0,0,0,0,1,0
101592,0,0,0,0,0,1,1,1,1
101604,0,0,1,0,1,0,1,1,0
101977,0,0,0,0,0,0,0,1,0
102024,0,0,1,1,1,0,0,0,1
102491,0,0,0,0,1,0,0,1,1
102495,0,1,0,0,1,0,0,0,0
102507,0,0,0,0,0,0,1,1,0
102515,0,1,0,0,1,1,0,0,0
102550,0,0,0,0,1,0,1,0,0
102553,0,0,0,0,1,0,0,0,1
102562,0,0,0,0,0,0,0,1,0
102567,0,0,0,0,0,0,0,1,1
102578,0,0,1,0,1,0,0,1,0
102604,0,0,1,0,0,0,1,1,0
102611,0,0,1,0,0,0,1,1,1
102648,0,0,0,0,0,0,0,0,1
102667,0,0,1,0,0,0,0,0,1
102680,0,0,0,1,0,0,0,0,0
102772,0,0,0,1,0,0,1,0,1
102794,0,0,0,0,1,0,0,0,1
102815,1,1,0,1,1,0,0,0,0
102817,1,1,1,0,1,0,0,0,0
102820,0,0,1,0,1,0,0,0,0
102833,0,0,0,0,0,1,0,0,1
102844,0,0,0,0,1,1,0,1,0
102846,1,0,0,0,1,1,0,0,1
102849,0,0,0,1,0,1,0,0,0
102855,1,1,0,0,1,0,0,0,0
102861,0,0,0,0,1,0,1,0,1
102916,0,0,0,0,1,0,0,1,0
102967,1,0,0,1,1,1,0,0,0
102968,0,0,0,0,0,0,0,0,1
102993,1,0,1,1,1,1,0,0,1
103018,0,0,0,0,1,0,0,1,0
103034,0,0,0,0,0,1,0,0,0
103310,0,0,0,0,0,0,1,0,0
103381,0,0,0,0,0,0,0,1,1
103404,1,0,0,0,0,1,0,0,0
103653,0,0,1,1,1,0,1,1,0
103688,0,0,1,0,1,0,0,0,0
103788,1,1,0,0,0,1,0,0,1
103814,0,0,0,0,0,1,0,1,0
103826,0,0,0,0,0,0,1,1,0
103858,1,1,0,0,0,1,0,0,0
104170,1,1,0,0,1,0,0,0,0
104224,0,1,0,0,0,0,0,1,0
104421,1,0,0,0,0,0,0,0,0
104425,1,0,1,0,0,1,0,1,0
104486,0,0,0,0,1,0,1,1,0
104487,0,1,0,1,1,0,0,1,0
104512,0,0,0,0,1,1,1,0,0
104513,0,0,0,1,0,1,0,0,0
104620,0,0,0,0,0,1,0,0,0
104721,0,0,0,0,0,1,0,0,0
105179,0,0,1,0,0,0,1,1,1
105426,0,0,0,0,1,0,1,1,1
105513,0,0,0,0,0,1,1,0,0
105516,0,0,0,0,0,0,0,1,0
105595,0,0,1,0,1,0,1,0,0
105844,0,0,0,0,1,0,0,0,1
106158,0,0,1,1,0,0,1,0,0
106216,0,0,0,1,0,1,0,1,0
106217,0,0,0,0,0,1,0,0,1
106443,0,0,0,1,0,1,0,0,0
106530,0,1,0,0,0,0,0,0,1
106711,0,0,0,1,0,0,0,1,0
106729,1,0,0,1,1,0,0,0,0
106730,0,0,0,1,1,0,0,0,0
106756,0,0,0,1,1,0,0,0,1
106766,0,0,0,0,0,1,0,1,0
106788,0,0,0,0,0,0,0,1,0
106826,0,0,0,0,0,0,1,0,1
106917,0,0,1,0,1,0,0,1,1
106997,0,0,0,0,0,1,0,0,0
107059,1,1,0,0,1,0,0,0,1
107065,0,0,0,0,0,0,0,1,1
107152,0,0,1,0,0,0,0,1,0
107231,1,0,0,0,1,0,0,0,1
107381,0,0,0,1,0,1,1,0,0
107561,0,0,0,0,0,0,0,0,1
108244,1,1,0,1,0,1,1,0,0
108410,0,0,1,0,1,0,0,1,0
108501,0,0,0,0,0,1,0,0,0
108518,1,0,0,1,1,0,1,0,0
108529,0,0,0,0,0,0,1,0,0
108625,0,0,0,1,0,0,1,1,0
108764,0,0,0,0,0,1,0,0,0
108765,0,0,0,0,0,1,0,0,0
108879,0,0,1,0,0,0,1,1,0
108902,1,0,0,0,0,0,0,0,1
109095,1,1,0,0,1,1,1,0,0
109183,0,0,0,1,0,1,0,0,0
109224,0,0,0,1,1,0,1,1,0
109257,0,0,0,1,1,0,0,1,0
109319,0,0,1,0,1,0,1,0,0
109332,1,1,0,0,1,1,0,0,0
109418,0,0,0,0,0,0,1,1,1
109455,0,0,1,0,0,0,0,0,1
109457,0,0,1,0,0,0,0,0,0
109467,0,0,1,0,1,0,0,1,0
109637,0,0,0,0,0,0,1,0,1
109828,0,0,0,0,0,1,0,0,1
110373,0,0,0,1,1,1,0,0,1
110543,0,0,0,0,1,0,0,0,1
110661,0,0,0,0,0,0,0,0,1
110664,0,0,1,0,1,0,1,1,1
110740,1,1,1,0,1,0,0,0,1
110747,0,0,0,1,0,0,0,1,0
110759,0,0,0,0,1,0,1,0,1
110760,0,0,1,0,1,0,0,1,1
110909,1,1,0,1,1,0,0,0,0
110941,1,1,0,1,0,1,0,0,0
110968,1,1,0,0,0,1,0,0,0
110975,1,0,1,1,1,0,0,0,0
110976,0,0,0,0,0,1,0,0,0
110977,0,0,0,0,0,1,0,0,1
111037,0,0,1,0,0,0,0,1,0
111440,0,0,0,0,0,0,0,1,1
111470,0,0,0,0,0,0,0,0,0
111509,0,0,1,0,0,0,0,0,1
111727,1,0,0,1,1,0,0,0,0
111779,0,0,1,0,1,0,0,1,1
112002,1,0,0,0,1,0,0,0,0
112030,1,0,0,0,1,0,0,0,0
112045,0,0,1,0,1,0,0,0,0
112240,0,0,1,0,0,0,0,1,0
112252,0,0,0,1,1,1,0,0,0
112450,0,0,1,0,1,1,1,1,0
112491,0,1,0,0,1,0,1,1,0
112553,1,0,1,1,1,0,1,0,1
112635,0,0,0,0,0,0,1,0,1
112733,1,1,0,1,0,0,1,1,0
113204,0,0,0,0,0,1,0,0,1
113425,1,0,0,0,1,0,1,0,1
113514,0,0,0,0,0,0,1,0,1
114416,1,1,0,0,1,0,1,1,0
114454,0,0,0,1,1,0,1,0,1
114523,1,1,0,1,0,1,0,0,0
116625,0,0,0,0,1,0,0,1,1
117035,0,0,1,0,1,0,1,0,0
117252,0,0,0,0,1,0,0,0,0
117385,0,0,0,1,0,0,0,1,0
117477,1,0,0,0,1,0,0,0,0
117549,0,0,0,0,1,0,1,0,1
117564,0,0,0,0,0,0,0,0,1
117799,1,1,0,1,1,0,0,0,0
118088,0,0,0,0,1,0,0,1,1
118146,0,0,0,1,0,1,1,0,0
118148,1,1,0,1,1,0,0,0,0
118199,1,0,0,0,1,0,0,1,0
118210,1,0,0,1,1,0,0,0,0
118225,0,0,0,0,1,0,0,0,0
118262,0,0,0,1,1,0,0,0,1
118530,1,1,0,1,0,1,0,0,0
118641,1,1,0,1,0,0,0,0,0
118658,1,1,0,1,0,1,0,0,0
118758,0,1,0,1,0,1,0,0,0
118782,1,1,0,1,1,0,0,0,0
118823,0,1,1,0,0,1,0,0,0
118928,1,1,0,1,1,0,0,1,0
119831,0,0,0,0,0,0,0,1,0
119838,0,0,0,0,0,0,0,0,1
119852,0,0,1,0,1,0,0,0,1
119911,1,1,0,0,1,0,0,0,0
119919,0,0,0,1,1,0,1,0,0
120101,0,1,0,1,0,0,0,0,0
121667,0,0,0,0,0,1,0,0,0
121677,0,0,0,0,0,0,0,1,1
121694,0,0,0,1,0,1,0,0,0
121700,0,0,0,0,1,1,0,0,1
121710,0,0,0,0,0,1,0,0,1
121719,0,0,0,0,0,0,0,0,1
121731,0,0,0,0,0,0,0,0,1
121738,0,1,1,0,1,0,0,0,1
121739,0,1,0,0,1,0,0,1,0
121767,0,0,1,0,1,0,1,0,1
121790,1,0,0,1,1,0,1,0,1
121797,0,0,1,0,1,0,0,0,1
122370,0,1,0,0,0,1,0,0,0
122407,0,0,0,0,0,1,0,0,1
122419,1,0,0,0,1,0,0,0,0
122485,0,0,0,0,0,1,1,0,0
122491,0,0,0,1,0,0,0,0,0
122941,0,0,0,0,0,1,0,0,0
123388,0,1,0,0,0,1,0,0,0
123406,0,0,0,0,0,0,0,1,1
125207,0,0,0,0,0,0,0,1,0
125468,0,0,1,0,0,0,0,1,1
137829,0,1,0,0,1,0,0,0,0
137980,0,1,0,0,0,1,0,0,0
138176,1,1,0,1,1,1,0,0,1
138187,0,0,0,1,1,0,1,1,1
138260,1,1,0,1,0,1,0,0,0
138345,0,0,0,0,0,1,0,0,0
138418,1,0,1,0,1,0,0,0,1
138420,1,0,0,0,1,0,0,0,0
138508,0,1,1,0,1,0,0,0,1
138818,0,0,0,0,0,1,0,0,0
139711,1,1,0,0,1,1,0,0,0
140511,0,1,0,1,1,1,0,0,0
141710,0,0,0,0,0,0,0,0,1
141850,1,1,0,0,0,1,1,0,0
142266,0,0,0,0,1,0,1,1,0
142629,0,1,0,0,0,1,0,0,0
143444,1,1,0,1,1,1,0,0,0
143990,0,0,0,0,0,1,0,0,0
146586,0,0,0,0,0,1,0,0,0
146885,0,0,0,1,0,1,0,0,1
149211,0,1,0,0,0,1,0,0,0
151492,0,1,0,0,1,0,0,0,0
152802,0,1,0,0,0,0,0,0,0
152910,1,1,0,0,0,1,0,0,1
155007,0,0,1,0,0,0,1,0,0
155626,0,0,0,0,0,1,1,0,0
155724,0,0,0,0,0,1,0,1,0
156273,0,1,0,1,0,1,0,0,0
160065,0,0,0,1,1,0,1,0,1
161528,1,0,0,0,1,0,0,0,0
161960,0,0,0,0,0,1,1,0,1
162027,0,0,0,0,0,0,1,0,0
162239,1,0,1,1,1,0,0,0,0
162392,0,0,0,1,0,0,1,1,0
162452,0,0,0,0,0,0,0,0,1
162458,0,0,0,0,1,1,0,0,1
162626,0,0,1,1,0,0,1,1,0
162627,0,0,0,0,1,0,0,0,0
163418,0,0,0,0,0,0,0,1,0
163588,0,1,0,0,1,0,1,0,0
164623,0,1,0,0,1,0,0,0,1
165224,0,0,1,0,0,1,0,0,0
166302,0,0,0,1,1,0,0,0,0
166371,1,0,0,0,1,0,0,0,1
169110,0,0,0,1,0,1,0,0,0
169223,1,1,0,0,1,0,0,1,0
169818,0,1,0,1,0,0,0,0,0
169830,0,0,0,0,0,1,0,0,1
170239,0,0,0,0,1,1,0,0,0
170623,0,0,0,0,0,1,0,0,0
170948,0,0,0,0,1,0,0,0,0
170977,0,1,0,0,0,1,0,1,0
173312,1,0,0,0,1,0,0,0,1
173534,0,0,0,1,1,0,0,0,0
173535,0,0,0,1,1,0,0,0,1
174490,0,0,0,0,1,1,0,0,1
175039,1,1,0,1,1,0,0,0,0
175170,0,0,0,1,0,1,0,0,0
175211,0,0,0,0,0,0,1,1,0
175220,0,0,1,0,0,1,0,0,0
175366,0,0,0,1,0,1,0,0,0
175553,0,0,0,0,0,0,0,0,1
175606,0,0,0,0,0,1,0,0,0
181106,0,0,0,0,0,1,0,0,0
181575,0,0,0,1,0,1,0,0,0
184852,0,0,0,1,0,1,0,0,0
198512,0,0,0,0,0,1,1,0,1
206037,0,0,0,0,0,1,0,0,0
208861,1,0,0,0,1,0,0,0,1
208862,1,1,0,1,0,0,0,0,0
208863,1,1,0,1,0,0,0,0,0
215850,0,0,0,0,0,1,0,0,0
216439,0,0,1,0,1,0,0,0,0
219171,0,0,1,0,0,0,0,0,1
219672,0,0,0,0,1,0,0,1,1
219794,0,0,1,0,0,1,0,0,1
220674,0,0,1,0,1,0,0,0,1
221069,0,0,1,0,1,0,0,0,1
221166,0,0,0,0,1,1,0,0,1
221393,1,0,0,0,1,0,0,0,0
221417,0,0,1,1,1,0,0,0,0
221443,1,0,1,0,1,0,0,0,0
221455,0,0,1,0,1,0,1,0,1
221641,0,0,0,0,0,0,0,1,1
221644,0,0,1,1,1,0,1,0,1
221663,0,0,0,0,0,0,1,0,1
221691,1,0,1,1,1,0,1,0,1
223944,0,0,0,0,1,0,0,0,1
225856,0,0,0,0,0,0,1,0,0
226249,0,0,0,0,0,1,0,0,0
226486,0,0,0,0,0,1,0,1,1
226902,1,1,0,0,1,0,0,0,0
226912,1,1,0,0,1,0,0,0,0
226920,1,1,0,0,1,0,0,0,0
227544,0,0,1,0,1,0,0,1,0
227875,1,0,1,0,1,0,0,0,0
228548,0,0,1,0,0,0,0,0,0
228583,0,0,1,0,1,0,0,1,1
228588,0,0,0,0,0,0,0,1,0
228604,1,1,0,1,1,1,0,0,1
228757,0,0,1,0,0,0,0,1,0
228769,1,0,0,1,1,0,0,0,0
228987,0,0,0,1,0,0,1,0,0
229153,0,0,0,0,0,0,1,1,0
229377,1,1,0,1,1,0,0,0,0
229385,0,1,1,0,0,1,0,1,1
229387,0,0,0,0,1,0,0,1,1
229888,1,0,0,1,1,0,1,0,0
230525,0,0,1,0,1,0,1,0,0
230921,0,0,0,0,0,0,0,0,1
231325,0,1,0,0,1,0,0,0,0
235414,0,1,1,0,0,0,0,0,1
236687,0,1,0,1,1,1,0,0,0
237332,1,0,0,0,0,0,0,0,1
238307,0,0,0,1,0,0,0,0,0
238498,1,0,0,1,1,0,0,0,1
240122,0,0,1,0,0,0,1,1,1
240230,0,1,0,0,0,0,0,0,0
240925,0,0,0,0,0,0,0,1,1
243670,0,0,1,0,1,0,0,0,0
243675,0,0,1,0,1,0,1,0,1
243691,0,1,0,0,0,0,0,0,1
243783,0,0,1,0,1,0,1,0,0
243803,1,1,0,0,1,0,0,0,0
244468,0,1,0,0,1,0,0,0,0
244483,0,0,0,0,1,0,0,1,0
245572,0,1,0,0,1,0,0,0,0
246728,0,1,0,0,1,0,0,0,0
246929,0,0,0,0,1,0,1,1,0
247573,0,0,0,0,1,0,0,1,1
248488,0,1,0,0,0,1,0,0,0
249494,0,0,1,0,0,0,1,1,0
250096,0,0,0,0,0,1,0,1,0
251209,1,1,1,0,1,0,0,0,1
251529,0,0,1,0,0,0,1,1,0
251530,0,0,0,0,1,1,0,0,1
251531,0,0,0,0,1,0,0,0,1
256028,0,0,1,1,1,0,0,0,1
256071,0,1,0,0,0,1,0,0,0
263034,0,0,0,0,0,1,0,0,0
279117,0,0,0,0,1,0,1,1,1
280190,0,0,0,0,1,0,0,0,0
281254,0,0,1,0,1,0,1,0,1
285097,0,0,0,0,0,0,0,0,1
287439,1,1,0,0,1,0,0,0,1
288227,0,0,0,0,0,0,0,1,1
289151,0,0,1,0,0,0,0,1,1
292856,0,1,0,1,0,1,0,0,0
307343,0,0,0,0,0,0,0,0,1
324224,0,0,0,0,0,0,0,1,1
330573,0,0,1,0,0,0,0,0,0
345617,0,0,1,0,0,1,0,0,0
346273,0,0,1,1,0,0,0,1,0
346286,0,0,0,1,0,0,1,1,0
347077,0,0,0,0,0,0,1,1,0
347508,0,0,0,0,1,0,1,1,1
347577,0,0,1,0,0,0,0,1,1
347713,0,0,0,0,0,0,0,0,1
347744,0,0,1,0,1,0,0,0,0
348812,0,1,0,1,0,0,0,0,0
349945,0,0,0,0,1,0,0,0,0
381152,0,0,0,0,0,0,0,0,1
429065,0,1,0,0,1,1,0,0,1
439223,0,0,0,0,0,0,1,0,0
439250,0,0,0,0,0,0,0,0,1
439263,0,0,0,0,0,1,0,0,1
439568,0,0,0,0,0,0,0,1,1
439711,0,0,1,0,0,0,0,1,1
439727,0,0,1,0,0,0,0,1,1
440917,0,0,1,0,0,0,0,1,1
441245,0,0,0,0,0,0,0,0,1
441574,0,0,0,0,0,0,0,0,1
441644,0,0,0,0,0,0,0,0,1
442343,0,0,0,0,1,1,1,0,0
442348,0,0,1,0,0,0,0,1,1
442355,0,0,0,0,0,0,0,1,0
442384,0,0,0,0,0,0,0,1,1
442402,0,0,0,0,0,0,0,1,1
442478,0,0,1,0,0,1,0,0,1
442482,0,0,0,0,0,0,0,1,0
442484,0,0,0,0,0,0,0,1,0
442495,0,0,0,0,0,0,0,0,1
442501,0,0,1,0,0,0,1,0,0
443159,0,0,0,0,0,0,0,0,1
443180,0,0,0,0,0,1,0,0,1
444212,0,0,0,0,0,1,0,0,0
444266,1,0,0,0,0,0,0,0,0
444539,0,0,0,0,0,0,0,1,0
444972,0,0,0,0,0,1,0,0,0
445070,0,1,1,0,0,0,1,0,0
447466,0,0,0,0,0,0,0,1,1
448996,0,0,1,0,1,1,0,0,0
459494,0,0,0,1,0,0,0,0,0
459597,0,0,0,0,0,1,0,0,1
510370,0,0,0,1,1,0,0,0,0
517863,0,0,1,1,0,0,0,1,1
517959,1,0,0,0,1,0,0,0,0
517970,0,0,0,1,1,0,0,0,1
518472,0,0,0,1,0,0,0,0,1
518810,1,1,0,0,1,1,0,0,1
518937,0,0,0,0,0,1,0,0,0
519129,1,0,1,1,1,0,0,0,1
519158,0,1,0,0,0,1,0,0,1
519179,1,0,0,1,1,0,0,0,0
519180,0,0,0,1,0,1,0,0,0
519382,0,0,0,0,1,0,1,1,1
519415,1,1,0,1,1,1,0,0,0
519416,0,0,0,0,0,1,0,0,0
519539,0,0,0,1,0,1,0,0,0
519709,0,1,0,0,1,0,0,0,0
519732,0,1,0,1,0,1,0,0,0
519751,0,1,0,0,0,1,0,0,0
519756,0,0,0,0,1,1,0,0,1
519757,0,0,1,0,0,0,1,0,0
519786,0,0,0,1,1,0,0,0,0
519793,0,1,0,0,1,1,0,0,0
519823,0,1,0,0,0,1,0,0,0
519890,1,1,1,1,1,0,0,0,1
519907,0,0,1,0,0,1,0,0,0
520098,0,0,0,1,0,0,0,0,0
520108,0,0,0,0,0,1,0,0,1
520119,0,1,0,0,0,1,0,0,0
520144,0,1,0,0,0,1,0,0,0
520148,0,0,1,1,1,0,1,0,0
520191,0,1,0,0,0,1,0,0,0
520194,0,0,0,0,0,1,0,0,0
520196,0,1,0,0,0,0,0,0,0
520296,0,0,1,0,0,0,0,0,1
520300,0,0,0,0,0,1,0,0,1
520326,1,1,0,0,1,0,0,0,1
520395,0,0,0,0,0,1,0,0,0
520398,0,0,0,0,0,1,0,0,0
520455,0,0,0,1,1,0,0,0,0
520568,0,1,0,1,0,1,0,0,0
520583,1,1,0,1,1,0,0,0,0
520667,0,0,1,0,0,1,0,0,1
520682,0,1,0,0,0,1,0,0,0
520888,0,1,0,0,0,1,0,0,0
520911,0,1,1,0,0,0,0,0,1
520990,0,1,0,1,0,0,0,0,0
521080,1,0,0,1,1,1,0,0,0
521238,0,0,0,1,0,0,1,1,1
521300,0,1,0,0,0,1,0,0,1
521314,0,0,0,0,0,0,0,1,1
521321,0,0,0,0,1,0,0,0,0
521326,0,0,1,1,1,0,0,0,0
521348,1,0,0,0,1,1,0,0,0
521384,0,0,0,1,0,1,0,0,0
521504,0,1,0,0,0,1,0,0,0
521666,1,1,0,0,1,0,0,0,1
521941,0,0,0,0,0,1,0,0,0
522071,0,1,0,0,0,1,0,0,0
522111,0,1,0,1,0,1,0,0,0
522131,0,0,0,0,0,0,0,0,1
522171,0,0,1,0,1,0,1,1,0
522214,1,0,1,1,1,0,0,0,0
522255,0,1,0,0,1,0,0,1,0
522262,0,1,0,1,0,1,0,0,0
522284,0,0,0,0,0,1,0,0,1
522404,1,1,0,0,1,0,0,0,1
522422,1,1,1,0,0,0,1,1,1
522458,0,0,0,0,0,1,0,0,0
522459,0,1,0,1,0,1,0,0,0
522674,0,1,0,0,0,1,0,0,1
522676,1,1,0,0,1,1,1,0,1
522677,1,0,1,0,0,0,0,0,1
522771,0,0,1,0,0,0,1,1,0
522877,0,0,0,0,0,1,0,0,0
523027,0,0,0,0,1,0,0,0,0
523918,0,0,0,0,1,1,0,0,1
524171,0,0,0,0,0,1,0,0,0
524369,1,0,0,0,1,0,0,0,0
524975,0,0,0,0,0,1,0,1,1
525329,0,1,0,0,0,1,0,0,0
525330,0,0,0,0,0,1,0,0,0
525358,0,1,0,1,0,1,0,0,0
525462,0,0,0,0,0,1,0,0,0
525963,0,0,0,0,1,0,0,1,0
526195,0,1,0,0,0,1,0,0,1
526487,0,1,0,0,0,1,0,0,0
526614,0,0,0,0,0,1,0,0,1
526616,0,1,0,0,0,1,0,0,0
526624,0,0,0,0,0,1,0,0,0
527143,0,0,1,0,1,0,1,1,1
527268,0,0,0,0,0,0,0,1,0
527286,0,1,0,0,1,0,1,1,0
527393,1,1,0,0,0,1,0,0,1
527428,0,0,1,0,0,1,0,0,1
527438,0,1,0,0,0,1,0,0,0
527990,1,0,0,0,1,0,0,0,0
527991,1,0,0,0,1,0,0,0,0
528069,0,1,0,0,1,0,0,1,0
528143,0,0,0,0,0,1,0,0,0
528305,0,0,0,1,0,0,0,0,0
528308,0,0,0,0,0,1,0,0,0
528363,0,0,0,0,0,1,0,0,0
528698,0,0,0,0,0,1,0,0,1
528709,0,1,0,0,0,1,0,0,0
528712,0,1,0,0,0,1,0,0,0
529049,0,1,0,0,0,1,0,0,0
529056,0,0,0,0,0,1,0,0,0
529296,1,0,0,0,1,0,0,0,0
529300,1,0,0,1,1,0,0,0,0
529344,0,0,1,0,0,1,0,0,1
529352,0,1,0,1,0,1,0,0,0
529438,0,0,0,0,0,0,0,1,0
529496,1,0,0,1,1,0,1,0,0
529500,1,1,0,1,1,0,0,0,0
529635,0,1,0,0,0,1,0,0,0
529757,0,0,0,0,0,1,0,0,0
529761,0,0,0,0,0,1,0,0,0
529770,0,1,1,0,1,1,0,0,0
529899,0,0,1,0,0,0,0,1,1
530286,0,0,1,1,1,0,0,0,0
530404,0,0,0,0,0,1,0,0,0
530818,0,0,0,0,0,0,1,1,1
534377,0,1,0,0,0,1,0,0,0
535665,0,0,0,0,0,1,0,0,0
536987,1,1,0,0,1,1,0,0,1
537536,0,0,1,1,1,0,0,0,1
537615,0,0,0,1,1,0,1,1,0
537682,0,0,1,0,1,0,0,0,1
537754,1,1,0,0,1,1,0,0,1
538506,0,1,1,1,1,0,1,0,1
544127,0,1,1,0,0,0,0,0,0
545106,0,0,0,0,1,0,0,0,1
545267,1,1,0,1,0,1,0,0,0
545397,1,1,0,1,1,0,0,0,1
546235,1,0,0,1,1,0,0,0,0
548353,0,1,0,0,0,1,0,0,0
548370,1,1,0,0,1,0,0,0,0
549544,1,0,1,0,1,0,0,0,0
549546,0,0,0,0,0,1,0,1,0
549674,0,1,0,0,0,1,0,1,1
549676,1,0,0,0,1,0,0,0,0
550768,0,1,0,0,0,0,0,0,1
551085,0,1,1,0,1,0,0,0,1
551316,1,0,1,0,1,0,0,0,1
552119,1,1,0,1,1,1,0,0,0
554181,0,0,0,0,0,1,0,0,0
556916,1,0,0,0,0,1,0,0,1
556940,0,1,0,0,0,1,0,0,0
556998,0,0,0,0,0,0,0,0,1
557222,0,0,0,1,0,1,0,0,0
557223,0,1,0,1,1,1,0,0,0
560109,0,0,0,1,0,1,0,1,1
560255,1,0,0,0,1,0,0,0,0
560572,1,1,1,0,1,1,0,0,0
560787,1,1,0,0,1,0,0,0,0
562246,0,0,0,0,0,0,1,0,0
562563,0,0,0,0,1,1,0,0,0
562667,0,0,0,0,0,0,1,1,1
564550,0,0,0,1,1,0,0,0,1
565690,0,0,0,0,1,0,0,1,1
568501,1,1,0,1,1,0,0,0,0
570574,1,0,0,1,1,0,1,0,1
570886,0,0,0,0,0,0,0,0,1
572534,0,0,0,0,0,0,1,0,1
574100,0,0,0,0,0,1,0,0,1
574813,0,0,0,1,0,1,0,0,0
575426,1,1,0,1,1,0,0,0,0
576021,1,0,0,0,1,1,0,0,0
577126,0,0,0,0,0,0,0,1,1
578278,0,1,0,0,0,0,0,0,1
578423,0,0,0,0,1,0,0,1,1
578817,0,0,0,0,0,1,0,0,1
579336,0,0,1,0,0,0,1,1,0
579338,0,0,0,0,0,1,0,0,0
579675,0,0,0,0,0,1,0,1,1
581239,1,1,0,1,1,0,0,0,0
585911,0,0,0,0,0,0,1,1,1
589365,0,1,1,0,0,1,0,1,0
593529,0,1,0,0,0,1,0,0,0
595928,0,0,0,0,0,1,0,0,1
605629,0,0,1,1,1,1,0,1,1
636687,0,0,0,1,0,1,0,0,0
637090,0,0,0,0,0,1,0,1,1
637195,0,0,0,0,1,0,1,0,0
637511,0,0,0,0,0,0,0,1,1
637517,0,0,0,0,0,0,0,0,0
637520,0,0,0,0,1,0,0,1,0
637523,0,0,0,1,1,0,0,0,0
637563,0,0,1,0,0,0,0,0,1
637564,0,0,1,1,1,0,0,1,0
637566,0,0,1,0,0,0,1,1,0
637758,0,0,0,0,0,0,0,1,1
637759,0,1,1,0,1,0,0,0,1
637776,0,0,1,0,0,0,1,1,1
638011,0,0,0,0,1,1,0,1,0
638014,0,0,0,0,1,1,0,1,0
638024,0,0,0,0,0,1,0,0,0
638122,0,1,0,0,1,0,0,0,1
638132,0,0,0,1,1,0,0,0,1
638144,0,0,0,1,1,0,0,0,0
638228,0,0,0,0,0,0,0,0,1
638500,0,1,0,1,0,0,1,1,0
641006,0,1,0,0,0,1,0,0,1
641248,0,0,0,1,1,1,0,0,0
641256,1,0,0,1,1,0,0,0,0
641294,0,0,0,0,0,0,0,1,1
641298,0,0,1,0,0,0,0,1,1
641423,0,0,1,0,1,0,0,1,1
642039,0,0,0,0,0,0,0,0,1
642117,0,0,0,0,0,1,0,0,0
643139,1,0,0,1,0,1,0,0,0
643460,0,0,0,0,0,1,0,0,0
643731,0,1,0,1,0,1,0,0,0
643779,0,0,0,0,1,1,0,1,0
643789,1,0,1,0,1,0,0,0,1
643820,0,0,1,0,0,0,0,1,0
643915,0,0,0,0,0,0,0,1,1
643941,0,0,0,1,0,1,0,0,0
656467,0,0,0,1,1,0,0,0,1
697993,0,1,0,0,0,1,0,0,0
699489,1,0,0,0,1,0,1,1,1
734154,0,0,0,0,0,0,0,1,1
735940,0,0,1,0,0,0,0,1,1
736172,0,0,1,0,0,0,0,0,1
736889,0,0,1,0,0,0,1,0,1
778574,0,0,1,0,1,1,0,1,1
876160,0,0,0,0,1,0,1,1,0
877369,1,1,0,0,1,1,0,0,1
1201521,0,0,1,0,0,0,0,0,1
1201552,0,0,1,0,0,0,0,1,1
1384928,0,1,0,0,0,0,0,1,1
1548943,0,0,0,0,0,0,0,0,0
1549018,0,0,0,0,1,0,1,0,1
1549019,0,0,0,0,0,0,0,0,1
1549025,0,0,1,0,1,0,1,0,0
1549026,0,0,1,1,1,0,1,1,0
1549521,0,0,0,0,1,1,0,1,1
1549778,0,0,0,1,1,0,1,1,0
1550470,1,0,0,1,1,0,0,0,0
1550884,0,0,1,0,0,0,1,0,1
1550886,0,0,0,0,0,0,1,1,0
1550890,0,0,1,0,0,0,1,1,1
1551246,0,0,1,1,1,1,0,0,0
1616260,0,0,0,0,0,0,0,1,1
1711945,1,0,1,0,0,0,1,0,1
1712058,0,0,0,0,0,0,1,0,1
1712087,0,0,0,1,0,1,1,1,1
1757003,0,0,1,0,1,0,1,1,1
2724159,0,0,0,0,0,0,0,1,0
2724626,0,0,0,0,0,1,0,0,0
2733294,1,1,1,1,1,0,0,0,0
2734646,0,0,0,0,0,0,0,1,1
2829318,1,1,0,0,1,0,1,0,1
2839799,0,0,0,1,0,0,1,0,0
2891065,0,0,0,0,1,0,0,0,0
3014523,1,0,0,1,1,0,0,0,1
3015865,0,0,0,0,1,0,1,1,1
3015925,0,0,0,1,0,1,0,0,0
3015972,0,0,0,0,0,1,0,0,0
3015979,0,0,0,1,0,0,0,0,1
3016224,1,0,0,0,1,0,0,0,0
3016499,1,1,0,1,1,0,0,0,0
3017596,0,0,1,0,1,1,0,0,1
3017624,0,0,0,0,0,0,1,0,1
3017762,0,0,0,0,0,1,0,0,0
3017783,1,0,0,0,1,0,1,0,0
3018094,0,0,0,0,1,0,0,1,1
3018210,0,0,0,1,0,1,0,0,0
3018221,0,0,0,1,0,1,0,1,0
3018362,0,0,1,0,0,0,0,0,0
3018383,0,0,0,0,0,0,0,1,0
3018500,0,0,0,0,1,0,0,0,0
3018539,1,1,0,0,1,1,0,0,1
3018567,1,1,0,1,0,1,0,0,0
3018619,0,0,0,0,0,1,0,0,0
3018620,0,0,0,0,0,1,0,0,0
3018936,0,0,1,0,0,0,0,0,1
3019031,0,0,0,0,0,0,0,0,0
3019775,1,0,0,1,0,0,0,0,0
3019958,1,1,0,0,1,0,0,0,0
3020407,0,1,0,1,0,1,0,0,0
3021670,1,1,0,0,1,0,0,0,0
3022051,0,1,0,0,0,0,0,0,0
3022280,0,0,0,0,0,0,1,1,1
3022477,0,0,0,0,0,0,0,0,0
3022909,0,0,0,0,1,0,0,0,0
3022986,0,0,0,0,1,1,0,0,0
3023083,1,1,1,1,1,0,0,0,0
3023838,0,0,0,0,0,1,0,0,0
3023839,0,0,0,0,0,1,0,0,0
3023950,0,1,1,0,1,0,0,0,1
3024081,0,0,1,0,1,0,0,0,1
3025939,0,0,0,0,0,1,0,0,0
3032731,0,0,0,0,0,0,0,1,1
3032853,0,0,0,0,0,1,0,1,1
3033866,1,0,1,0,1,0,1,1,0
3034463,0,0,0,1,0,1,1,1,0
3084426,1,1,0,1,1,0,0,0,0
3084526,0,0,0,0,0,0,0,0,0
3084571,1,1,0,1,1,0,0,0,0
3085213,0,0,0,0,1,0,0,1,1
3085519,0,0,0,0,0,0,0,1,0
3085610,0,1,0,0,0,0,0,0,1
3085845,0,0,0,0,0,1,0,0,0
3086387,0,0,1,1,1,0,0,0,0
3301251,0,0,0,0,0,0,0,0,1
3321360,0,0,0,0,0,1,0,0,1
3354132,0,0,1,0,0,0,0,0,1
3486665,0,0,1,0,0,0,0,0,1
3591866,0,0,0,0,0,0,0,0,1
3722307,0,0,0,0,1,0,0,0,1
3734338,0,0,0,0,0,1,0,0,1
3782139,0,0,0,0,0,0,0,1,0
4047281,0,0,0,0,1,1,0,0,1
4056868,1,1,1,1,1,0,0,0,1
4120025,0,0,1,1,0,1,0,0,0
4428124,0,0,1,1,0,0,0,1,1
4447651,1,1,0,0,1,0,0,0,0
4564493,0,0,1,0,0,1,0,0,1
4574094,0,0,0,1,1,0,1,0,1
4682590,0,0,0,1,1,1,0,0,0
4925262,1,0,1,0,0,0,0,1,0
5084146,0,0,1,0,0,1,0,0,1
5140436,1,1,0,1,0,0,0,0,0
5270647,0,0,1,0,0,0,0,1,0
5271566,1,0,0,0,1,0,0,0,0
5273464,0,0,1,0,0,0,0,1,0
5273465,0,0,1,0,1,1,0,1,0
5273467,0,0,1,0,1,1,1,1,1
5273469,0,0,1,0,0,0,1,1,0
5275520,0,0,0,1,1,0,1,1,0
5280435,0,0,0,0,0,0,1,1,0
5280450,0,1,0,0,0,0,0,0,0
5280462,0,0,0,0,1,0,1,1,0
5280511,0,0,1,0,0,0,1,1,0
5280536,0,0,0,0,0,0,0,1,1
5280598,0,1,1,0,0,0,0,1,0
5280802,0,0,1,0,0,0,0,1,0
5281162,1,1,0,0,0,0,0,0,0
5281163,0,0,0,0,1,0,0,0,1
5281167,0,0,0,1,0,1,0,0,0
5281168,1,0,0,1,1,1,0,0,0
5281515,0,0,0,0,0,0,0,1,1
5281516,1,0,0,1,0,0,0,1,1
5281517,0,0,0,1,0,0,0,1,0
5281520,0,0,0,0,0,0,0,1,0
5281521,0,0,1,0,0,1,0,0,1
5281522,0,0,0,0,0,0,0,1,1
5281531,0,0,0,0,0,0,0,1,0
5281532,0,0,0,0,0,0,0,1,1
5281534,0,0,0,0,0,0,0,0,1
5281535,0,0,1,0,1,0,0,0,1
5281553,0,0,0,0,0,0,0,1,1
5282108,0,0,0,0,0,1,0,1,0
5282109,0,0,0,1,1,1,0,1,0
5282110,0,0,1,0,1,0,1,1,1
5282184,0,1,0,0,0,0,0,0,0
5282706,0,1,0,1,1,0,0,0,0
5282707,0,1,0,0,0,0,0,0,0
5282709,0,1,0,1,1,1,0,0,1
5282710,0,0,0,1,1,1,0,0,0
5282711,0,0,0,1,1,0,0,0,0
5282713,0,0,0,0,0,1,0,0,1
5282714,0,0,0,0,0,1,0,0,1
5282716,0,1,0,1,1,1,0,0,0
5282718,0,0,0,1,1,1,0,0,0
5282722,0,0,0,1,0,0,0,0,0
5282723,0,1,0,1,1,1,0,0,0
5282725,0,1,0,1,1,0,0,0,0
5282726,0,1,0,0,0,1,0,0,0
5282729,0,0,0,1,1,0,0,0,0
5282730,0,0,0,1,0,1,0,0,0
5282735,0,0,0,0,0,0,0,0,0
5282822,0,0,0,0,0,0,0,0,0
5283316,1,0,1,1,1,1,0,0,0
5283318,0,1,0,1,0,0,0,0,1
5283324,0,0,0,1,0,0,0,0,0
5283328,0,1,0,1,1,0,0,0,1
5283329,0,1,0,1,1,0,0,1,0
5283335,0,1,0,0,0,1,0,0,1
5283337,0,1,0,1,1,0,0,0,0
5283338,1,1,0,1,0,0,0,0,0
5283339,0,0,0,0,0,1,0,0,0
5283345,0,0,0,1,0,1,0,0,0
5283348,0,0,0,1,0,1,0,0,0
5283349,0,0,0,0,0,0,0,1,0
5283356,0,0,1,0,0,1,0,1,1
5283358,0,0,0,0,0,0,0,0,0
5283361,0,0,0,0,0,0,0,0,1
5283363,0,0,0,1,0,0,0,1,1
5283366,0,0,0,1,0,0,1,1,0
5283381,0,0,0,0,0,1,0,0,0
5283468,0,1,1,0,0,0,0,0,0
5284369,0,0,0,0,1,0,1,0,1
5284421,0,1,0,0,0,0,0,0,0
5284499,0,0,0,0,0,0,0,0,0
5284503,1,0,0,1,1,1,0,0,0
5284507,0,0,0,1,0,0,1,1,0
5312542,0,0,0,0,0,1,0,0,0
5312586,0,0,0,1,0,0,0,0,0
5312887,0,0,0,0,0,0,0,0,1
5315468,1,0,1,0,0,0,1,1,0
5315941,0,0,1,0,0,0,0,0,1
5317045,0,1,0,0,1,1,0,0,0
5317247,0,0,0,1,0,0,0,1,0
5318017,0,0,0,1,0,1,0,0,0
5318018,0,0,0,1,0,1,1,0,0
5318042,0,0,0,1,1,1,0,0,1
5318516,0,0,0,0,0,0,0,1,0
5318599,0,1,0,1,0,1,0,1,0
5319367,0,0,0,0,0,1,1,0,0
5319691,0,0,0,0,0,0,0,0,1
5319706,0,1,0,0,0,0,0,0,0
5319754,0,0,0,1,1,1,0,0,0
5319765,0,0,1,1,0,1,0,0,0
5319992,0,0,0,0,1,0,0,1,0
5320250,0,0,1,0,0,0,1,0,1
5320722,0,0,0,0,0,1,0,0,0
5321925,0,0,0,0,0,0,1,0,1
5321950,0,0,0,1,1,0,0,0,1
5323650,0,0,1,0,1,1,0,0,1
5324489,0,0,0,1,0,0,0,0,0
5326159,0,0,0,0,0,0,0,0,1
5338463,0,0,1,0,0,1,0,1,0
5352162,0,0,1,0,1,0,1,0,1
5352267,1,0,0,1,1,0,0,0,0
5352371,1,1,0,1,1,0,0,0,0
5352428,0,0,0,0,0,1,0,0,1
5352435,0,0,0,0,0,1,0,1,0
5352438,1,0,0,1,1,0,0,0,1
5352450,1,0,1,0,1,0,1,0,1
5352459,1,0,0,1,1,0,0,0,0
5352460,1,0,0,0,1,0,0,0,1
5352461,0,0,0,1,1,0,0,0,0
5352463,1,1,0,0,1,0,0,0,1
5352481,0,0,1,0,1,1,1,1,1
5352539,1,1,0,1,1,1,0,0,0
5352543,0,1,0,1,1,0,0,0,0
5352557,0,1,0,1,1,0,0,0,1
5352696,0,0,0,1,1,1,0,1,0
5352770,1,1,0,1,1,0,0,0,0
5352798,1,1,0,0,1,0,0,0,0
5352799,0,1,0,0,1,0,0,1,0
5352807,0,1,0,1,0,0,0,0,0
5352813,0,0,0,1,1,0,0,0,0
5352830,0,0,0,0,1,0,1,1,0
5352834,0,1,0,1,1,0,0,0,0
5352836,0,0,1,1,1,0,0,0,0
5352837,0,1,0,1,1,1,0,0,0
5352845,0,0,0,0,0,0,0,1,0
5352899,0,0,0,0,0,0,0,0,0
5352972,0,0,0,1,1,0,0,0,1
5352973,1,1,0,1,1,0,0,0,1
5352974,1,1,0,1,1,0,0,0,0
5352975,1,1,0,1,1,0,0,0,0
5352976,1,0,0,1,1,0,0,0,1
5353011,0,0,0,0,0,0,1,1,0
5354238,0,0,1,0,0,0,0,1,1
5354264,1,0,0,0,1,1,0,0,0
5354280,0,0,0,0,0,0,0,0,1
5354304,0,0,1,0,0,1,0,1,1
5354342,0,1,0,0,0,1,0,0,0
5354359,1,0,1,0,1,0,0,0,1
5354763,0,0,0,0,1,1,0,0,0
5354833,0,1,0,0,0,1,0,0,1
5354834,0,0,0,0,0,0,0,0,1
5354883,1,0,0,0,1,0,0,1,0
5354896,0,0,1,0,0,0,0,1,1
5354898,0,0,0,0,1,0,1,1,1
5354899,0,0,0,0,0,0,0,1,1
5354998,1,1,0,1,0,1,0,1,0
5355152,0,1,0,1,1,1,0,0,0
5355254,0,0,0,0,1,0,1,1,0
5355293,0,0,0,0,1,0,0,0,1
5355333,1,0,0,1,1,0,0,0,0
5355414,0,0,0,0,1,0,0,1,1
5355850,0,0,0,0,1,0,1,1,0
5355851,1,1,0,0,0,0,0,0,1
5355853,0,0,1,0,1,0,0,1,1
5355854,0,0,1,0,0,1,1,1,0
5355855,0,0,0,1,0,0,1,1,0
5355856,0,0,1,0,1,0,0,1,0
5355858,0,0,1,0,0,0,1,1,0
5355902,0,0,1,0,1,0,0,0,1
5356250,0,0,1,1,0,0,0,1,0
5356256,1,0,0,0,1,1,0,0,1
5356259,0,0,0,0,0,0,0,1,1
5356261,0,0,1,0,1,0,0,1,0
5356352,1,0,0,0,1,0,0,0,1
5356544,0,0,0,1,0,0,1,1,0
5356572,0,0,0,0,1,1,0,1,0
5356596,0,0,1,0,1,0,0,0,1
5356697,0,0,0,1,0,1,0,1,0
5356787,0,0,1,0,0,1,1,0,1
5356788,0,0,0,0,0,0,0,1,1
5356796,0,0,0,0,0,0,0,0,1
5356896,0,0,0,0,1,0,1,0,0
5356908,1,1,0,0,1,0,0,1,0
5356940,0,0,0,0,1,0,0,1,1
5357002,0,0,0,1,0,1,0,1,1
5357153,0,0,1,0,1,0,0,1,1
5357159,0,1,1,0,1,0,0,1,0
5357253,0,0,0,0,0,0,0,0,1
5357388,0,0,0,1,0,1,0,0,1
5358336,0,1,0,1,0,1,0,0,0
5358363,1,1,0,1,1,0,0,0,0
5358374,1,0,0,1,0,1,0,1,1
5362561,0,0,0,0,1,0,0,1,0
5362563,0,0,0,0,0,1,0,0,0
5362564,0,0,0,0,0,1,0,0,0
5362565,0,1,0,0,1,0,0,0,1
5362572,0,0,0,0,0,1,0,0,1
5362579,1,0,0,0,1,0,0,0,0
5362580,0,0,0,1,1,1,0,1,0
5362581,0,0,1,0,1,0,1,0,1
5362583,1,1,0,1,0,0,0,0,0
5362584,0,0,0,0,0,1,0,0,1
5362588,0,0,0,0,0,1,0,0,0
5362591,0,0,0,0,1,0,0,0,1
5362592,1,1,0,1,1,0,0,0,0
5362622,1,0,0,1,1,0,0,0,0
5362623,1,1,1,1,1,0,0,0,0
5362661,0,0,0,0,0,1,0,1,0
5362695,0,0,0,0,0,1,0,1,0
5362696,0,0,0,0,0,1,0,0,0
5362720,0,0,0,0,0,1,0,1,0
5362782,1,0,0,1,1,0,0,0,1
5362792,0,1,0,1,1,0,0,0,0
5362814,0,0,0,1,0,0,0,0,1
5362816,0,1,0,1,1,0,0,0,0
5362830,0,0,0,0,1,0,0,0,1
5362833,0,0,0,1,0,1,0,0,0
5362854,0,0,0,0,0,0,0,0,1
5362876,0,0,0,0,0,0,1,1,0
5362897,0,0,0,0,1,1,0,0,0
5363120,1,1,0,1,0,1,0,1,0
5363140,0,1,0,0,0,1,0,0,1
5363203,1,0,1,1,1,0,0,0,0
5363206,1,1,1,1,1,0,0,0,1
5363207,0,0,0,0,1,0,0,1,0
5363229,0,0,0,0,1,1,0,0,0
5363230,0,1,1,0,0,0,0,0,0
5363231,0,1,0,1,0,1,0,0,1
5363233,0,0,0,1,1,1,0,0,1
5363289,0,1,0,0,1,0,0,0,0
5363291,0,0,0,1,0,0,0,1,1
5363374,1,0,0,1,1,0,0,0,0
5363388,0,1,0,1,1,1,0,0,0
5363491,1,1,1,0,1,0,0,0,0
5363526,0,0,0,0,0,0,0,1,1
5363537,0,1,0,0,1,1,0,0,1
5363741,0,0,0,1,0,1,1,1,0
5363817,0,0,0,0,0,1,1,0,1
5364231,0,0,0,1,0,1,0,0,0
5364291,1,0,0,1,0,0,0,1,0
5364389,1,1,0,1,1,0,0,0,0
5364397,1,0,0,0,1,0,0,0,0
5364399,1,1,0,1,1,0,0,0,0
5364409,0,0,0,1,1,1,0,0,1
5364430,0,1,1,0,0,0,0,0,0
5364452,0,0,0,0,0,0,0,0,1
5364475,0,1,0,0,0,0,0,0,0
5364517,0,1,0,1,0,1,1,0,0
5364526,0,0,0,0,1,1,0,1,0
5364532,0,1,0,1,1,0,0,0,0
5364578,0,1,1,1,1,1,0,0,1
5364586,0,1,0,1,0,1,0,0,0
5364631,0,1,0,1,0,0,0,0,0
5364729,0,0,1,1,1,0,0,0,1
5364752,1,0,0,1,1,0,0,0,0
5364759,0,1,0,0,0,0,0,0,0
5364778,0,0,1,1,1,0,0,0,1
5364789,1,0,1,0,1,0,1,0,1
5364919,1,0,0,1,1,0,0,1,0
5364920,1,0,0,1,1,1,0,1,0
5364941,0,1,0,1,0,1,0,0,0
5364949,0,0,0,0,0,0,0,1,0
5364959,0,0,0,1,0,1,1,0,0
5365004,0,0,0,0,0,0,1,1,0
5365027,0,1,0,1,0,1,0,0,0
5365049,1,1,1,1,0,0,0,1,0
5365069,1,1,0,1,1,0,0,0,0
5365136,1,1,0,1,1,0,0,0,0
5365137,1,0,0,1,1,0,0,0,0
5365587,1,0,0,1,1,0,0,0,1
5365589,0,0,0,1,1,1,0,0,0
5365703,0,0,0,0,0,0,0,0,1
5365706,0,0,0,1,0,1,0,0,0
5365794,0,0,0,1,0,0,0,1,0
5365818,0,0,0,0,0,1,0,1,1
5365824,1,0,0,0,1,0,0,0,1
5365847,0,0,0,1,0,0,1,1,0
5365850,1,0,0,0,1,0,0,1,1
5365872,0,0,1,0,0,0,1,1,0
5365891,1,0,1,1,1,0,0,0,0
5365909,0,0,1,1,0,0,0,0,1
5365910,0,0,0,1,1,0,0,0,0
5365916,0,0,0,0,1,0,0,1,1
5365976,1,0,1,0,1,0,0,1,1
5365982,0,0,1,0,1,0,0,0,0
5365991,0,0,1,0,0,0,1,1,0
5365992,1,0,0,0,1,0,0,1,0
5366038,1,1,0,0,1,0,0,1,0
5366044,0,0,1,0,0,0,1,1,1
5366049,0,0,0,0,0,0,0,0,1
5366074,1,0,0,0,1,0,1,1,1
5366077,1,0,0,0,0,0,0,1,1
5366155,1,0,0,0,1,0,1,0,1
5366203,1,1,0,0,1,0,0,0,1
5366264,0,0,0,0,1,0,1,1,1
5366366,1,0,0,1,1,0,0,0,1
5366552,0,0,0,0,0,1,0,0,0
5366844,0,1,0,1,1,0,0,0,0
5366856,0,0,0,1,1,0,0,0,0
5367391,0,1,0,0,0,1,0,0,1
5367412,0,0,0,1,0,0,0,0,0
5367530,0,0,0,0,0,1,0,0,1
5367531,0,1,0,1,0,1,0,0,1
5367536,0,0,0,1,1,1,0,0,1
5367681,1,0,0,1,1,0,0,0,0
5367698,1,1,1,1,0,0,1,0,1
5367706,0,0,1,1,0,0,0,1,0
5367719,0,0,0,0,0,0,1,0,1
5367761,1,1,0,0,1,0,0,0,0
5367762,0,0,1,1,1,0,0,0,1
5367766,0,0,1,0,0,0,1,1,0
5367767,0,0,1,1,0,0,0,0,0
5367785,0,0,0,0,1,0,0,0,0
5367806,0,0,0,0,0,1,0,0,1
5367807,1,0,1,0,1,0,0,0,1
5367848,1,1,0,1,1,0,0,0,1
5367959,0,0,0,0,0,0,1,1,0
5368064,1,1,0,1,1,0,0,0,0
5368236,0,0,0,1,0,0,0,0,1
5368491,0,1,1,0,1,0,1,0,1
5368785,0,0,0,0,0,0,0,1,0
5368821,0,0,0,0,0,0,0,0,0
5368972,1,0,0,1,1,0,0,0,0
5369044,1,0,0,1,0,0,0,0,0
5369061,0,0,0,0,1,1,0,0,1
5369076,1,0,0,1,1,0,0,0,0
5369371,1,0,0,1,1,0,0,0,0
5369459,0,0,1,0,0,0,0,1,0
5369489,0,0,1,0,1,0,1,1,0
5370101,0,0,0,0,0,1,0,1,1
5370364,0,0,0,1,1,0,0,0,0
5370448,0,0,0,0,0,1,0,0,0
5370599,0,0,1,0,0,0,1,1,1
5370602,0,0,0,0,0,1,0,0,0
5371084,0,1,1,0,0,1,1,1,1
5371802,0,0,1,0,1,0,0,1,1
5372353,0,0,1,0,1,0,0,0,1
5373603,0,0,0,0,0,0,0,1,1
5373729,0,0,0,0,1,1,1,1,1
5374527,0,0,0,0,0,0,0,1,1
5375215,0,0,0,0,1,1,0,1,1
5375218,0,0,0,0,0,0,0,1,0
5382490,0,0,0,0,0,0,0,1,1
5383805,1,0,1,0,1,0,0,0,0
5383810,1,0,1,0,1,0,0,0,0
5385520,0,0,0,1,1,0,1,0,1
5462986,0,0,0,1,1,0,0,0,1
5463065,1,0,0,0,1,0,0,0,1
5463228,0,0,0,1,0,0,0,1,1
5463238,0,0,0,0,0,1,0,1,0
5463488,1,1,0,0,1,0,1,0,1
5463682,1,0,0,0,1,0,0,0,1
5463729,1,1,0,0,1,0,0,0,0
5463840,0,0,0,0,0,0,0,0,1
5463855,1,1,1,1,1,0,0,0,1
5463875,0,1,0,1,1,0,0,0,0
5463904,1,1,0,1,1,0,0,1,0
5463905,0,0,0,0,1,0,0,0,1
5463906,0,0,0,1,1,0,0,0,1
5463908,0,0,1,0,1,0,1,0,0
5463909,0,0,1,1,0,0,0,1,1
5463910,0,1,1,1,1,0,0,1,0
5463911,0,0,0,0,0,0,1,0,0
5463914,0,0,0,0,1,1,0,0,0
5463933,0,1,0,0,0,0,0,1,0
5463936,0,0,0,0,0,1,0,0,1
5463954,0,0,0,0,0,0,0,0,1
5463962,0,0,0,1,1,1,0,0,0
5464156,0,0,0,0,0,0,0,1,1
5702619,0,1,0,0,1,1,0,0,0
5702654,0,0,0,0,1,0,0,1,1
5705112,0,0,1,0,0,0,0,1,0
5743410,0,1,0,0,0,1,0,0,0
5744267,0,0,0,1,0,0,0,1,0
5797328,0,0,0,0,1,0,0,1,0
5803450,0,0,1,0,0,0,0,0,1
5832948,0,0,0,0,1,0,0,1,0
5875676,0,0,0,1,0,1,1,0,1
5916286,0,1,0,0,0,0,0,0,0
5956805,1,1,1,0,1,0,0,0,0
5980396,0,0,1,0,0,0,1,1,0
6005821,0,0,0,1,0,0,1,0,1
6008212,0,0,0,0,1,0,0,1,0
6017272,0,0,1,0,0,0,0,1,1
6019677,1,0,1,1,1,0,1,0,1
6021887,0,0,1,1,0,0,1,1,0
6086514,0,0,1,0,1,0,0,1,0
6112709,1,0,0,1,1,0,0,0,0
6114390,0,0,1,0,0,0,0,0,1
6278424,1,0,0,0,1,1,0,0,1
6284401,0,0,1,0,0,0,0,1,1
6306732,1,0,0,1,1,0,0,0,1
6328581,1,0,1,0,1,0,0,0,1
6365451,0,1,0,1,1,0,0,1,0
6365696,0,0,0,0,1,0,0,1,0
6365752,0,1,0,1,0,0,0,0,0
6365761,0,0,0,1,0,0,0,0,0
6365780,0,1,0,1,0,0,0,0,0
6365957,1,0,1,1,0,0,0,0,0
6366072,0,1,0,1,1,0,0,0,1
6366077,0,0,0,1,1,0,0,0,0
6366078,1,0,0,1,1,0,0,0,1
6366079,1,0,0,1,0,1,0,0,0
6366381,1,0,0,1,1,0,0,0,0
6366446,0,1,0,0,0,0,0,0,0
6371716,0,1,0,0,0,0,0,0,0
6386037,0,0,0,0,0,1,0,1,0
6421281,0,0,0,0,0,1,0,0,0
6427130,0,0,0,0,0,0,0,0,0
6428088,0,0,1,0,1,0,0,0,1
6428442,0,0,0,0,0,0,0,1,1
6428546,0,1,0,0,0,1,0,0,0
6428782,0,0,0,1,1,1,0,0,0
6428802,0,0,0,0,0,1,0,0,0
6428936,0,0,1,0,0,1,0,0,0
6428969,0,0,1,0,1,0,0,1,1
6428990,0,0,0,0,0,1,0,0,1
6429059,0,0,0,0,0,1,0,0,0
6429195,0,0,1,0,0,0,0,1,0
6429310,0,0,1,0,0,1,0,0,1
6429325,0,1,0,1,1,0,0,0,0
6429333,0,0,0,0,0,1,1,0,1
6429690,0,0,1,0,0,1,0,1,1
6429709,0,0,1,0,0,0,0,0,1
6429937,0,0,0,0,0,1,0,0,0
6430162,0,0,0,0,0,1,0,1,0
6430166,0,0,0,0,0,0,0,1,0
6430169,0,0,0,0,0,0,0,1,0
6430180,0,0,0,0,0,1,0,1,0
6430188,0,0,1,0,1,0,0,1,1
6430804,1,0,1,0,1,0,1,0,1
6430805,0,0,1,0,1,0,1,0,0
6430892,0,0,0,1,0,1,0,0,0
6431042,0,0,0,1,0,1,0,0,0
6431148,0,0,1,0,0,0,0,1,1
6432923,1,0,0,0,0,0,0,0,0
6433150,1,0,0,0,1,0,0,1,0
6433214,0,0,0,0,0,1,0,0,0
6433322,0,0,1,1,0,0,1,0,0
6433417,1,0,0,1,1,1,0,0,0
6433507,0,0,0,0,1,0,1,1,0
6433715,0,1,0,1,1,1,0,0,0
6433790,0,0,0,0,0,0,1,1,1
6434067,0,0,0,1,1,1,0,0,0
6434513,0,0,0,0,0,0,0,1,0
6434541,0,0,0,0,0,0,0,0,0
6434621,1,0,0,1,1,0,0,0,0
6434672,0,1,0,0,1,0,1,0,0
6435033,0,0,0,1,1,0,0,0,0
6435821,0,0,0,0,1,0,0,0,1
6435823,0,0,1,0,1,0,0,1,0
6435824,1,0,0,0,1,0,0,0,1
6435825,1,1,1,0,1,0,0,1,1
6435826,0,0,0,0,0,1,0,1,1
6435828,0,0,0,0,0,0,0,1,1
6435833,1,1,1,0,1,0,0,0,1
6435834,0,0,1,1,0,0,1,1,1
6435835,0,0,0,0,1,0,1,1,1
6435837,0,0,1,0,1,0,0,1,0
6435838,0,0,0,1,0,1,0,0,0
6435839,0,0,0,1,0,0,1,0,0
6435841,0,0,1,0,0,0,0,0,1
6435861,0,0,1,1,1,0,0,0,0
6435866,0,1,0,0,1,1,0,0,0
6435868,0,1,0,1,1,1,0,0,1
6435869,0,1,0,1,0,1,0,0,0
6435882,1,1,0,1,1,1,0,0,0
6435903,0,1,0,1,0,1,0,0,0
6435914,0,0,0,0,0,0,1,0,0
6435925,0,0,0,0,0,1,0,0,0
6436311,0,0,1,0,0,0,0,0,1
6436336,0,1,0,0,0,0,0,0,0
6436368,0,0,0,1,1,0,0,0,0
6436374,0,0,1,0,0,0,1,1,1
6436439,0,0,0,0,0,0,1,0,1
6436486,1,0,0,1,1,0,0,0,0
6436488,0,1,0,0,0,1,0,0,0
6436491,0,0,0,0,0,1,0,0,0
6436502,0,1,0,1,1,0,0,0,0
6436582,0,0,0,0,0,0,0,1,1
6436647,1,1,0,1,1,0,0,0,0
6436679,0,1,0,1,1,0,0,0,0
6436703,0,0,0,0,0,0,0,1,1
6436850,0,0,0,0,0,0,0,0,0
6436989,0,0,0,0,0,1,1,1,0
6436990,1,0,0,1,1,0,0,0,0
6437002,0,0,0,0,1,1,1,1,1
6437112,0,0,0,1,0,1,0,0,0
6437114,0,1,0,1,0,1,0,0,0
6437137,1,0,0,1,1,0,0,0,0
6437163,0,0,0,0,1,0,1,0,0
6437266,0,0,0,0,0,0,0,0,1
6437267,0,0,1,0,1,0,1,0,0
6437294,0,0,1,0,1,1,1,1,1
6437300,0,0,0,0,1,0,0,1,1
6437405,0,1,0,0,0,0,0,0,0
6437428,0,0,0,0,1,0,0,0,1
6437441,0,1,0,0,0,1,0,1,0
6437467,0,0,0,0,1,0,0,1,1
6437473,0,0,0,0,0,0,0,0,1
6437578,0,0,0,0,0,1,0,0,0
6437599,0,0,0,0,1,0,0,1,1
6437648,1,0,1,0,1,0,0,1,1
6437735,0,0,0,0,0,0,1,1,1
6437805,1,0,0,0,0,0,0,0,1
6438067,1,0,0,0,1,0,1,1,0
6438070,0,0,0,0,1,0,0,0,1
6438200,1,1,0,0,0,0,0,0,0
6438203,0,1,0,1,1,0,0,0,0
6438319,0,1,0,0,1,0,1,0,1
6441593,0,0,0,0,1,0,0,1,0
6442642,0,0,0,0,0,1,0,0,0
6450204,0,0,0,0,0,1,1,0,1
6450462,1,1,0,1,1,0,0,0,0
6450832,1,0,0,1,1,0,1,1,0
6452201,0,0,1,0,1,0,1,1,0
6455146,0,0,1,0,0,1,0,0,1
6455283,0,0,1,1,1,0,0,0,0
6504553,0,0,0,0,0,0,0,0,0
6536892,0,0,0,0,1,1,0,1,0
6537958,0,1,0,0,0,1,0,0,1
6538156,0,0,0,0,0,1,1,0,0
6540477,0,0,1,0,0,1,0,0,0
6914062,1,0,0,1,1,1,0,0,1
6931726,0,1,0,1,1,0,0,0,0
6951519,0,0,1,0,1,0,0,1,0
6992244,0,0,0,0,1,1,0,0,0
6997333,0,1,0,0,0,1,0,0,0
6997340,0,0,0,0,0,1,0,0,1
6997350,0,1,0,0,0,1,0,0,0
6999038,0,0,0,1,0,1,0,1,0
6999858,0,1,0,0,1,0,0,0,1
6999928,0,1,0,0,0,0,0,0,1
7017232,0,0,1,0,1,0,1,1,0
7019646,0,1,0,0,0,0,0,0,1
7022165,0,0,1,0,0,1,0,0,1
7365222,0,0,0,0,0,1,0,0,0
7458634,0,1,0,1,0,1,0,0,0
9815597,1,1,0,1,1,0,0,0,0
9882013,0,1,0,0,0,1,0,0,0
10131025,0,1,0,0,0,1,0,0,0
10199004,0,0,0,0,0,1,0,0,0
10441848,1,0,0,0,1,0,0,0,0
10582821,0,1,0,0,1,1,0,0,0
10608036,0,0,0,0,0,0,0,0,1
10796756,0,0,0,0,0,1,0,0,1
10867491,0,0,0,0,0,0,0,0,1
10942622,0,0,0,0,0,1,0,0,0
11008317,0,0,0,0,1,1,0,0,0
11030188,1,0,0,0,0,0,0,0,0
11094611,0,0,0,0,0,1,0,0,1
11106485,0,0,1,0,0,0,0,1,0
11107909,0,0,0,0,0,0,0,0,0
11137872,1,0,0,0,1,0,0,0,0
11263567,0,1,0,0,1,1,1,0,1
11286864,0,0,0,1,0,1,0,0,0
11332546,1,0,0,0,1,0,0,1,1
11344071,1,0,0,1,1,0,0,0,0
11378520,0,0,0,1,1,0,0,0,0
11423867,0,1,0,0,0,1,0,0,0
11629741,0,0,0,0,1,0,0,1,1
11788920,0,0,0,0,0,1,0,0,0
11790917,0,0,0,0,0,1,0,0,0
11830590,0,0,1,0,1,0,0,0,1
11967982,0,0,0,0,0,0,0,0,1
11969488,0,0,0,0,0,0,1,0,1
11970548,0,0,1,1,0,0,1,0,0
11971259,0,0,0,0,1,0,0,0,1
12009861,1,0,0,1,1,0,0,0,1
12244492,1,1,0,1,0,1,0,1,0
12255414,0,0,0,1,1,0,0,0,0
12284668,0,0,0,0,1,0,0,0,0
12481804,0,0,0,0,0,1,0,0,0
12613663,1,1,0,1,0,1,0,0,0
12651581,1,1,0,1,0,1,0,0,0
12711594,0,0,1,0,0,1,0,0,1
12731072,1,1,0,1,1,1,0,0,0
12738086,0,0,0,0,0,0,1,0,1
12762300,0,0,0,0,0,0,0,1,0
12809178,0,0,0,0,1,0,1,0,0
12872111,0,1,0,0,0,1,0,0,0
12936743,0,0,0,1,0,0,0,0,1
12943526,0,1,0,0,0,1,0,0,0
12978217,0,0,0,0,1,0,0,1,1
12980878,0,0,1,0,0,0,0,0,0
13097902,0,0,0,0,0,0,0,1,1
13140453,1,0,0,0,1,0,0,0,0
13179210,0,0,0,0,1,0,0,0,0
13182665,1,0,1,1,1,0,0,0,1
13183557,0,0,1,0,0,0,1,0,1
13192443,0,0,0,1,0,0,0,0,1
13227122,1,0,0,0,1,0,0,0,0
13244981,0,0,0,1,1,1,0,1,0
13250020,0,0,0,0,0,0,1,0,1
13327048,0,0,1,0,1,0,0,0,1
13353282,0,1,0,0,0,1,0,0,0
13406641,0,1,0,1,1,1,0,0,0
13447131,0,0,0,0,0,1,0,0,0
13468584,1,0,0,0,1,0,0,0,0
13501357,0,0,0,1,1,0,0,0,1
13614902,0,1,0,1,0,1,0,0,0
13694693,0,0,0,0,0,1,0,1,0
13716562,0,1,0,0,1,0,0,0,0
13774146,0,0,0,1,1,0,0,0,0
13940628,0,1,0,1,1,0,0,1,0
13965455,0,0,0,0,0,0,0,1,0
14116469,1,1,0,0,1,0,0,0,1
14181799,1,1,0,0,1,1,0,0,0
14181805,1,0,1,1,1,0,0,0,1
14249069,0,0,1,0,0,0,0,0,1
14249070,0,0,1,0,1,0,0,0,1
14297102,0,0,1,1,0,0,0,1,1
14400165,0,0,0,1,1,0,0,0,0
14614417,0,0,0,0,0,1,1,1,0
14701079,0,0,0,1,0,0,0,0,0
14745448,1,0,0,0,1,0,0,0,1
14790534,1,0,1,0,1,1,0,0,1
14952082,0,0,0,0,0,0,0,0,1
15141631,0,0,0,0,1,0,1,0,0
15210716,0,1,0,0,1,1,0,0,0
15225386,0,1,0,0,1,1,0,0,0
15289599,1,1,0,0,1,0,0,0,0
15540144,0,1,0,0,0,0,0,0,0
15662052,0,0,0,0,0,0,0,0,1
15667721,0,0,0,0,0,1,0,0,0
15743318,0,0,0,0,0,1,0,0,0
16204499,0,0,0,1,0,1,0,0,0
16204529,0,0,0,0,1,0,1,1,0
16204532,0,0,0,1,0,1,0,0,0
16205756,0,0,0,0,1,0,0,1,1
16205802,0,0,0,0,1,0,0,0,1
16205867,0,0,0,0,0,1,0,0,0
16205868,0,0,0,0,1,0,0,0,1
16664423,0,1,0,0,0,1,0,0,0
17822157,0,1,1,0,1,0,0,0,0
17867063,0,0,1,0,0,0,0,0,1
17977981,0,0,0,0,0,1,0,0,0
18363691,0,0,0,1,0,0,1,0,1
18539813,1,1,0,1,0,0,0,0,0
18539818,1,1,0,0,1,1,0,1,0
18696447,1,0,0,0,1,0,0,0,0
18718393,1,1,0,0,1,0,0,0,0
18728909,0,0,0,0,1,0,0,0,0
18757749,1,1,0,0,1,0,0,0,0
19022215,0,0,0,0,1,0,0,0,0
19425778,0,0,0,0,0,0,0,0,1
19737259,1,0,1,0,1,0,0,0,1
19820742,0,1,0,0,1,0,0,0,0
19857768,0,0,0,0,0,0,1,1,0
19876973,0,0,0,1,0,1,0,1,0
19963983,1,1,0,1,0,1,0,0,0
19964035,1,1,0,1,0,0,0,0,0
19964037,1,1,0,0,0,0,0,0,1
19989124,0,0,0,1,0,1,0,1,0
20224800,0,0,1,1,0,1,0,1,0
20332432,0,0,1,0,0,1,0,0,1
20442793,0,1,0,0,0,1,0,0,0
20560364,0,0,0,0,1,0,0,0,0
20981461,0,1,0,1,0,0,0,0,1
21186827,0,0,0,0,0,1,0,0,0
21263168,0,0,0,0,0,1,1,0,0
21304742,1,0,0,1,1,1,0,0,0
21545434,0,0,0,0,0,1,0,0,0
21546135,0,0,0,0,0,1,0,0,0
21660211,1,1,0,0,1,0,0,0,1
21773712,0,0,0,0,0,1,0,0,0
21856063,0,0,0,0,0,0,0,0,1
21885377,0,0,1,0,0,0,0,0,1
21932488,0,0,0,0,1,0,1,1,0
21940939,0,1,0,0,0,1,0,0,0
21972054,0,1,0,0,0,0,0,0,1
21999737,0,0,0,0,0,1,0,1,0
22011445,0,1,0,1,0,1,0,0,0
22011447,1,1,0,1,0,0,0,0,0
22034852,0,0,1,0,1,0,0,0,0
22034999,1,0,0,1,1,0,0,0,0
22150015,0,0,0,1,0,1,0,0,0
22169177,1,1,0,0,1,0,0,0,0
22182802,0,0,0,0,0,0,0,0,0
22182954,0,0,0,1,1,0,0,0,0
22251515,1,0,0,0,1,1,0,0,1
22321042,1,0,0,1,1,1,0,0,0
22472261,0,0,0,0,0,1,0,0,0
22507249,0,0,0,0,1,1,0,0,0
22757845,0,0,0,1,1,0,1,0,1
22928293,1,0,0,0,0,0,0,0,1
22952976,0,0,1,1,0,1,0,0,0
22973762,0,0,1,0,1,0,0,1,0
23037164,0,0,0,1,0,1,1,0,0
23341028,0,0,0,0,0,0,0,1,0
23383487,0,0,0,1,0,1,0,0,0
23572848,0,0,0,0,0,1,0,0,0
24727453,0,0,0,0,1,0,0,0,0
24832089,0,0,0,0,0,1,0,0,0
36689269,0,0,0,0,1,0,0,1,0
42635449,1,1,0,0,1,0,0,0,0
44443281,1,0,0,1,1,0,0,0,0
44630408,1,1,0,1,0,1,0,0,0
45108274,0,1,0,0,0,1,0,0,0
45121670,0,0,0,0,0,1,0,0,0
46195362,0,0,1,0,0,1,0,0,0
46779102,1,1,0,0,1,1,0,0,0
46779104,0,0,1,0,0,1,0,0,0
46941523,0,0,0,0,0,1,0,0,0
51979789,0,0,0,0,0,1,0,1,1
53230316,0,1,0,0,0,1,0,0,0
53401860,0,1,0,1,0,0,0,0,0
53421444,0,1,0,1,0,1,0,0,0
53422435,1,1,0,1,0,1,0,0,0
53422437,1,1,0,1,0,1,0,0,0
53422438,1,1,0,1,0,1,0,0,0
53422473,1,0,0,1,1,1,0,0,0
53423848,0,0,0,1,0,1,0,0,1
53423849,0,0,0,0,0,1,0,0,0
53424309,0,0,0,0,0,1,0,0,1
53424389,0,0,0,0,0,1,0,0,0
53425122,0,1,0,0,0,1,0,0,0
53425775,1,1,0,0,1,0,0,0,1
53427914,1,1,0,1,0,1,0,0,0
53427962,1,1,0,1,0,1,0,0,0
53428090,1,1,0,1,0,1,0,0,0
53428112,1,1,0,1,0,1,0,0,0
53428150,1,1,0,1,0,1,0,0,0
53428151,1,1,0,1,0,1,0,0,0
53428368,0,0,0,0,0,0,0,0,0
53436656,0,0,0,0,0,0,0,0,0
53436964,0,0,0,0,0,1,0,0,0
53438915,0,0,0,1,0,0,0,0,1
53445325,0,0,0,1,1,0,1,0,0
53471898,1,1,0,1,1,1,0,0,0
53649670,0,0,0,1,0,0,0,1,0
53680649,1,1,0,1,1,0,0,0,0
53683233,0,0,0,1,0,0,0,0,0
53689298,0,0,0,0,1,0,0,0,1
53763665,0,1,0,0,0,1,0,1,0
53830717,0,0,0,0,0,1,0,0,1
53859205,1,1,0,1,1,0,0,0,0
53930276,0,0,0,1,1,1,0,1,0
53953985,0,0,1,0,0,0,1,1,1
53959463,0,1,0,0,0,0,0,1,1
54034681,1,1,0,1,1,0,0,0,0
54134573,0,0,0,0,0,0,0,0,0
54142174,1,0,0,1,1,0,0,0,0
54155447,1,0,0,1,1,0,0,0,0
54238690,0,0,0,0,0,0,0,0,0
54239805,1,0,0,1,1,0,0,0,0
54343029,0,1,0,0,0,0,0,0,0
54383830,1,0,0,0,1,1,0,0,0
54395009,0,1,0,0,0,1,0,0,0
54449870,1,0,0,1,1,0,0,0,0
54506697,0,1,0,0,0,0,0,0,0
54531251,0,1,0,1,1,0,0,0,0
54675810,0,0,0,0,0,1,0,0,0
54676860,0,0,0,0,0,1,0,0,0
55253565,0,0,0,0,0,0,0,1,0
55295883,0,1,0,0,0,0,0,0,0
56618482,0,0,0,0,0,0,0,0,1
56843050,0,0,0,0,0,1,0,0,0
57250522,0,0,0,1,0,1,0,0,0
57347853,1,1,0,1,0,1,0,0,0
57347944,0,1,0,1,0,1,0,0,0
57349573,0,0,1,0,0,0,0,0,1
57353225,0,0,0,0,0,1,1,1,0
57355543,1,1,1,1,0,0,0,0,0
57357659,0,0,0,1,0,1,0,0,1
57370186,1,0,0,0,1,0,0,0,0
57371062,1,1,0,1,1,0,0,0,0
57458171,1,1,0,0,1,0,0,0,0
57509241,1,1,0,1,1,0,0,0,0
58105461,0,1,0,0,1,0,0,0,0
58165301,1,0,0,0,0,1,0,0,1
59744161,1,0,0,1,1,1,0,0,0
59912546,0,1,0,1,1,0,0,0,0
62692338,0,1,0,0,0,1,0,1,0
65130002,0,0,1,0,0,1,1,0,1
66026407,0,0,0,1,0,0,0,1,0
66930827,0,0,0,0,1,0,1,0,0
66963592,0,0,0,0,1,0,0,0,0
67120007,0,0,0,0,0,1,0,0,0
67253117,0,0,0,0,0,1,0,1,0
67253664,0,0,0,0,0,0,1,0,1
67531795,0,0,0,0,1,0,1,1,0
67890804,0,0,1,0,1,0,0,1,1
68031543,0,0,0,1,0,1,0,0,0
68411792,0,0,1,0,1,0,0,0,1
68968644,0,0,1,0,1,0,0,0,1
68968648,0,0,1,1,1,0,0,0,1
70418333,1,1,0,1,0,0,0,0,0
71349956,0,0,0,0,1,0,0,0,0
71355598,0,0,0,0,1,0,0,0,1
71356951,0,0,1,0,0,1,0,1,0
71364274,1,1,0,0,0,0,0,0,0
71366249,0,0,0,1,0,1,0,0,0
71397942,0,0,0,1,0,1,0,0,0
71406239,0,0,0,0,0,1,0,1,0
71407321,0,1,0,1,1,0,0,0,0
71468629,0,0,0,0,0,1,0,0,0
71586960,0,1,0,1,1,0,0,1,0
71587144,0,0,0,0,0,0,0,0,1
71587152,0,0,0,0,0,1,0,1,0
71587306,0,1,0,1,1,0,0,0,0
71587372,1,1,0,0,0,1,0,0,0
71587376,0,0,0,0,0,1,0,1,0
71587434,0,0,0,0,0,1,0,0,0
71587572,0,0,1,0,0,0,0,0,1
71587638,0,1,0,1,1,0,0,0,0
71587678,0,1,0,0,0,1,0,0,0
71587703,0,1,0,0,0,1,0,0,0
71587815,0,0,0,1,1,1,0,0,1
73456809,0,0,0,0,0,1,0,0,0
73555259,0,0,0,0,0,0,0,1,0
73604801,0,0,0,1,0,0,0,1,0
73811382,0,1,0,0,0,1,0,0,1
74934545,0,0,1,0,0,0,1,1,0
75987722,0,0,0,0,1,0,1,0,0
76852387,0,0,0,0,0,1,0,0,0
78067165,0,0,0,0,1,0,0,0,1
78122470,0,0,0,0,0,1,0,0,0
83043387,0,0,0,0,1,0,0,0,1
85377469,0,0,1,0,0,0,1,1,1
85423699,0,1,1,0,1,0,0,0,1
85431481,0,0,0,1,1,0,1,0,1
85438801,0,0,0,0,0,0,1,0,0
85445514,0,1,0,1,0,0,0,0,0
85517881,0,0,0,0,1,0,0,0,0
85644846,0,0,0,1,1,1,0,1,0
85686435,0,0,0,0,0,0,0,0,0
86194442,1,1,0,0,1,0,0,0,0
86250565,1,1,0,0,1,0,0,0,1
86258204,0,1,0,0,1,0,0,0,0
86278356,0,1,0,1,0,1,0,0,0
86280216,0,0,0,1,0,1,0,0,0
87287812,1,0,0,1,1,0,0,0,0
87734154,0,1,1,0,1,1,0,0,1
87786474,0,0,0,0,0,1,0,0,0
87985826,0,0,0,0,1,0,0,0,0
87986756,0,0,0,1,0,1,0,1,0
88090815,1,0,0,0,1,0,0,0,1
88168807,0,0,1,0,1,0,0,0,0
88326924,0,1,0,0,0,1,0,0,0
88572921,0,0,1,0,1,0,0,0,0
88706933,1,1,0,0,1,1,0,0,0
89610154,0,0,0,1,0,1,0,0,0
89886495,0,0,0,0,1,0,1,0,0
90476041,1,1,0,1,0,1,0,0,0
91300039,1,0,0,1,1,0,0,0,0
91753512,1,0,0,1,1,0,0,0,0
101292526,0,0,0,1,1,0,1,0,0
101297869,1,0,1,0,1,0,0,0,0
101588415,1,1,0,1,0,1,0,0,0
101599349,1,1,0,1,0,0,0,0,0
101635002,1,1,0,0,1,0,0,0,1
101653893,1,0,1,0,1,0,0,0,0
101821981,0,0,0,0,1,0,0,0,0
101834900,1,1,0,1,0,0,0,0,0
101834902,0,0,1,1,1,0,0,0,0
101834904,0,1,0,1,0,1,0,0,0
101950342,0,0,0,1,0,0,1,0,0
102283665,0,1,0,1,1,0,0,0,0
118655907,0,0,0,0,0,1,0,0,0
119096297,0,0,0,0,0,1,0,0,0
122423558,1,1,0,0,1,0,0,0,0
122423559,0,0,0,0,0,1,0,0,1
122683344,0,0,0,0,1,1,0,0,1
122715604,0,0,0,0,1,1,0,0,0
123385408,1,1,0,1,1,0,0,0,0
124155855,1,1,0,0,1,0,0,0,0
126696534,0,1,0,0,0,1,0,0,0
129700071,0,0,0,0,0,0,0,1,1
129702099,0,0,1,0,1,1,0,0,1
129717465,0,0,0,1,0,1,0,0,0
129806554,0,0,0,0,1,0,0,0,1
129821760,1,0,0,1,1,0,0,0,0
129847813,0,0,0,0,0,0,0,1,0
129864017,0,0,0,1,0,0,1,0,0
129968705,0,1,0,0,0,1,0,0,0
139559011,0,0,0,0,0,1,0,0,1
140029897,1,0,0,0,1,0,0,0,0
140045938,0,0,0,1,1,0,0,0,0
140045942,1,1,0,1,0,1,0,0,0
140045945,1,1,0,1,0,1,0,0,0
140045950,0,0,0,0,1,0,0,0,0
140045951,0,0,0,0,1,0,0,0,1
140045955,0,0,1,0,1,0,0,0,0
140045960,0,1,0,1,0,1,0,0,0
140045973,1,1,0,1,0,0,0,0,0
140045980,0,0,0,1,0,0,0,0,0
140760926,1,1,0,0,1,0,0,0,0
141217835,0,1,0,0,0,1,0,0,0
142762796,0,1,0,0,0,1,0,0,0
142775203,1,0,0,0,1,1,0,0,0
146677681,1,1,0,1,0,1,0,0,0
146679225,1,1,0,1,0,1,0,0,0
146679297,0,1,0,1,0,1,0,0,0
148244304,1,0,0,0,1,0,0,0,1
148244548,1,0,0,1,1,0,0,0,0
148547519,0,0,0,1,1,0,0,0,0
149252478,1,0,0,0,1,0,0,0,1
150030476,0,0,0,1,1,0,0,0,0
150356494,1,1,0,0,0,1,0,0,1
151211444,0,1,0,0,0,1,0,0,0
151986522,1,1,0,1,0,0,0,0,0
153303552,0,0,0,0,1,0,0,0,1
154236401,0,1,0,0,1,1,0,0,0
154241350,0,0,0,1,0,1,0,0,0
155323379,0,1,0,0,0,1,0,0,0
158699780,1,1,0,0,1,0,0,0,1
161504856,1,1,0,1,1,0,0,0,0
162353069,0,0,0,1,1,1,0,0,0
